City,State,Link
Hoboken,NJ,https://www.instagram.com/explore/tags/hoboken/
La Crosse,WI,https://www.instagram.com/explore/tags/lacrossewi/
Chapel Hill,NC,https://www.instagram.com/explore/tags/chapelhill/
Lancaster,PA,https://www.instagram.com/explore/tags/lancasterpa/
New Brunswick,NJ,https://www.instagram.com/explore/tags/newbrunswicknj/
"Manhattan, KS",KS,https://www.instagram.com/explore/tags/manhattanks/
Lakewood,OH,https://www.instagram.com/explore/tags/lakewoodohio/
Royal Oak,MI,https://www.instagram.com/explore/tags/royaloakmi/
San Marcos,TX,https://www.instagram.com/explore/tags/sanmarcos/
Sarasota,FL,https://www.instagram.com/explore/tags/sarasota/
Mumbai,IN,https://www.instagram.com/explore/tags/mumbai/
