tag1,tag2
getoutside,fall
getoutside,manhattanks
getoutside,kansas
getoutside,themoon
getoutside,flinthills
getoutside,manhattan
fall,manhattanks
fall,kansas
fall,themoon
fall,flinthills
fall,manhattan
manhattanks,kansas
manhattanks,themoon
manhattanks,flinthills
manhattanks,manhattan
kansas,themoon
kansas,flinthills
kansas,manhattan
themoon,flinthills
themoon,manhattan
flinthills,manhattan
adventureswithDakota,eveningstroll
adventureswithDakota,manhattanks
adventureswithDakota,home
eveningstroll,manhattanks
eveningstroll,home
manhattanks,home
allstarcheer,jaglife
allstarcheer,j2
allstarcheer,cheerstrong
allstarcheer,mhk
allstarcheer,manhattanks
allstarcheer,littleapple
jaglife,j2
jaglife,cheerstrong
jaglife,mhk
jaglife,manhattanks
jaglife,littleapple
j2,cheerstrong
j2,mhk
j2,manhattanks
j2,littleapple
cheerstrong,mhk
cheerstrong,manhattanks
cheerstrong,littleapple
mhk,manhattanks
mhk,littleapple
manhattanks,littleapple
carpetcleanse,carpetcleaning
carpetcleanse,clean
carpetcleanse,smallbusinessowner
carpetcleanse,service
carpetcleaning,clean
carpetcleaning,smallbusinessowner
carpetcleaning,service
clean,smallbusinessowner
clean,service
smallbusinessowner,service
timeforlashes,lashspaboutiqueMHK
timeforlashes,eyelashextensions
timeforlashes,lashes
timeforlashes,beforeandafter
timeforlashes,lashlove
timeforlashes,weddinglashes
timeforlashes,manhattanks
lashspaboutiqueMHK,eyelashextensions
lashspaboutiqueMHK,lashes
lashspaboutiqueMHK,beforeandafter
lashspaboutiqueMHK,lashlove
lashspaboutiqueMHK,weddinglashes
lashspaboutiqueMHK,manhattanks
eyelashextensions,lashes
eyelashextensions,beforeandafter
eyelashextensions,lashlove
eyelashextensions,weddinglashes
eyelashextensions,manhattanks
lashes,beforeandafter
lashes,lashlove
lashes,weddinglashes
lashes,manhattanks
beforeandafter,lashlove
beforeandafter,weddinglashes
beforeandafter,manhattanks
lashlove,weddinglashes
lashlove,manhattanks
weddinglashes,manhattanks
LipSense,LipstickAddict
LipSense,LipSense
LipSense,Mhk
LipSense,ManhattanKs
LipstickAddict,LipSense
LipstickAddict,Mhk
LipstickAddict,ManhattanKs
LipSense,Mhk
LipSense,ManhattanKs
Mhk,ManhattanKs
FortRiley,JunctionCity
FortRiley,Kansas
FortRiley,realestatephotography
FortRiley,manhattanks
FortRiley,junctioncityks
JunctionCity,Kansas
JunctionCity,realestatephotography
JunctionCity,manhattanks
JunctionCity,junctioncityks
Kansas,realestatephotography
Kansas,manhattanks
Kansas,junctioncityks
realestatephotography,manhattanks
realestatephotography,junctioncityks
manhattanks,junctioncityks
postthepeople,agameofportraits
postthepeople,HypeBeast
postthepeople,ig_mood
postthepeople,featuredpalette
postthepeople,makeportraits
postthepeople,humaneffect
postthepeople,featuremeofh
postthepeople,postmoreportraits
postthepeople,portraitisreligion
postthepeople,portrait_perfection
postthepeople,portraitphotography
postthepeople,portraiture
postthepeople,rsa_portraits
postthepeople,quietthechaos
postthepeople,portraitpage
postthepeople,pursuitofportraits
postthepeople,manhattan
postthepeople,manhattanks
postthepeople,kansas
postthepeople,mccks
postthepeople,sundayfunday
postthepeople,sunday
postthepeople,hashtag
agameofportraits,HypeBeast
agameofportraits,ig_mood
agameofportraits,featuredpalette
agameofportraits,makeportraits
agameofportraits,humaneffect
agameofportraits,featuremeofh
agameofportraits,postmoreportraits
agameofportraits,portraitisreligion
agameofportraits,portrait_perfection
agameofportraits,portraitphotography
agameofportraits,portraiture
agameofportraits,rsa_portraits
agameofportraits,quietthechaos
agameofportraits,portraitpage
agameofportraits,pursuitofportraits
agameofportraits,manhattan
agameofportraits,manhattanks
agameofportraits,kansas
agameofportraits,mccks
agameofportraits,sundayfunday
agameofportraits,sunday
agameofportraits,hashtag
HypeBeast,ig_mood
HypeBeast,featuredpalette
HypeBeast,makeportraits
HypeBeast,humaneffect
HypeBeast,featuremeofh
HypeBeast,postmoreportraits
HypeBeast,portraitisreligion
HypeBeast,portrait_perfection
HypeBeast,portraitphotography
HypeBeast,portraiture
HypeBeast,rsa_portraits
HypeBeast,quietthechaos
HypeBeast,portraitpage
HypeBeast,pursuitofportraits
HypeBeast,manhattan
HypeBeast,manhattanks
HypeBeast,kansas
HypeBeast,mccks
HypeBeast,sundayfunday
HypeBeast,sunday
HypeBeast,hashtag
ig_mood,featuredpalette
ig_mood,makeportraits
ig_mood,humaneffect
ig_mood,featuremeofh
ig_mood,postmoreportraits
ig_mood,portraitisreligion
ig_mood,portrait_perfection
ig_mood,portraitphotography
ig_mood,portraiture
ig_mood,rsa_portraits
ig_mood,quietthechaos
ig_mood,portraitpage
ig_mood,pursuitofportraits
ig_mood,manhattan
ig_mood,manhattanks
ig_mood,kansas
ig_mood,mccks
ig_mood,sundayfunday
ig_mood,sunday
ig_mood,hashtag
featuredpalette,makeportraits
featuredpalette,humaneffect
featuredpalette,featuremeofh
featuredpalette,postmoreportraits
featuredpalette,portraitisreligion
featuredpalette,portrait_perfection
featuredpalette,portraitphotography
featuredpalette,portraiture
featuredpalette,rsa_portraits
featuredpalette,quietthechaos
featuredpalette,portraitpage
featuredpalette,pursuitofportraits
featuredpalette,manhattan
featuredpalette,manhattanks
featuredpalette,kansas
featuredpalette,mccks
featuredpalette,sundayfunday
featuredpalette,sunday
featuredpalette,hashtag
makeportraits,humaneffect
makeportraits,featuremeofh
makeportraits,postmoreportraits
makeportraits,portraitisreligion
makeportraits,portrait_perfection
makeportraits,portraitphotography
makeportraits,portraiture
makeportraits,rsa_portraits
makeportraits,quietthechaos
makeportraits,portraitpage
makeportraits,pursuitofportraits
makeportraits,manhattan
makeportraits,manhattanks
makeportraits,kansas
makeportraits,mccks
makeportraits,sundayfunday
makeportraits,sunday
makeportraits,hashtag
humaneffect,featuremeofh
humaneffect,postmoreportraits
humaneffect,portraitisreligion
humaneffect,portrait_perfection
humaneffect,portraitphotography
humaneffect,portraiture
humaneffect,rsa_portraits
humaneffect,quietthechaos
humaneffect,portraitpage
humaneffect,pursuitofportraits
humaneffect,manhattan
humaneffect,manhattanks
humaneffect,kansas
humaneffect,mccks
humaneffect,sundayfunday
humaneffect,sunday
humaneffect,hashtag
featuremeofh,postmoreportraits
featuremeofh,portraitisreligion
featuremeofh,portrait_perfection
featuremeofh,portraitphotography
featuremeofh,portraiture
featuremeofh,rsa_portraits
featuremeofh,quietthechaos
featuremeofh,portraitpage
featuremeofh,pursuitofportraits
featuremeofh,manhattan
featuremeofh,manhattanks
featuremeofh,kansas
featuremeofh,mccks
featuremeofh,sundayfunday
featuremeofh,sunday
featuremeofh,hashtag
postmoreportraits,portraitisreligion
postmoreportraits,portrait_perfection
postmoreportraits,portraitphotography
postmoreportraits,portraiture
postmoreportraits,rsa_portraits
postmoreportraits,quietthechaos
postmoreportraits,portraitpage
postmoreportraits,pursuitofportraits
postmoreportraits,manhattan
postmoreportraits,manhattanks
postmoreportraits,kansas
postmoreportraits,mccks
postmoreportraits,sundayfunday
postmoreportraits,sunday
postmoreportraits,hashtag
portraitisreligion,portrait_perfection
portraitisreligion,portraitphotography
portraitisreligion,portraiture
portraitisreligion,rsa_portraits
portraitisreligion,quietthechaos
portraitisreligion,portraitpage
portraitisreligion,pursuitofportraits
portraitisreligion,manhattan
portraitisreligion,manhattanks
portraitisreligion,kansas
portraitisreligion,mccks
portraitisreligion,sundayfunday
portraitisreligion,sunday
portraitisreligion,hashtag
portrait_perfection,portraitphotography
portrait_perfection,portraiture
portrait_perfection,rsa_portraits
portrait_perfection,quietthechaos
portrait_perfection,portraitpage
portrait_perfection,pursuitofportraits
portrait_perfection,manhattan
portrait_perfection,manhattanks
portrait_perfection,kansas
portrait_perfection,mccks
portrait_perfection,sundayfunday
portrait_perfection,sunday
portrait_perfection,hashtag
portraitphotography,portraiture
portraitphotography,rsa_portraits
portraitphotography,quietthechaos
portraitphotography,portraitpage
portraitphotography,pursuitofportraits
portraitphotography,manhattan
portraitphotography,manhattanks
portraitphotography,kansas
portraitphotography,mccks
portraitphotography,sundayfunday
portraitphotography,sunday
portraitphotography,hashtag
portraiture,rsa_portraits
portraiture,quietthechaos
portraiture,portraitpage
portraiture,pursuitofportraits
portraiture,manhattan
portraiture,manhattanks
portraiture,kansas
portraiture,mccks
portraiture,sundayfunday
portraiture,sunday
portraiture,hashtag
rsa_portraits,quietthechaos
rsa_portraits,portraitpage
rsa_portraits,pursuitofportraits
rsa_portraits,manhattan
rsa_portraits,manhattanks
rsa_portraits,kansas
rsa_portraits,mccks
rsa_portraits,sundayfunday
rsa_portraits,sunday
rsa_portraits,hashtag
quietthechaos,portraitpage
quietthechaos,pursuitofportraits
quietthechaos,manhattan
quietthechaos,manhattanks
quietthechaos,kansas
quietthechaos,mccks
quietthechaos,sundayfunday
quietthechaos,sunday
quietthechaos,hashtag
portraitpage,pursuitofportraits
portraitpage,manhattan
portraitpage,manhattanks
portraitpage,kansas
portraitpage,mccks
portraitpage,sundayfunday
portraitpage,sunday
portraitpage,hashtag
pursuitofportraits,manhattan
pursuitofportraits,manhattanks
pursuitofportraits,kansas
pursuitofportraits,mccks
pursuitofportraits,sundayfunday
pursuitofportraits,sunday
pursuitofportraits,hashtag
manhattan,manhattanks
manhattan,kansas
manhattan,mccks
manhattan,sundayfunday
manhattan,sunday
manhattan,hashtag
manhattanks,kansas
manhattanks,mccks
manhattanks,sundayfunday
manhattanks,sunday
manhattanks,hashtag
kansas,mccks
kansas,sundayfunday
kansas,sunday
kansas,hashtag
mccks,sundayfunday
mccks,sunday
mccks,hashtag
sundayfunday,sunday
sundayfunday,hashtag
sunday,hashtag
supermoon,manhattanks
starbucks,EverydayManhattanKS
starbucks,ManhattanKS
starbucks,Kansas
starbucks,EverydayOS
starbucks,NOV16
EverydayManhattanKS,ManhattanKS
EverydayManhattanKS,Kansas
EverydayManhattanKS,EverydayOS
EverydayManhattanKS,NOV16
ManhattanKS,Kansas
ManhattanKS,EverydayOS
ManhattanKS,NOV16
Kansas,EverydayOS
Kansas,NOV16
EverydayOS,NOV16
tallgrassbrewingcompany,tallgrass
tallgrassbrewingcompany,idaho7
tallgrassbrewingcompany,ipa
tallgrassbrewingcompany,hops
tallgrassbrewingcompany,craftbeer
tallgrassbrewingcompany,manhattanks
tallgrassbrewingcompany,ipa
tallgrass,idaho7
tallgrass,ipa
tallgrass,hops
tallgrass,craftbeer
tallgrass,manhattanks
tallgrass,ipa
idaho7,ipa
idaho7,hops
idaho7,craftbeer
idaho7,manhattanks
idaho7,ipa
ipa,hops
ipa,craftbeer
ipa,manhattanks
ipa,ipa
hops,craftbeer
hops,manhattanks
hops,ipa
craftbeer,manhattanks
craftbeer,ipa
manhattanks,ipa
bmx,bmxtrails
bmx,manhattanks
bmx,ridedirt
bmx,kansas
bmxtrails,manhattanks
bmxtrails,ridedirt
bmxtrails,kansas
manhattanks,ridedirt
manhattanks,kansas
ridedirt,kansas
tabby,humanesociety
tabby,fostercat
tabby,topeka
tabby,kstate
tabby,manhattanks
tabby,mhk
tabby,omaha
tabby,wamego
tabby,junctioncityks
tabby,fortriley
humanesociety,fostercat
humanesociety,topeka
humanesociety,kstate
humanesociety,manhattanks
humanesociety,mhk
humanesociety,omaha
humanesociety,wamego
humanesociety,junctioncityks
humanesociety,fortriley
fostercat,topeka
fostercat,kstate
fostercat,manhattanks
fostercat,mhk
fostercat,omaha
fostercat,wamego
fostercat,junctioncityks
fostercat,fortriley
topeka,kstate
topeka,manhattanks
topeka,mhk
topeka,omaha
topeka,wamego
topeka,junctioncityks
topeka,fortriley
kstate,manhattanks
kstate,mhk
kstate,omaha
kstate,wamego
kstate,junctioncityks
kstate,fortriley
manhattanks,mhk
manhattanks,omaha
manhattanks,wamego
manhattanks,junctioncityks
manhattanks,fortriley
mhk,omaha
mhk,wamego
mhk,junctioncityks
mhk,fortriley
omaha,wamego
omaha,junctioncityks
omaha,fortriley
wamego,junctioncityks
wamego,fortriley
junctioncityks,fortriley
Repost,stockyards
Repost,texascountry
Repost,thewareham
Repost,manhattanks
stockyards,texascountry
stockyards,thewareham
stockyards,manhattanks
texascountry,thewareham
texascountry,manhattanks
thewareham,manhattanks
MHK,kstate
MHK,ksu
MHK,kansasstate
MHK,manhattanks
MHK,aggieville
kstate,ksu
kstate,kansasstate
kstate,manhattanks
kstate,aggieville
ksu,kansasstate
ksu,manhattanks
ksu,aggieville
kansasstate,manhattanks
kansasstate,aggieville
manhattanks,aggieville
kansaslife,kansas
kansaslife,manhattanks
kansaslife,wine
kansaslife,cider
kansas,manhattanks
kansas,wine
kansas,cider
manhattanks,wine
manhattanks,cider
wine,cider
bmx,bmxtrails
bmx,manhattanks
bmx,ridedirt
bmx,kansas
bmxtrails,manhattanks
bmxtrails,ridedirt
bmxtrails,kansas
manhattanks,ridedirt
manhattanks,kansas
ridedirt,kansas
supermoon,manhattanks
LipSense,LipstickAddict
LipSense,LipSense
LipSense,Mhk
LipSense,ManhattanKs
LipstickAddict,LipSense
LipstickAddict,Mhk
LipstickAddict,ManhattanKs
LipSense,Mhk
LipSense,ManhattanKs
Mhk,ManhattanKs
kstate,kstatewildcats
kstate,kansasstate
kstate,manhattanks
kstatewildcats,kansasstate
kstatewildcats,manhattanks
kansasstate,manhattanks
konzaprairie,kansasmag
konzaprairie,manhattanks
konzaprairie,wichitaphotographer
kansasmag,manhattanks
kansasmag,wichitaphotographer
manhattanks,wichitaphotographer
postthepeople,agameofportraits
postthepeople,HypeBeast
postthepeople,ig_mood
postthepeople,featuredpalette
postthepeople,makeportraits
postthepeople,humaneffect
postthepeople,featuremeofh
postthepeople,postmoreportraits
postthepeople,portraitisreligion
postthepeople,portrait_perfection
postthepeople,portraitphotography
postthepeople,portraiture
postthepeople,rsa_portraits
postthepeople,quietthechaos
postthepeople,portraitpage
postthepeople,pursuitofportraits
postthepeople,manhattan
postthepeople,manhattanks
postthepeople,kansas
postthepeople,mccks
postthepeople,sundayfunday
postthepeople,sunday
postthepeople,hashtag
agameofportraits,HypeBeast
agameofportraits,ig_mood
agameofportraits,featuredpalette
agameofportraits,makeportraits
agameofportraits,humaneffect
agameofportraits,featuremeofh
agameofportraits,postmoreportraits
agameofportraits,portraitisreligion
agameofportraits,portrait_perfection
agameofportraits,portraitphotography
agameofportraits,portraiture
agameofportraits,rsa_portraits
agameofportraits,quietthechaos
agameofportraits,portraitpage
agameofportraits,pursuitofportraits
agameofportraits,manhattan
agameofportraits,manhattanks
agameofportraits,kansas
agameofportraits,mccks
agameofportraits,sundayfunday
agameofportraits,sunday
agameofportraits,hashtag
HypeBeast,ig_mood
HypeBeast,featuredpalette
HypeBeast,makeportraits
HypeBeast,humaneffect
HypeBeast,featuremeofh
HypeBeast,postmoreportraits
HypeBeast,portraitisreligion
HypeBeast,portrait_perfection
HypeBeast,portraitphotography
HypeBeast,portraiture
HypeBeast,rsa_portraits
HypeBeast,quietthechaos
HypeBeast,portraitpage
HypeBeast,pursuitofportraits
HypeBeast,manhattan
HypeBeast,manhattanks
HypeBeast,kansas
HypeBeast,mccks
HypeBeast,sundayfunday
HypeBeast,sunday
HypeBeast,hashtag
ig_mood,featuredpalette
ig_mood,makeportraits
ig_mood,humaneffect
ig_mood,featuremeofh
ig_mood,postmoreportraits
ig_mood,portraitisreligion
ig_mood,portrait_perfection
ig_mood,portraitphotography
ig_mood,portraiture
ig_mood,rsa_portraits
ig_mood,quietthechaos
ig_mood,portraitpage
ig_mood,pursuitofportraits
ig_mood,manhattan
ig_mood,manhattanks
ig_mood,kansas
ig_mood,mccks
ig_mood,sundayfunday
ig_mood,sunday
ig_mood,hashtag
featuredpalette,makeportraits
featuredpalette,humaneffect
featuredpalette,featuremeofh
featuredpalette,postmoreportraits
featuredpalette,portraitisreligion
featuredpalette,portrait_perfection
featuredpalette,portraitphotography
featuredpalette,portraiture
featuredpalette,rsa_portraits
featuredpalette,quietthechaos
featuredpalette,portraitpage
featuredpalette,pursuitofportraits
featuredpalette,manhattan
featuredpalette,manhattanks
featuredpalette,kansas
featuredpalette,mccks
featuredpalette,sundayfunday
featuredpalette,sunday
featuredpalette,hashtag
makeportraits,humaneffect
makeportraits,featuremeofh
makeportraits,postmoreportraits
makeportraits,portraitisreligion
makeportraits,portrait_perfection
makeportraits,portraitphotography
makeportraits,portraiture
makeportraits,rsa_portraits
makeportraits,quietthechaos
makeportraits,portraitpage
makeportraits,pursuitofportraits
makeportraits,manhattan
makeportraits,manhattanks
makeportraits,kansas
makeportraits,mccks
makeportraits,sundayfunday
makeportraits,sunday
makeportraits,hashtag
humaneffect,featuremeofh
humaneffect,postmoreportraits
humaneffect,portraitisreligion
humaneffect,portrait_perfection
humaneffect,portraitphotography
humaneffect,portraiture
humaneffect,rsa_portraits
humaneffect,quietthechaos
humaneffect,portraitpage
humaneffect,pursuitofportraits
humaneffect,manhattan
humaneffect,manhattanks
humaneffect,kansas
humaneffect,mccks
humaneffect,sundayfunday
humaneffect,sunday
humaneffect,hashtag
featuremeofh,postmoreportraits
featuremeofh,portraitisreligion
featuremeofh,portrait_perfection
featuremeofh,portraitphotography
featuremeofh,portraiture
featuremeofh,rsa_portraits
featuremeofh,quietthechaos
featuremeofh,portraitpage
featuremeofh,pursuitofportraits
featuremeofh,manhattan
featuremeofh,manhattanks
featuremeofh,kansas
featuremeofh,mccks
featuremeofh,sundayfunday
featuremeofh,sunday
featuremeofh,hashtag
postmoreportraits,portraitisreligion
postmoreportraits,portrait_perfection
postmoreportraits,portraitphotography
postmoreportraits,portraiture
postmoreportraits,rsa_portraits
postmoreportraits,quietthechaos
postmoreportraits,portraitpage
postmoreportraits,pursuitofportraits
postmoreportraits,manhattan
postmoreportraits,manhattanks
postmoreportraits,kansas
postmoreportraits,mccks
postmoreportraits,sundayfunday
postmoreportraits,sunday
postmoreportraits,hashtag
portraitisreligion,portrait_perfection
portraitisreligion,portraitphotography
portraitisreligion,portraiture
portraitisreligion,rsa_portraits
portraitisreligion,quietthechaos
portraitisreligion,portraitpage
portraitisreligion,pursuitofportraits
portraitisreligion,manhattan
portraitisreligion,manhattanks
portraitisreligion,kansas
portraitisreligion,mccks
portraitisreligion,sundayfunday
portraitisreligion,sunday
portraitisreligion,hashtag
portrait_perfection,portraitphotography
portrait_perfection,portraiture
portrait_perfection,rsa_portraits
portrait_perfection,quietthechaos
portrait_perfection,portraitpage
portrait_perfection,pursuitofportraits
portrait_perfection,manhattan
portrait_perfection,manhattanks
portrait_perfection,kansas
portrait_perfection,mccks
portrait_perfection,sundayfunday
portrait_perfection,sunday
portrait_perfection,hashtag
portraitphotography,portraiture
portraitphotography,rsa_portraits
portraitphotography,quietthechaos
portraitphotography,portraitpage
portraitphotography,pursuitofportraits
portraitphotography,manhattan
portraitphotography,manhattanks
portraitphotography,kansas
portraitphotography,mccks
portraitphotography,sundayfunday
portraitphotography,sunday
portraitphotography,hashtag
portraiture,rsa_portraits
portraiture,quietthechaos
portraiture,portraitpage
portraiture,pursuitofportraits
portraiture,manhattan
portraiture,manhattanks
portraiture,kansas
portraiture,mccks
portraiture,sundayfunday
portraiture,sunday
portraiture,hashtag
rsa_portraits,quietthechaos
rsa_portraits,portraitpage
rsa_portraits,pursuitofportraits
rsa_portraits,manhattan
rsa_portraits,manhattanks
rsa_portraits,kansas
rsa_portraits,mccks
rsa_portraits,sundayfunday
rsa_portraits,sunday
rsa_portraits,hashtag
quietthechaos,portraitpage
quietthechaos,pursuitofportraits
quietthechaos,manhattan
quietthechaos,manhattanks
quietthechaos,kansas
quietthechaos,mccks
quietthechaos,sundayfunday
quietthechaos,sunday
quietthechaos,hashtag
portraitpage,pursuitofportraits
portraitpage,manhattan
portraitpage,manhattanks
portraitpage,kansas
portraitpage,mccks
portraitpage,sundayfunday
portraitpage,sunday
portraitpage,hashtag
pursuitofportraits,manhattan
pursuitofportraits,manhattanks
pursuitofportraits,kansas
pursuitofportraits,mccks
pursuitofportraits,sundayfunday
pursuitofportraits,sunday
pursuitofportraits,hashtag
manhattan,manhattanks
manhattan,kansas
manhattan,mccks
manhattan,sundayfunday
manhattan,sunday
manhattan,hashtag
manhattanks,kansas
manhattanks,mccks
manhattanks,sundayfunday
manhattanks,sunday
manhattanks,hashtag
kansas,mccks
kansas,sundayfunday
kansas,sunday
kansas,hashtag
mccks,sundayfunday
mccks,sunday
mccks,hashtag
sundayfunday,sunday
sundayfunday,hashtag
sunday,hashtag
varsitydonuts,mhklovers
varsitydonuts,manhattanks
mhklovers,manhattanks
tag1,tag2
1stphorm,legionofboom
1stphorm,iam1stphorm
1stphorm,lvft
1stphorm,manhattanks
1stphorm,tallgirls
1stphorm,girlswholift
1stphorm,
legionofboom,iam1stphorm
legionofboom,lvft
legionofboom,manhattanks
legionofboom,tallgirls
legionofboom,girlswholift
legionofboom,
iam1stphorm,lvft
iam1stphorm,manhattanks
iam1stphorm,tallgirls
iam1stphorm,girlswholift
iam1stphorm,
lvft,manhattanks
lvft,tallgirls
lvft,girlswholift
lvft,
manhattanks,tallgirls
manhattanks,girlswholift
manhattanks,
tallgirls,girlswholift
tallgirls,
girlswholift,
lightroom,adobelightroom
lightroom,kansas
lightroom,manhattanks
lightroom,thelittleapple
lightroom,setlife
lightroom,travelstoke
lightroom,explore
lightroom,exploringKansas
lightroom,exploringmanhattanks
lightroom,alwaysgo
lightroom,justgo
lightroom,travel
lightroom,sharingKS
lightroom,sharingmanhattanks
lightroom,enlight
lightroom,co
lightroom,wizardofoz
lightroom,IgersDenver
lightroom,ColoradoCameraClub
lightroom,Coloradogram
lightroom,InstaGood
lightroom,sunset
lightroom,anothersunset
lightroom,clouds
lightroom,sofuckingbasic
lightroom,theothermanhattan
adobelightroom,kansas
adobelightroom,manhattanks
adobelightroom,thelittleapple
adobelightroom,setlife
adobelightroom,travelstoke
adobelightroom,explore
adobelightroom,exploringKansas
adobelightroom,exploringmanhattanks
adobelightroom,alwaysgo
adobelightroom,justgo
adobelightroom,travel
adobelightroom,sharingKS
adobelightroom,sharingmanhattanks
adobelightroom,enlight
adobelightroom,co
adobelightroom,wizardofoz
adobelightroom,IgersDenver
adobelightroom,ColoradoCameraClub
adobelightroom,Coloradogram
adobelightroom,InstaGood
adobelightroom,sunset
adobelightroom,anothersunset
adobelightroom,clouds
adobelightroom,sofuckingbasic
adobelightroom,theothermanhattan
kansas,manhattanks
kansas,thelittleapple
kansas,setlife
kansas,travelstoke
kansas,explore
kansas,exploringKansas
kansas,exploringmanhattanks
kansas,alwaysgo
kansas,justgo
kansas,travel
kansas,sharingKS
kansas,sharingmanhattanks
kansas,enlight
kansas,co
kansas,wizardofoz
kansas,IgersDenver
kansas,ColoradoCameraClub
kansas,Coloradogram
kansas,InstaGood
kansas,sunset
kansas,anothersunset
kansas,clouds
kansas,sofuckingbasic
kansas,theothermanhattan
manhattanks,thelittleapple
manhattanks,setlife
manhattanks,travelstoke
manhattanks,explore
manhattanks,exploringKansas
manhattanks,exploringmanhattanks
manhattanks,alwaysgo
manhattanks,justgo
manhattanks,travel
manhattanks,sharingKS
manhattanks,sharingmanhattanks
manhattanks,enlight
manhattanks,co
manhattanks,wizardofoz
manhattanks,IgersDenver
manhattanks,ColoradoCameraClub
manhattanks,Coloradogram
manhattanks,InstaGood
manhattanks,sunset
manhattanks,anothersunset
manhattanks,clouds
manhattanks,sofuckingbasic
manhattanks,theothermanhattan
thelittleapple,setlife
thelittleapple,travelstoke
thelittleapple,explore
thelittleapple,exploringKansas
thelittleapple,exploringmanhattanks
thelittleapple,alwaysgo
thelittleapple,justgo
thelittleapple,travel
thelittleapple,sharingKS
thelittleapple,sharingmanhattanks
thelittleapple,enlight
thelittleapple,co
thelittleapple,wizardofoz
thelittleapple,IgersDenver
thelittleapple,ColoradoCameraClub
thelittleapple,Coloradogram
thelittleapple,InstaGood
thelittleapple,sunset
thelittleapple,anothersunset
thelittleapple,clouds
thelittleapple,sofuckingbasic
thelittleapple,theothermanhattan
setlife,travelstoke
setlife,explore
setlife,exploringKansas
setlife,exploringmanhattanks
setlife,alwaysgo
setlife,justgo
setlife,travel
setlife,sharingKS
setlife,sharingmanhattanks
setlife,enlight
setlife,co
setlife,wizardofoz
setlife,IgersDenver
setlife,ColoradoCameraClub
setlife,Coloradogram
setlife,InstaGood
setlife,sunset
setlife,anothersunset
setlife,clouds
setlife,sofuckingbasic
setlife,theothermanhattan
travelstoke,explore
travelstoke,exploringKansas
travelstoke,exploringmanhattanks
travelstoke,alwaysgo
travelstoke,justgo
travelstoke,travel
travelstoke,sharingKS
travelstoke,sharingmanhattanks
travelstoke,enlight
travelstoke,co
travelstoke,wizardofoz
travelstoke,IgersDenver
travelstoke,ColoradoCameraClub
travelstoke,Coloradogram
travelstoke,InstaGood
travelstoke,sunset
travelstoke,anothersunset
travelstoke,clouds
travelstoke,sofuckingbasic
travelstoke,theothermanhattan
explore,exploringKansas
explore,exploringmanhattanks
explore,alwaysgo
explore,justgo
explore,travel
explore,sharingKS
explore,sharingmanhattanks
explore,enlight
explore,co
explore,wizardofoz
explore,IgersDenver
explore,ColoradoCameraClub
explore,Coloradogram
explore,InstaGood
explore,sunset
explore,anothersunset
explore,clouds
explore,sofuckingbasic
explore,theothermanhattan
exploringKansas,exploringmanhattanks
exploringKansas,alwaysgo
exploringKansas,justgo
exploringKansas,travel
exploringKansas,sharingKS
exploringKansas,sharingmanhattanks
exploringKansas,enlight
exploringKansas,co
exploringKansas,wizardofoz
exploringKansas,IgersDenver
exploringKansas,ColoradoCameraClub
exploringKansas,Coloradogram
exploringKansas,InstaGood
exploringKansas,sunset
exploringKansas,anothersunset
exploringKansas,clouds
exploringKansas,sofuckingbasic
exploringKansas,theothermanhattan
exploringmanhattanks,alwaysgo
exploringmanhattanks,justgo
exploringmanhattanks,travel
exploringmanhattanks,sharingKS
exploringmanhattanks,sharingmanhattanks
exploringmanhattanks,enlight
exploringmanhattanks,co
exploringmanhattanks,wizardofoz
exploringmanhattanks,IgersDenver
exploringmanhattanks,ColoradoCameraClub
exploringmanhattanks,Coloradogram
exploringmanhattanks,InstaGood
exploringmanhattanks,sunset
exploringmanhattanks,anothersunset
exploringmanhattanks,clouds
exploringmanhattanks,sofuckingbasic
exploringmanhattanks,theothermanhattan
alwaysgo,justgo
alwaysgo,travel
alwaysgo,sharingKS
alwaysgo,sharingmanhattanks
alwaysgo,enlight
alwaysgo,co
alwaysgo,wizardofoz
alwaysgo,IgersDenver
alwaysgo,ColoradoCameraClub
alwaysgo,Coloradogram
alwaysgo,InstaGood
alwaysgo,sunset
alwaysgo,anothersunset
alwaysgo,clouds
alwaysgo,sofuckingbasic
alwaysgo,theothermanhattan
justgo,travel
justgo,sharingKS
justgo,sharingmanhattanks
justgo,enlight
justgo,co
justgo,wizardofoz
justgo,IgersDenver
justgo,ColoradoCameraClub
justgo,Coloradogram
justgo,InstaGood
justgo,sunset
justgo,anothersunset
justgo,clouds
justgo,sofuckingbasic
justgo,theothermanhattan
travel,sharingKS
travel,sharingmanhattanks
travel,enlight
travel,co
travel,wizardofoz
travel,IgersDenver
travel,ColoradoCameraClub
travel,Coloradogram
travel,InstaGood
travel,sunset
travel,anothersunset
travel,clouds
travel,sofuckingbasic
travel,theothermanhattan
sharingKS,sharingmanhattanks
sharingKS,enlight
sharingKS,co
sharingKS,wizardofoz
sharingKS,IgersDenver
sharingKS,ColoradoCameraClub
sharingKS,Coloradogram
sharingKS,InstaGood
sharingKS,sunset
sharingKS,anothersunset
sharingKS,clouds
sharingKS,sofuckingbasic
sharingKS,theothermanhattan
sharingmanhattanks,enlight
sharingmanhattanks,co
sharingmanhattanks,wizardofoz
sharingmanhattanks,IgersDenver
sharingmanhattanks,ColoradoCameraClub
sharingmanhattanks,Coloradogram
sharingmanhattanks,InstaGood
sharingmanhattanks,sunset
sharingmanhattanks,anothersunset
sharingmanhattanks,clouds
sharingmanhattanks,sofuckingbasic
sharingmanhattanks,theothermanhattan
enlight,co
enlight,wizardofoz
enlight,IgersDenver
enlight,ColoradoCameraClub
enlight,Coloradogram
enlight,InstaGood
enlight,sunset
enlight,anothersunset
enlight,clouds
enlight,sofuckingbasic
enlight,theothermanhattan
co,wizardofoz
co,IgersDenver
co,ColoradoCameraClub
co,Coloradogram
co,InstaGood
co,sunset
co,anothersunset
co,clouds
co,sofuckingbasic
co,theothermanhattan
wizardofoz,IgersDenver
wizardofoz,ColoradoCameraClub
wizardofoz,Coloradogram
wizardofoz,InstaGood
wizardofoz,sunset
wizardofoz,anothersunset
wizardofoz,clouds
wizardofoz,sofuckingbasic
wizardofoz,theothermanhattan
IgersDenver,ColoradoCameraClub
IgersDenver,Coloradogram
IgersDenver,InstaGood
IgersDenver,sunset
IgersDenver,anothersunset
IgersDenver,clouds
IgersDenver,sofuckingbasic
IgersDenver,theothermanhattan
ColoradoCameraClub,Coloradogram
ColoradoCameraClub,InstaGood
ColoradoCameraClub,sunset
ColoradoCameraClub,anothersunset
ColoradoCameraClub,clouds
ColoradoCameraClub,sofuckingbasic
ColoradoCameraClub,theothermanhattan
Coloradogram,InstaGood
Coloradogram,sunset
Coloradogram,anothersunset
Coloradogram,clouds
Coloradogram,sofuckingbasic
Coloradogram,theothermanhattan
InstaGood,sunset
InstaGood,anothersunset
InstaGood,clouds
InstaGood,sofuckingbasic
InstaGood,theothermanhattan
sunset,anothersunset
sunset,clouds
sunset,sofuckingbasic
sunset,theothermanhattan
anothersunset,clouds
anothersunset,sofuckingbasic
anothersunset,theothermanhattan
clouds,sofuckingbasic
clouds,theothermanhattan
sofuckingbasic,theothermanhattan
mybad,sunsetstooearly
mybad,lovetheskies
mybad,mydrivehome
mybad,imtheworst
mybad,hwy24
mybad,ManhattanKS
sunsetstooearly,lovetheskies
sunsetstooearly,mydrivehome
sunsetstooearly,imtheworst
sunsetstooearly,hwy24
sunsetstooearly,ManhattanKS
lovetheskies,mydrivehome
lovetheskies,imtheworst
lovetheskies,hwy24
lovetheskies,ManhattanKS
mydrivehome,imtheworst
mydrivehome,hwy24
mydrivehome,ManhattanKS
imtheworst,hwy24
imtheworst,ManhattanKS
hwy24,ManhattanKS
yoga,orangeskyyogisrock
yoga,namastewildcats
yoga,manhattanks
orangeskyyogisrock,namastewildcats
orangeskyyogisrock,manhattanks
namastewildcats,manhattanks
fontcandy,junctioncity
fontcandy,junctioncitykansas
fontcandy,junctioncityhair
fontcandy,junctioncitybraids
fontcandy,junctioncitybraider
fontcandy,junctioncitusewins
fontcandy,fortriley
fontcandy,fortrileyhair
fontcandy,fortrileystylist
fontcandy,junctioncitystylist
fontcandy,kansasstylist
fontcandy,manhattan
fontcandy,kstate
fontcandy,manhattanks
fontcandy,manhattanksstylist
fontcandy,protectivestyle
fontcandy,crotchet
fontcandy,braids
fontcandy,naturalhair
fontcandy,naturalhairkids
fontcandy,ithinkhair
fontcandy,keayonidoesmyhair
junctioncity,junctioncitykansas
junctioncity,junctioncityhair
junctioncity,junctioncitybraids
junctioncity,junctioncitybraider
junctioncity,junctioncitusewins
junctioncity,fortriley
junctioncity,fortrileyhair
junctioncity,fortrileystylist
junctioncity,junctioncitystylist
junctioncity,kansasstylist
junctioncity,manhattan
junctioncity,kstate
junctioncity,manhattanks
junctioncity,manhattanksstylist
junctioncity,protectivestyle
junctioncity,crotchet
junctioncity,braids
junctioncity,naturalhair
junctioncity,naturalhairkids
junctioncity,ithinkhair
junctioncity,keayonidoesmyhair
junctioncitykansas,junctioncityhair
junctioncitykansas,junctioncitybraids
junctioncitykansas,junctioncitybraider
junctioncitykansas,junctioncitusewins
junctioncitykansas,fortriley
junctioncitykansas,fortrileyhair
junctioncitykansas,fortrileystylist
junctioncitykansas,junctioncitystylist
junctioncitykansas,kansasstylist
junctioncitykansas,manhattan
junctioncitykansas,kstate
junctioncitykansas,manhattanks
junctioncitykansas,manhattanksstylist
junctioncitykansas,protectivestyle
junctioncitykansas,crotchet
junctioncitykansas,braids
junctioncitykansas,naturalhair
junctioncitykansas,naturalhairkids
junctioncitykansas,ithinkhair
junctioncitykansas,keayonidoesmyhair
junctioncityhair,junctioncitybraids
junctioncityhair,junctioncitybraider
junctioncityhair,junctioncitusewins
junctioncityhair,fortriley
junctioncityhair,fortrileyhair
junctioncityhair,fortrileystylist
junctioncityhair,junctioncitystylist
junctioncityhair,kansasstylist
junctioncityhair,manhattan
junctioncityhair,kstate
junctioncityhair,manhattanks
junctioncityhair,manhattanksstylist
junctioncityhair,protectivestyle
junctioncityhair,crotchet
junctioncityhair,braids
junctioncityhair,naturalhair
junctioncityhair,naturalhairkids
junctioncityhair,ithinkhair
junctioncityhair,keayonidoesmyhair
junctioncitybraids,junctioncitybraider
junctioncitybraids,junctioncitusewins
junctioncitybraids,fortriley
junctioncitybraids,fortrileyhair
junctioncitybraids,fortrileystylist
junctioncitybraids,junctioncitystylist
junctioncitybraids,kansasstylist
junctioncitybraids,manhattan
junctioncitybraids,kstate
junctioncitybraids,manhattanks
junctioncitybraids,manhattanksstylist
junctioncitybraids,protectivestyle
junctioncitybraids,crotchet
junctioncitybraids,braids
junctioncitybraids,naturalhair
junctioncitybraids,naturalhairkids
junctioncitybraids,ithinkhair
junctioncitybraids,keayonidoesmyhair
junctioncitybraider,junctioncitusewins
junctioncitybraider,fortriley
junctioncitybraider,fortrileyhair
junctioncitybraider,fortrileystylist
junctioncitybraider,junctioncitystylist
junctioncitybraider,kansasstylist
junctioncitybraider,manhattan
junctioncitybraider,kstate
junctioncitybraider,manhattanks
junctioncitybraider,manhattanksstylist
junctioncitybraider,protectivestyle
junctioncitybraider,crotchet
junctioncitybraider,braids
junctioncitybraider,naturalhair
junctioncitybraider,naturalhairkids
junctioncitybraider,ithinkhair
junctioncitybraider,keayonidoesmyhair
junctioncitusewins,fortriley
junctioncitusewins,fortrileyhair
junctioncitusewins,fortrileystylist
junctioncitusewins,junctioncitystylist
junctioncitusewins,kansasstylist
junctioncitusewins,manhattan
junctioncitusewins,kstate
junctioncitusewins,manhattanks
junctioncitusewins,manhattanksstylist
junctioncitusewins,protectivestyle
junctioncitusewins,crotchet
junctioncitusewins,braids
junctioncitusewins,naturalhair
junctioncitusewins,naturalhairkids
junctioncitusewins,ithinkhair
junctioncitusewins,keayonidoesmyhair
fortriley,fortrileyhair
fortriley,fortrileystylist
fortriley,junctioncitystylist
fortriley,kansasstylist
fortriley,manhattan
fortriley,kstate
fortriley,manhattanks
fortriley,manhattanksstylist
fortriley,protectivestyle
fortriley,crotchet
fortriley,braids
fortriley,naturalhair
fortriley,naturalhairkids
fortriley,ithinkhair
fortriley,keayonidoesmyhair
fortrileyhair,fortrileystylist
fortrileyhair,junctioncitystylist
fortrileyhair,kansasstylist
fortrileyhair,manhattan
fortrileyhair,kstate
fortrileyhair,manhattanks
fortrileyhair,manhattanksstylist
fortrileyhair,protectivestyle
fortrileyhair,crotchet
fortrileyhair,braids
fortrileyhair,naturalhair
fortrileyhair,naturalhairkids
fortrileyhair,ithinkhair
fortrileyhair,keayonidoesmyhair
fortrileystylist,junctioncitystylist
fortrileystylist,kansasstylist
fortrileystylist,manhattan
fortrileystylist,kstate
fortrileystylist,manhattanks
fortrileystylist,manhattanksstylist
fortrileystylist,protectivestyle
fortrileystylist,crotchet
fortrileystylist,braids
fortrileystylist,naturalhair
fortrileystylist,naturalhairkids
fortrileystylist,ithinkhair
fortrileystylist,keayonidoesmyhair
junctioncitystylist,kansasstylist
junctioncitystylist,manhattan
junctioncitystylist,kstate
junctioncitystylist,manhattanks
junctioncitystylist,manhattanksstylist
junctioncitystylist,protectivestyle
junctioncitystylist,crotchet
junctioncitystylist,braids
junctioncitystylist,naturalhair
junctioncitystylist,naturalhairkids
junctioncitystylist,ithinkhair
junctioncitystylist,keayonidoesmyhair
kansasstylist,manhattan
kansasstylist,kstate
kansasstylist,manhattanks
kansasstylist,manhattanksstylist
kansasstylist,protectivestyle
kansasstylist,crotchet
kansasstylist,braids
kansasstylist,naturalhair
kansasstylist,naturalhairkids
kansasstylist,ithinkhair
kansasstylist,keayonidoesmyhair
manhattan,kstate
manhattan,manhattanks
manhattan,manhattanksstylist
manhattan,protectivestyle
manhattan,crotchet
manhattan,braids
manhattan,naturalhair
manhattan,naturalhairkids
manhattan,ithinkhair
manhattan,keayonidoesmyhair
kstate,manhattanks
kstate,manhattanksstylist
kstate,protectivestyle
kstate,crotchet
kstate,braids
kstate,naturalhair
kstate,naturalhairkids
kstate,ithinkhair
kstate,keayonidoesmyhair
manhattanks,manhattanksstylist
manhattanks,protectivestyle
manhattanks,crotchet
manhattanks,braids
manhattanks,naturalhair
manhattanks,naturalhairkids
manhattanks,ithinkhair
manhattanks,keayonidoesmyhair
manhattanksstylist,protectivestyle
manhattanksstylist,crotchet
manhattanksstylist,braids
manhattanksstylist,naturalhair
manhattanksstylist,naturalhairkids
manhattanksstylist,ithinkhair
manhattanksstylist,keayonidoesmyhair
protectivestyle,crotchet
protectivestyle,braids
protectivestyle,naturalhair
protectivestyle,naturalhairkids
protectivestyle,ithinkhair
protectivestyle,keayonidoesmyhair
crotchet,braids
crotchet,naturalhair
crotchet,naturalhairkids
crotchet,ithinkhair
crotchet,keayonidoesmyhair
braids,naturalhair
braids,naturalhairkids
braids,ithinkhair
braids,keayonidoesmyhair
naturalhair,naturalhairkids
naturalhair,ithinkhair
naturalhair,keayonidoesmyhair
naturalhairkids,ithinkhair
naturalhairkids,keayonidoesmyhair
ithinkhair,keayonidoesmyhair
junctioncity,junctioncitykansas
junctioncity,junctioncityhair
junctioncity,junctioncitybraids
junctioncity,junctioncitybraider
junctioncity,junctioncitusewins
junctioncity,fortriley
junctioncity,fortrileyhair
junctioncity,fortrileystylist
junctioncity,junctioncitystylist
junctioncity,kansasstylist
junctioncity,manhattan
junctioncity,kstate
junctioncity,manhattanks
junctioncity,manhattanksstylist
junctioncity,protectivestyle
junctioncity,crotchet
junctioncity,braids
junctioncity,naturalhair
junctioncity,naturalhairkids
junctioncity,ithinkhair
junctioncity,keayonidoesmyhair
junctioncitykansas,junctioncityhair
junctioncitykansas,junctioncitybraids
junctioncitykansas,junctioncitybraider
junctioncitykansas,junctioncitusewins
junctioncitykansas,fortriley
junctioncitykansas,fortrileyhair
junctioncitykansas,fortrileystylist
junctioncitykansas,junctioncitystylist
junctioncitykansas,kansasstylist
junctioncitykansas,manhattan
junctioncitykansas,kstate
junctioncitykansas,manhattanks
junctioncitykansas,manhattanksstylist
junctioncitykansas,protectivestyle
junctioncitykansas,crotchet
junctioncitykansas,braids
junctioncitykansas,naturalhair
junctioncitykansas,naturalhairkids
junctioncitykansas,ithinkhair
junctioncitykansas,keayonidoesmyhair
junctioncityhair,junctioncitybraids
junctioncityhair,junctioncitybraider
junctioncityhair,junctioncitusewins
junctioncityhair,fortriley
junctioncityhair,fortrileyhair
junctioncityhair,fortrileystylist
junctioncityhair,junctioncitystylist
junctioncityhair,kansasstylist
junctioncityhair,manhattan
junctioncityhair,kstate
junctioncityhair,manhattanks
junctioncityhair,manhattanksstylist
junctioncityhair,protectivestyle
junctioncityhair,crotchet
junctioncityhair,braids
junctioncityhair,naturalhair
junctioncityhair,naturalhairkids
junctioncityhair,ithinkhair
junctioncityhair,keayonidoesmyhair
junctioncitybraids,junctioncitybraider
junctioncitybraids,junctioncitusewins
junctioncitybraids,fortriley
junctioncitybraids,fortrileyhair
junctioncitybraids,fortrileystylist
junctioncitybraids,junctioncitystylist
junctioncitybraids,kansasstylist
junctioncitybraids,manhattan
junctioncitybraids,kstate
junctioncitybraids,manhattanks
junctioncitybraids,manhattanksstylist
junctioncitybraids,protectivestyle
junctioncitybraids,crotchet
junctioncitybraids,braids
junctioncitybraids,naturalhair
junctioncitybraids,naturalhairkids
junctioncitybraids,ithinkhair
junctioncitybraids,keayonidoesmyhair
junctioncitybraider,junctioncitusewins
junctioncitybraider,fortriley
junctioncitybraider,fortrileyhair
junctioncitybraider,fortrileystylist
junctioncitybraider,junctioncitystylist
junctioncitybraider,kansasstylist
junctioncitybraider,manhattan
junctioncitybraider,kstate
junctioncitybraider,manhattanks
junctioncitybraider,manhattanksstylist
junctioncitybraider,protectivestyle
junctioncitybraider,crotchet
junctioncitybraider,braids
junctioncitybraider,naturalhair
junctioncitybraider,naturalhairkids
junctioncitybraider,ithinkhair
junctioncitybraider,keayonidoesmyhair
junctioncitusewins,fortriley
junctioncitusewins,fortrileyhair
junctioncitusewins,fortrileystylist
junctioncitusewins,junctioncitystylist
junctioncitusewins,kansasstylist
junctioncitusewins,manhattan
junctioncitusewins,kstate
junctioncitusewins,manhattanks
junctioncitusewins,manhattanksstylist
junctioncitusewins,protectivestyle
junctioncitusewins,crotchet
junctioncitusewins,braids
junctioncitusewins,naturalhair
junctioncitusewins,naturalhairkids
junctioncitusewins,ithinkhair
junctioncitusewins,keayonidoesmyhair
fortriley,fortrileyhair
fortriley,fortrileystylist
fortriley,junctioncitystylist
fortriley,kansasstylist
fortriley,manhattan
fortriley,kstate
fortriley,manhattanks
fortriley,manhattanksstylist
fortriley,protectivestyle
fortriley,crotchet
fortriley,braids
fortriley,naturalhair
fortriley,naturalhairkids
fortriley,ithinkhair
fortriley,keayonidoesmyhair
fortrileyhair,fortrileystylist
fortrileyhair,junctioncitystylist
fortrileyhair,kansasstylist
fortrileyhair,manhattan
fortrileyhair,kstate
fortrileyhair,manhattanks
fortrileyhair,manhattanksstylist
fortrileyhair,protectivestyle
fortrileyhair,crotchet
fortrileyhair,braids
fortrileyhair,naturalhair
fortrileyhair,naturalhairkids
fortrileyhair,ithinkhair
fortrileyhair,keayonidoesmyhair
fortrileystylist,junctioncitystylist
fortrileystylist,kansasstylist
fortrileystylist,manhattan
fortrileystylist,kstate
fortrileystylist,manhattanks
fortrileystylist,manhattanksstylist
fortrileystylist,protectivestyle
fortrileystylist,crotchet
fortrileystylist,braids
fortrileystylist,naturalhair
fortrileystylist,naturalhairkids
fortrileystylist,ithinkhair
fortrileystylist,keayonidoesmyhair
junctioncitystylist,kansasstylist
junctioncitystylist,manhattan
junctioncitystylist,kstate
junctioncitystylist,manhattanks
junctioncitystylist,manhattanksstylist
junctioncitystylist,protectivestyle
junctioncitystylist,crotchet
junctioncitystylist,braids
junctioncitystylist,naturalhair
junctioncitystylist,naturalhairkids
junctioncitystylist,ithinkhair
junctioncitystylist,keayonidoesmyhair
kansasstylist,manhattan
kansasstylist,kstate
kansasstylist,manhattanks
kansasstylist,manhattanksstylist
kansasstylist,protectivestyle
kansasstylist,crotchet
kansasstylist,braids
kansasstylist,naturalhair
kansasstylist,naturalhairkids
kansasstylist,ithinkhair
kansasstylist,keayonidoesmyhair
manhattan,kstate
manhattan,manhattanks
manhattan,manhattanksstylist
manhattan,protectivestyle
manhattan,crotchet
manhattan,braids
manhattan,naturalhair
manhattan,naturalhairkids
manhattan,ithinkhair
manhattan,keayonidoesmyhair
kstate,manhattanks
kstate,manhattanksstylist
kstate,protectivestyle
kstate,crotchet
kstate,braids
kstate,naturalhair
kstate,naturalhairkids
kstate,ithinkhair
kstate,keayonidoesmyhair
manhattanks,manhattanksstylist
manhattanks,protectivestyle
manhattanks,crotchet
manhattanks,braids
manhattanks,naturalhair
manhattanks,naturalhairkids
manhattanks,ithinkhair
manhattanks,keayonidoesmyhair
manhattanksstylist,protectivestyle
manhattanksstylist,crotchet
manhattanksstylist,braids
manhattanksstylist,naturalhair
manhattanksstylist,naturalhairkids
manhattanksstylist,ithinkhair
manhattanksstylist,keayonidoesmyhair
protectivestyle,crotchet
protectivestyle,braids
protectivestyle,naturalhair
protectivestyle,naturalhairkids
protectivestyle,ithinkhair
protectivestyle,keayonidoesmyhair
crotchet,braids
crotchet,naturalhair
crotchet,naturalhairkids
crotchet,ithinkhair
crotchet,keayonidoesmyhair
braids,naturalhair
braids,naturalhairkids
braids,ithinkhair
braids,keayonidoesmyhair
naturalhair,naturalhairkids
naturalhair,ithinkhair
naturalhair,keayonidoesmyhair
naturalhairkids,ithinkhair
naturalhairkids,keayonidoesmyhair
ithinkhair,keayonidoesmyhair
chardonnay,wine
chardonnay,winery
chardonnay,tastingroom
chardonnay,liquidartwinery
chardonnay,manhattanks
wine,winery
wine,tastingroom
wine,liquidartwinery
wine,manhattanks
winery,tastingroom
winery,liquidartwinery
winery,manhattanks
tastingroom,liquidartwinery
tastingroom,manhattanks
liquidartwinery,manhattanks
November,grateful
November,tallgrassprairie
November,watertower
November,ManhattanKS
grateful,tallgrassprairie
grateful,watertower
grateful,ManhattanKS
tallgrassprairie,watertower
tallgrassprairie,ManhattanKS
watertower,ManhattanKS
ManhattanKS,FtRiley
ManhattanKS,KState
FtRiley,KState
manhattanks,shoplocal
manhattanks,shopsmall
shoplocal,shopsmall
kansas,manhattanks
kansas,kstate
kansas,somewhereovertherainbow
kansas,jennawelleinart
manhattanks,kstate
manhattanks,somewhereovertherainbow
manhattanks,jennawelleinart
kstate,somewhereovertherainbow
kstate,jennawelleinart
somewhereovertherainbow,jennawelleinart
,EverydayManhattanKS
,ManhattanKS
,Kansas
,EverydayOS
,NOV16
EverydayManhattanKS,ManhattanKS
EverydayManhattanKS,Kansas
EverydayManhattanKS,EverydayOS
EverydayManhattanKS,NOV16
ManhattanKS,Kansas
ManhattanKS,EverydayOS
ManhattanKS,NOV16
Kansas,EverydayOS
Kansas,NOV16
EverydayOS,NOV16
,
,EverydayManhattanKS
,ManhattanKS
,Kansas
,EverydayOS
,NOV16
,EverydayManhattanKS
,ManhattanKS
,Kansas
,EverydayOS
,NOV16
EverydayManhattanKS,ManhattanKS
EverydayManhattanKS,Kansas
EverydayManhattanKS,EverydayOS
EverydayManhattanKS,NOV16
ManhattanKS,Kansas
ManhattanKS,EverydayOS
ManhattanKS,NOV16
Kansas,EverydayOS
Kansas,NOV16
EverydayOS,NOV16
girlswholift,glutegrower
girlswholift,iam1stphorm
girlswholift,legionofboom
girlswholift,tallgirls
girlswholift,lvft
girlswholift,manhattanks
girlswholift,completenutrition
girlswholift,starvetheegofeedthesoul
girlswholift,barbellsandponytails
glutegrower,iam1stphorm
glutegrower,legionofboom
glutegrower,tallgirls
glutegrower,lvft
glutegrower,manhattanks
glutegrower,completenutrition
glutegrower,starvetheegofeedthesoul
glutegrower,barbellsandponytails
iam1stphorm,legionofboom
iam1stphorm,tallgirls
iam1stphorm,lvft
iam1stphorm,manhattanks
iam1stphorm,completenutrition
iam1stphorm,starvetheegofeedthesoul
iam1stphorm,barbellsandponytails
legionofboom,tallgirls
legionofboom,lvft
legionofboom,manhattanks
legionofboom,completenutrition
legionofboom,starvetheegofeedthesoul
legionofboom,barbellsandponytails
tallgirls,lvft
tallgirls,manhattanks
tallgirls,completenutrition
tallgirls,starvetheegofeedthesoul
tallgirls,barbellsandponytails
lvft,manhattanks
lvft,completenutrition
lvft,starvetheegofeedthesoul
lvft,barbellsandponytails
manhattanks,completenutrition
manhattanks,starvetheegofeedthesoul
manhattanks,barbellsandponytails
completenutrition,starvetheegofeedthesoul
completenutrition,barbellsandponytails
starvetheegofeedthesoul,barbellsandponytails
chardonnay,wine
chardonnay,winery
chardonnay,tastingroom
chardonnay,liquidartwinery
chardonnay,manhattanks
wine,winery
wine,tastingroom
wine,liquidartwinery
wine,manhattanks
winery,tastingroom
winery,liquidartwinery
winery,manhattanks
tastingroom,liquidartwinery
tastingroom,manhattanks
liquidartwinery,manhattanks
yoga,orangeskyyogisrock
yoga,namastewildcats
yoga,manhattanks
orangeskyyogisrock,namastewildcats
orangeskyyogisrock,manhattanks
namastewildcats,manhattanks
bmx,bmxtrails
bmx,manhattanks
bmx,ridedirt
bmx,kansas
bmxtrails,manhattanks
bmxtrails,ridedirt
bmxtrails,kansas
manhattanks,ridedirt
manhattanks,kansas
ridedirt,kansas
ManhattanKS,FtRiley
ManhattanKS,KState
FtRiley,KState
chillvibes,bae
chillvibes,varsitydonuts
chillvibes,manhattanks
bae,varsitydonuts
bae,manhattanks
varsitydonuts,manhattanks
gocats,kstatewildcats
gocats,katate
gocats,manhattanks
gocats,kansasstate
kstatewildcats,katate
kstatewildcats,manhattanks
kstatewildcats,kansasstate
katate,manhattanks
katate,kansasstate
manhattanks,kansasstate
konzaprairie,kansasmag
konzaprairie,manhattanks
konzaprairie,wichitaphotographer
kansasmag,manhattanks
kansasmag,wichitaphotographer
manhattanks,wichitaphotographer
supermoon,moonrise
supermoon,moon
supermoon,manhattanks
supermoon,manhattanksphotographer
moonrise,moon
moonrise,manhattanks
moonrise,manhattanksphotographer
moon,manhattanks
moon,manhattanksphotographer
manhattanks,manhattanksphotographer
