tag1,tag2
fairgoods,handkerchief
fairgoods,boohoo
fairgoods,railandanchor
fairgoods,royaloakmi
fairgoods,shopsmall
fairgoods,qualitygoods
handkerchief,boohoo
handkerchief,railandanchor
handkerchief,royaloakmi
handkerchief,shopsmall
handkerchief,qualitygoods
boohoo,railandanchor
boohoo,royaloakmi
boohoo,shopsmall
boohoo,qualitygoods
railandanchor,royaloakmi
railandanchor,shopsmall
railandanchor,qualitygoods
royaloakmi,shopsmall
royaloakmi,qualitygoods
shopsmall,qualitygoods
centerstage,barre
centerstage,barrestudio
centerstage,royaloakmi
centerstage,comingsoon
barre,barrestudio
barre,royaloakmi
barre,comingsoon
barrestudio,royaloakmi
barrestudio,comingsoon
royaloakmi,comingsoon
LentilGrill,MondayMotivation
LentilGrill,Monday
LentilGrill,RoyalOakMi
LentilGrill,BirminghamMi
LentilGrill,BerkleyMi
MondayMotivation,Monday
MondayMotivation,RoyalOakMi
MondayMotivation,BirminghamMi
MondayMotivation,BerkleyMi
Monday,RoyalOakMi
Monday,BirminghamMi
Monday,BerkleyMi
RoyalOakMi,BirminghamMi
RoyalOakMi,BerkleyMi
BirminghamMi,BerkleyMi
barbershop,barber
barbershop,stylist
barbershop,menshair
barbershop,menshaircuts
barbershop,menscuts
barbershop,haircut
barbershop,hair
barbershop,mensstyle
barbershop,mensfashion
barbershop,men
barbershop,fashion
barbershop,style
barbershop,royaloakmi
barbershop,birminghammi
barbershop,detroit
barbershop,gq
barbershop,feelgood
barbershop,cleancut
barbershop,dapper
barbershop,fade
barbershop,vintage
barbershop,oldschool
barbershop,shave
barbershop,beard
barbershop,beardgang
barbershop,michiganbarber
barbershop,michiganstylist
barbershop,detroitbarber
barber,stylist
barber,menshair
barber,menshaircuts
barber,menscuts
barber,haircut
barber,hair
barber,mensstyle
barber,mensfashion
barber,men
barber,fashion
barber,style
barber,royaloakmi
barber,birminghammi
barber,detroit
barber,gq
barber,feelgood
barber,cleancut
barber,dapper
barber,fade
barber,vintage
barber,oldschool
barber,shave
barber,beard
barber,beardgang
barber,michiganbarber
barber,michiganstylist
barber,detroitbarber
stylist,menshair
stylist,menshaircuts
stylist,menscuts
stylist,haircut
stylist,hair
stylist,mensstyle
stylist,mensfashion
stylist,men
stylist,fashion
stylist,style
stylist,royaloakmi
stylist,birminghammi
stylist,detroit
stylist,gq
stylist,feelgood
stylist,cleancut
stylist,dapper
stylist,fade
stylist,vintage
stylist,oldschool
stylist,shave
stylist,beard
stylist,beardgang
stylist,michiganbarber
stylist,michiganstylist
stylist,detroitbarber
menshair,menshaircuts
menshair,menscuts
menshair,haircut
menshair,hair
menshair,mensstyle
menshair,mensfashion
menshair,men
menshair,fashion
menshair,style
menshair,royaloakmi
menshair,birminghammi
menshair,detroit
menshair,gq
menshair,feelgood
menshair,cleancut
menshair,dapper
menshair,fade
menshair,vintage
menshair,oldschool
menshair,shave
menshair,beard
menshair,beardgang
menshair,michiganbarber
menshair,michiganstylist
menshair,detroitbarber
menshaircuts,menscuts
menshaircuts,haircut
menshaircuts,hair
menshaircuts,mensstyle
menshaircuts,mensfashion
menshaircuts,men
menshaircuts,fashion
menshaircuts,style
menshaircuts,royaloakmi
menshaircuts,birminghammi
menshaircuts,detroit
menshaircuts,gq
menshaircuts,feelgood
menshaircuts,cleancut
menshaircuts,dapper
menshaircuts,fade
menshaircuts,vintage
menshaircuts,oldschool
menshaircuts,shave
menshaircuts,beard
menshaircuts,beardgang
menshaircuts,michiganbarber
menshaircuts,michiganstylist
menshaircuts,detroitbarber
menscuts,haircut
menscuts,hair
menscuts,mensstyle
menscuts,mensfashion
menscuts,men
menscuts,fashion
menscuts,style
menscuts,royaloakmi
menscuts,birminghammi
menscuts,detroit
menscuts,gq
menscuts,feelgood
menscuts,cleancut
menscuts,dapper
menscuts,fade
menscuts,vintage
menscuts,oldschool
menscuts,shave
menscuts,beard
menscuts,beardgang
menscuts,michiganbarber
menscuts,michiganstylist
menscuts,detroitbarber
haircut,hair
haircut,mensstyle
haircut,mensfashion
haircut,men
haircut,fashion
haircut,style
haircut,royaloakmi
haircut,birminghammi
haircut,detroit
haircut,gq
haircut,feelgood
haircut,cleancut
haircut,dapper
haircut,fade
haircut,vintage
haircut,oldschool
haircut,shave
haircut,beard
haircut,beardgang
haircut,michiganbarber
haircut,michiganstylist
haircut,detroitbarber
hair,mensstyle
hair,mensfashion
hair,men
hair,fashion
hair,style
hair,royaloakmi
hair,birminghammi
hair,detroit
hair,gq
hair,feelgood
hair,cleancut
hair,dapper
hair,fade
hair,vintage
hair,oldschool
hair,shave
hair,beard
hair,beardgang
hair,michiganbarber
hair,michiganstylist
hair,detroitbarber
mensstyle,mensfashion
mensstyle,men
mensstyle,fashion
mensstyle,style
mensstyle,royaloakmi
mensstyle,birminghammi
mensstyle,detroit
mensstyle,gq
mensstyle,feelgood
mensstyle,cleancut
mensstyle,dapper
mensstyle,fade
mensstyle,vintage
mensstyle,oldschool
mensstyle,shave
mensstyle,beard
mensstyle,beardgang
mensstyle,michiganbarber
mensstyle,michiganstylist
mensstyle,detroitbarber
mensfashion,men
mensfashion,fashion
mensfashion,style
mensfashion,royaloakmi
mensfashion,birminghammi
mensfashion,detroit
mensfashion,gq
mensfashion,feelgood
mensfashion,cleancut
mensfashion,dapper
mensfashion,fade
mensfashion,vintage
mensfashion,oldschool
mensfashion,shave
mensfashion,beard
mensfashion,beardgang
mensfashion,michiganbarber
mensfashion,michiganstylist
mensfashion,detroitbarber
men,fashion
men,style
men,royaloakmi
men,birminghammi
men,detroit
men,gq
men,feelgood
men,cleancut
men,dapper
men,fade
men,vintage
men,oldschool
men,shave
men,beard
men,beardgang
men,michiganbarber
men,michiganstylist
men,detroitbarber
fashion,style
fashion,royaloakmi
fashion,birminghammi
fashion,detroit
fashion,gq
fashion,feelgood
fashion,cleancut
fashion,dapper
fashion,fade
fashion,vintage
fashion,oldschool
fashion,shave
fashion,beard
fashion,beardgang
fashion,michiganbarber
fashion,michiganstylist
fashion,detroitbarber
style,royaloakmi
style,birminghammi
style,detroit
style,gq
style,feelgood
style,cleancut
style,dapper
style,fade
style,vintage
style,oldschool
style,shave
style,beard
style,beardgang
style,michiganbarber
style,michiganstylist
style,detroitbarber
royaloakmi,birminghammi
royaloakmi,detroit
royaloakmi,gq
royaloakmi,feelgood
royaloakmi,cleancut
royaloakmi,dapper
royaloakmi,fade
royaloakmi,vintage
royaloakmi,oldschool
royaloakmi,shave
royaloakmi,beard
royaloakmi,beardgang
royaloakmi,michiganbarber
royaloakmi,michiganstylist
royaloakmi,detroitbarber
birminghammi,detroit
birminghammi,gq
birminghammi,feelgood
birminghammi,cleancut
birminghammi,dapper
birminghammi,fade
birminghammi,vintage
birminghammi,oldschool
birminghammi,shave
birminghammi,beard
birminghammi,beardgang
birminghammi,michiganbarber
birminghammi,michiganstylist
birminghammi,detroitbarber
detroit,gq
detroit,feelgood
detroit,cleancut
detroit,dapper
detroit,fade
detroit,vintage
detroit,oldschool
detroit,shave
detroit,beard
detroit,beardgang
detroit,michiganbarber
detroit,michiganstylist
detroit,detroitbarber
gq,feelgood
gq,cleancut
gq,dapper
gq,fade
gq,vintage
gq,oldschool
gq,shave
gq,beard
gq,beardgang
gq,michiganbarber
gq,michiganstylist
gq,detroitbarber
feelgood,cleancut
feelgood,dapper
feelgood,fade
feelgood,vintage
feelgood,oldschool
feelgood,shave
feelgood,beard
feelgood,beardgang
feelgood,michiganbarber
feelgood,michiganstylist
feelgood,detroitbarber
cleancut,dapper
cleancut,fade
cleancut,vintage
cleancut,oldschool
cleancut,shave
cleancut,beard
cleancut,beardgang
cleancut,michiganbarber
cleancut,michiganstylist
cleancut,detroitbarber
dapper,fade
dapper,vintage
dapper,oldschool
dapper,shave
dapper,beard
dapper,beardgang
dapper,michiganbarber
dapper,michiganstylist
dapper,detroitbarber
fade,vintage
fade,oldschool
fade,shave
fade,beard
fade,beardgang
fade,michiganbarber
fade,michiganstylist
fade,detroitbarber
vintage,oldschool
vintage,shave
vintage,beard
vintage,beardgang
vintage,michiganbarber
vintage,michiganstylist
vintage,detroitbarber
oldschool,shave
oldschool,beard
oldschool,beardgang
oldschool,michiganbarber
oldschool,michiganstylist
oldschool,detroitbarber
shave,beard
shave,beardgang
shave,michiganbarber
shave,michiganstylist
shave,detroitbarber
beard,beardgang
beard,michiganbarber
beard,michiganstylist
beard,detroitbarber
beardgang,michiganbarber
beardgang,michiganstylist
beardgang,detroitbarber
michiganbarber,michiganstylist
michiganbarber,detroitbarber
michiganstylist,detroitbarber
chocolate,gayleschocolates
chocolate,royaloakmi
chocolate,turkeyday
gayleschocolates,royaloakmi
gayleschocolates,turkeyday
royaloakmi,turkeyday
cactus,vase
cactus,flowers
cactus,railandanchor
cactus,royaloakmi
cactus,shopsmall
cactus,qualitygoods
vase,flowers
vase,railandanchor
vase,royaloakmi
vase,shopsmall
vase,qualitygoods
flowers,railandanchor
flowers,royaloakmi
flowers,shopsmall
flowers,qualitygoods
railandanchor,royaloakmi
railandanchor,shopsmall
railandanchor,qualitygoods
royaloakmi,shopsmall
royaloakmi,qualitygoods
shopsmall,qualitygoods
city,sidewalk
city,boots
city,vintage
city,royaloakmi
city,birminghammi
city,shoes
city,shoegame
city,shoeshine
city,mensfashion
city,mensstyle
city,gq
city,socks
city,sockgame
sidewalk,boots
sidewalk,vintage
sidewalk,royaloakmi
sidewalk,birminghammi
sidewalk,shoes
sidewalk,shoegame
sidewalk,shoeshine
sidewalk,mensfashion
sidewalk,mensstyle
sidewalk,gq
sidewalk,socks
sidewalk,sockgame
boots,vintage
boots,royaloakmi
boots,birminghammi
boots,shoes
boots,shoegame
boots,shoeshine
boots,mensfashion
boots,mensstyle
boots,gq
boots,socks
boots,sockgame
vintage,royaloakmi
vintage,birminghammi
vintage,shoes
vintage,shoegame
vintage,shoeshine
vintage,mensfashion
vintage,mensstyle
vintage,gq
vintage,socks
vintage,sockgame
royaloakmi,birminghammi
royaloakmi,shoes
royaloakmi,shoegame
royaloakmi,shoeshine
royaloakmi,mensfashion
royaloakmi,mensstyle
royaloakmi,gq
royaloakmi,socks
royaloakmi,sockgame
birminghammi,shoes
birminghammi,shoegame
birminghammi,shoeshine
birminghammi,mensfashion
birminghammi,mensstyle
birminghammi,gq
birminghammi,socks
birminghammi,sockgame
shoes,shoegame
shoes,shoeshine
shoes,mensfashion
shoes,mensstyle
shoes,gq
shoes,socks
shoes,sockgame
shoegame,shoeshine
shoegame,mensfashion
shoegame,mensstyle
shoegame,gq
shoegame,socks
shoegame,sockgame
shoeshine,mensfashion
shoeshine,mensstyle
shoeshine,gq
shoeshine,socks
shoeshine,sockgame
mensfashion,mensstyle
mensfashion,gq
mensfashion,socks
mensfashion,sockgame
mensstyle,gq
mensstyle,socks
mensstyle,sockgame
gq,socks
gq,sockgame
socks,sockgame
royaloakmi,occ
royaloakmi,photography
royaloakmi,exposition
occ,photography
occ,exposition
photography,exposition
iamNikkiMaybee,mondaymotivation
iamNikkiMaybee,cutit
iamNikkiMaybee,beforeandafter
iamNikkiMaybee,hairinspo
iamNikkiMaybee,hairofinstagram
iamNikkiMaybee,thecutlife
iamNikkiMaybee,hairslayer
iamNikkiMaybee,naturalhair
iamNikkiMaybee,haircut
iamNikkiMaybee,salonsimplybeautiful
iamNikkiMaybee,voiceofhair
iamNikkiMaybee,stylistshopconnect
iamNikkiMaybee,modernsalon
iamNikkiMaybee,hairvideo
iamNikkiMaybee,hairbrained
iamNikkiMaybee,hotonbeauty
iamNikkiMaybee,mobhair
iamNikkiMaybee,thehairchronicles
iamNikkiMaybee,royaloakmi
iamNikkiMaybee,licensedtocreate
iamNikkiMaybee,haircolorist
iamNikkiMaybee,hairoftheday
iamNikkiMaybee,berkleymi
iamNikkiMaybee,madeindetroit
iamNikkiMaybee,ltrcertified
iamNikkiMaybee,hairtrends
iamNikkiMaybee,allaboutdahair
iamNikkiMaybee,michiganstylist
iamNikkiMaybee,wearyourhair
mondaymotivation,cutit
mondaymotivation,beforeandafter
mondaymotivation,hairinspo
mondaymotivation,hairofinstagram
mondaymotivation,thecutlife
mondaymotivation,hairslayer
mondaymotivation,naturalhair
mondaymotivation,haircut
mondaymotivation,salonsimplybeautiful
mondaymotivation,voiceofhair
mondaymotivation,stylistshopconnect
mondaymotivation,modernsalon
mondaymotivation,hairvideo
mondaymotivation,hairbrained
mondaymotivation,hotonbeauty
mondaymotivation,mobhair
mondaymotivation,thehairchronicles
mondaymotivation,royaloakmi
mondaymotivation,licensedtocreate
mondaymotivation,haircolorist
mondaymotivation,hairoftheday
mondaymotivation,berkleymi
mondaymotivation,madeindetroit
mondaymotivation,ltrcertified
mondaymotivation,hairtrends
mondaymotivation,allaboutdahair
mondaymotivation,michiganstylist
mondaymotivation,wearyourhair
cutit,beforeandafter
cutit,hairinspo
cutit,hairofinstagram
cutit,thecutlife
cutit,hairslayer
cutit,naturalhair
cutit,haircut
cutit,salonsimplybeautiful
cutit,voiceofhair
cutit,stylistshopconnect
cutit,modernsalon
cutit,hairvideo
cutit,hairbrained
cutit,hotonbeauty
cutit,mobhair
cutit,thehairchronicles
cutit,royaloakmi
cutit,licensedtocreate
cutit,haircolorist
cutit,hairoftheday
cutit,berkleymi
cutit,madeindetroit
cutit,ltrcertified
cutit,hairtrends
cutit,allaboutdahair
cutit,michiganstylist
cutit,wearyourhair
beforeandafter,hairinspo
beforeandafter,hairofinstagram
beforeandafter,thecutlife
beforeandafter,hairslayer
beforeandafter,naturalhair
beforeandafter,haircut
beforeandafter,salonsimplybeautiful
beforeandafter,voiceofhair
beforeandafter,stylistshopconnect
beforeandafter,modernsalon
beforeandafter,hairvideo
beforeandafter,hairbrained
beforeandafter,hotonbeauty
beforeandafter,mobhair
beforeandafter,thehairchronicles
beforeandafter,royaloakmi
beforeandafter,licensedtocreate
beforeandafter,haircolorist
beforeandafter,hairoftheday
beforeandafter,berkleymi
beforeandafter,madeindetroit
beforeandafter,ltrcertified
beforeandafter,hairtrends
beforeandafter,allaboutdahair
beforeandafter,michiganstylist
beforeandafter,wearyourhair
hairinspo,hairofinstagram
hairinspo,thecutlife
hairinspo,hairslayer
hairinspo,naturalhair
hairinspo,haircut
hairinspo,salonsimplybeautiful
hairinspo,voiceofhair
hairinspo,stylistshopconnect
hairinspo,modernsalon
hairinspo,hairvideo
hairinspo,hairbrained
hairinspo,hotonbeauty
hairinspo,mobhair
hairinspo,thehairchronicles
hairinspo,royaloakmi
hairinspo,licensedtocreate
hairinspo,haircolorist
hairinspo,hairoftheday
hairinspo,berkleymi
hairinspo,madeindetroit
hairinspo,ltrcertified
hairinspo,hairtrends
hairinspo,allaboutdahair
hairinspo,michiganstylist
hairinspo,wearyourhair
hairofinstagram,thecutlife
hairofinstagram,hairslayer
hairofinstagram,naturalhair
hairofinstagram,haircut
hairofinstagram,salonsimplybeautiful
hairofinstagram,voiceofhair
hairofinstagram,stylistshopconnect
hairofinstagram,modernsalon
hairofinstagram,hairvideo
hairofinstagram,hairbrained
hairofinstagram,hotonbeauty
hairofinstagram,mobhair
hairofinstagram,thehairchronicles
hairofinstagram,royaloakmi
hairofinstagram,licensedtocreate
hairofinstagram,haircolorist
hairofinstagram,hairoftheday
hairofinstagram,berkleymi
hairofinstagram,madeindetroit
hairofinstagram,ltrcertified
hairofinstagram,hairtrends
hairofinstagram,allaboutdahair
hairofinstagram,michiganstylist
hairofinstagram,wearyourhair
thecutlife,hairslayer
thecutlife,naturalhair
thecutlife,haircut
thecutlife,salonsimplybeautiful
thecutlife,voiceofhair
thecutlife,stylistshopconnect
thecutlife,modernsalon
thecutlife,hairvideo
thecutlife,hairbrained
thecutlife,hotonbeauty
thecutlife,mobhair
thecutlife,thehairchronicles
thecutlife,royaloakmi
thecutlife,licensedtocreate
thecutlife,haircolorist
thecutlife,hairoftheday
thecutlife,berkleymi
thecutlife,madeindetroit
thecutlife,ltrcertified
thecutlife,hairtrends
thecutlife,allaboutdahair
thecutlife,michiganstylist
thecutlife,wearyourhair
hairslayer,naturalhair
hairslayer,haircut
hairslayer,salonsimplybeautiful
hairslayer,voiceofhair
hairslayer,stylistshopconnect
hairslayer,modernsalon
hairslayer,hairvideo
hairslayer,hairbrained
hairslayer,hotonbeauty
hairslayer,mobhair
hairslayer,thehairchronicles
hairslayer,royaloakmi
hairslayer,licensedtocreate
hairslayer,haircolorist
hairslayer,hairoftheday
hairslayer,berkleymi
hairslayer,madeindetroit
hairslayer,ltrcertified
hairslayer,hairtrends
hairslayer,allaboutdahair
hairslayer,michiganstylist
hairslayer,wearyourhair
naturalhair,haircut
naturalhair,salonsimplybeautiful
naturalhair,voiceofhair
naturalhair,stylistshopconnect
naturalhair,modernsalon
naturalhair,hairvideo
naturalhair,hairbrained
naturalhair,hotonbeauty
naturalhair,mobhair
naturalhair,thehairchronicles
naturalhair,royaloakmi
naturalhair,licensedtocreate
naturalhair,haircolorist
naturalhair,hairoftheday
naturalhair,berkleymi
naturalhair,madeindetroit
naturalhair,ltrcertified
naturalhair,hairtrends
naturalhair,allaboutdahair
naturalhair,michiganstylist
naturalhair,wearyourhair
haircut,salonsimplybeautiful
haircut,voiceofhair
haircut,stylistshopconnect
haircut,modernsalon
haircut,hairvideo
haircut,hairbrained
haircut,hotonbeauty
haircut,mobhair
haircut,thehairchronicles
haircut,royaloakmi
haircut,licensedtocreate
haircut,haircolorist
haircut,hairoftheday
haircut,berkleymi
haircut,madeindetroit
haircut,ltrcertified
haircut,hairtrends
haircut,allaboutdahair
haircut,michiganstylist
haircut,wearyourhair
salonsimplybeautiful,voiceofhair
salonsimplybeautiful,stylistshopconnect
salonsimplybeautiful,modernsalon
salonsimplybeautiful,hairvideo
salonsimplybeautiful,hairbrained
salonsimplybeautiful,hotonbeauty
salonsimplybeautiful,mobhair
salonsimplybeautiful,thehairchronicles
salonsimplybeautiful,royaloakmi
salonsimplybeautiful,licensedtocreate
salonsimplybeautiful,haircolorist
salonsimplybeautiful,hairoftheday
salonsimplybeautiful,berkleymi
salonsimplybeautiful,madeindetroit
salonsimplybeautiful,ltrcertified
salonsimplybeautiful,hairtrends
salonsimplybeautiful,allaboutdahair
salonsimplybeautiful,michiganstylist
salonsimplybeautiful,wearyourhair
voiceofhair,stylistshopconnect
voiceofhair,modernsalon
voiceofhair,hairvideo
voiceofhair,hairbrained
voiceofhair,hotonbeauty
voiceofhair,mobhair
voiceofhair,thehairchronicles
voiceofhair,royaloakmi
voiceofhair,licensedtocreate
voiceofhair,haircolorist
voiceofhair,hairoftheday
voiceofhair,berkleymi
voiceofhair,madeindetroit
voiceofhair,ltrcertified
voiceofhair,hairtrends
voiceofhair,allaboutdahair
voiceofhair,michiganstylist
voiceofhair,wearyourhair
stylistshopconnect,modernsalon
stylistshopconnect,hairvideo
stylistshopconnect,hairbrained
stylistshopconnect,hotonbeauty
stylistshopconnect,mobhair
stylistshopconnect,thehairchronicles
stylistshopconnect,royaloakmi
stylistshopconnect,licensedtocreate
stylistshopconnect,haircolorist
stylistshopconnect,hairoftheday
stylistshopconnect,berkleymi
stylistshopconnect,madeindetroit
stylistshopconnect,ltrcertified
stylistshopconnect,hairtrends
stylistshopconnect,allaboutdahair
stylistshopconnect,michiganstylist
stylistshopconnect,wearyourhair
modernsalon,hairvideo
modernsalon,hairbrained
modernsalon,hotonbeauty
modernsalon,mobhair
modernsalon,thehairchronicles
modernsalon,royaloakmi
modernsalon,licensedtocreate
modernsalon,haircolorist
modernsalon,hairoftheday
modernsalon,berkleymi
modernsalon,madeindetroit
modernsalon,ltrcertified
modernsalon,hairtrends
modernsalon,allaboutdahair
modernsalon,michiganstylist
modernsalon,wearyourhair
hairvideo,hairbrained
hairvideo,hotonbeauty
hairvideo,mobhair
hairvideo,thehairchronicles
hairvideo,royaloakmi
hairvideo,licensedtocreate
hairvideo,haircolorist
hairvideo,hairoftheday
hairvideo,berkleymi
hairvideo,madeindetroit
hairvideo,ltrcertified
hairvideo,hairtrends
hairvideo,allaboutdahair
hairvideo,michiganstylist
hairvideo,wearyourhair
hairbrained,hotonbeauty
hairbrained,mobhair
hairbrained,thehairchronicles
hairbrained,royaloakmi
hairbrained,licensedtocreate
hairbrained,haircolorist
hairbrained,hairoftheday
hairbrained,berkleymi
hairbrained,madeindetroit
hairbrained,ltrcertified
hairbrained,hairtrends
hairbrained,allaboutdahair
hairbrained,michiganstylist
hairbrained,wearyourhair
hotonbeauty,mobhair
hotonbeauty,thehairchronicles
hotonbeauty,royaloakmi
hotonbeauty,licensedtocreate
hotonbeauty,haircolorist
hotonbeauty,hairoftheday
hotonbeauty,berkleymi
hotonbeauty,madeindetroit
hotonbeauty,ltrcertified
hotonbeauty,hairtrends
hotonbeauty,allaboutdahair
hotonbeauty,michiganstylist
hotonbeauty,wearyourhair
mobhair,thehairchronicles
mobhair,royaloakmi
mobhair,licensedtocreate
mobhair,haircolorist
mobhair,hairoftheday
mobhair,berkleymi
mobhair,madeindetroit
mobhair,ltrcertified
mobhair,hairtrends
mobhair,allaboutdahair
mobhair,michiganstylist
mobhair,wearyourhair
thehairchronicles,royaloakmi
thehairchronicles,licensedtocreate
thehairchronicles,haircolorist
thehairchronicles,hairoftheday
thehairchronicles,berkleymi
thehairchronicles,madeindetroit
thehairchronicles,ltrcertified
thehairchronicles,hairtrends
thehairchronicles,allaboutdahair
thehairchronicles,michiganstylist
thehairchronicles,wearyourhair
royaloakmi,licensedtocreate
royaloakmi,haircolorist
royaloakmi,hairoftheday
royaloakmi,berkleymi
royaloakmi,madeindetroit
royaloakmi,ltrcertified
royaloakmi,hairtrends
royaloakmi,allaboutdahair
royaloakmi,michiganstylist
royaloakmi,wearyourhair
licensedtocreate,haircolorist
licensedtocreate,hairoftheday
licensedtocreate,berkleymi
licensedtocreate,madeindetroit
licensedtocreate,ltrcertified
licensedtocreate,hairtrends
licensedtocreate,allaboutdahair
licensedtocreate,michiganstylist
licensedtocreate,wearyourhair
haircolorist,hairoftheday
haircolorist,berkleymi
haircolorist,madeindetroit
haircolorist,ltrcertified
haircolorist,hairtrends
haircolorist,allaboutdahair
haircolorist,michiganstylist
haircolorist,wearyourhair
hairoftheday,berkleymi
hairoftheday,madeindetroit
hairoftheday,ltrcertified
hairoftheday,hairtrends
hairoftheday,allaboutdahair
hairoftheday,michiganstylist
hairoftheday,wearyourhair
berkleymi,madeindetroit
berkleymi,ltrcertified
berkleymi,hairtrends
berkleymi,allaboutdahair
berkleymi,michiganstylist
berkleymi,wearyourhair
madeindetroit,ltrcertified
madeindetroit,hairtrends
madeindetroit,allaboutdahair
madeindetroit,michiganstylist
madeindetroit,wearyourhair
ltrcertified,hairtrends
ltrcertified,allaboutdahair
ltrcertified,michiganstylist
ltrcertified,wearyourhair
hairtrends,allaboutdahair
hairtrends,michiganstylist
hairtrends,wearyourhair
allaboutdahair,michiganstylist
allaboutdahair,wearyourhair
michiganstylist,wearyourhair
teaparty,teaforte
teaparty,looseleaftea
teaparty,steeper
teaparty,teabag
teaparty,autumn
teaparty,leaves
teaparty,fall
teaparty,tea
teaparty,hotbeverage
teaparty,pumpkinspice
teaparty,teaforte
teaparty,leaf
teaparty,giftset
teaparty,gift
teaparty,getwell
teaparty,blacktea
teaparty,greentea
teaparty,herbaltea
teaparty,cozy
teaparty,
teaparty,rest
teaparty,relaxation
teaparty,unwind
teaparty,sweaterweather
teaparty,treat
teaparty,home
teaparty,friendsgiving
teaparty,thanksgiving
teaparty,entertaining
teaparty,downtownroyaloak
teaparty,royaloakmi
teaforte,looseleaftea
teaforte,steeper
teaforte,teabag
teaforte,autumn
teaforte,leaves
teaforte,fall
teaforte,tea
teaforte,hotbeverage
teaforte,pumpkinspice
teaforte,teaforte
teaforte,leaf
teaforte,giftset
teaforte,gift
teaforte,getwell
teaforte,blacktea
teaforte,greentea
teaforte,herbaltea
teaforte,cozy
teaforte,
teaforte,rest
teaforte,relaxation
teaforte,unwind
teaforte,sweaterweather
teaforte,treat
teaforte,home
teaforte,friendsgiving
teaforte,thanksgiving
teaforte,entertaining
teaforte,downtownroyaloak
teaforte,royaloakmi
looseleaftea,steeper
looseleaftea,teabag
looseleaftea,autumn
looseleaftea,leaves
looseleaftea,fall
looseleaftea,tea
looseleaftea,hotbeverage
looseleaftea,pumpkinspice
looseleaftea,teaforte
looseleaftea,leaf
looseleaftea,giftset
looseleaftea,gift
looseleaftea,getwell
looseleaftea,blacktea
looseleaftea,greentea
looseleaftea,herbaltea
looseleaftea,cozy
looseleaftea,
looseleaftea,rest
looseleaftea,relaxation
looseleaftea,unwind
looseleaftea,sweaterweather
looseleaftea,treat
looseleaftea,home
looseleaftea,friendsgiving
looseleaftea,thanksgiving
looseleaftea,entertaining
looseleaftea,downtownroyaloak
looseleaftea,royaloakmi
steeper,teabag
steeper,autumn
steeper,leaves
steeper,fall
steeper,tea
steeper,hotbeverage
steeper,pumpkinspice
steeper,teaforte
steeper,leaf
steeper,giftset
steeper,gift
steeper,getwell
steeper,blacktea
steeper,greentea
steeper,herbaltea
steeper,cozy
steeper,
steeper,rest
steeper,relaxation
steeper,unwind
steeper,sweaterweather
steeper,treat
steeper,home
steeper,friendsgiving
steeper,thanksgiving
steeper,entertaining
steeper,downtownroyaloak
steeper,royaloakmi
teabag,autumn
teabag,leaves
teabag,fall
teabag,tea
teabag,hotbeverage
teabag,pumpkinspice
teabag,teaforte
teabag,leaf
teabag,giftset
teabag,gift
teabag,getwell
teabag,blacktea
teabag,greentea
teabag,herbaltea
teabag,cozy
teabag,
teabag,rest
teabag,relaxation
teabag,unwind
teabag,sweaterweather
teabag,treat
teabag,home
teabag,friendsgiving
teabag,thanksgiving
teabag,entertaining
teabag,downtownroyaloak
teabag,royaloakmi
autumn,leaves
autumn,fall
autumn,tea
autumn,hotbeverage
autumn,pumpkinspice
autumn,teaforte
autumn,leaf
autumn,giftset
autumn,gift
autumn,getwell
autumn,blacktea
autumn,greentea
autumn,herbaltea
autumn,cozy
autumn,
autumn,rest
autumn,relaxation
autumn,unwind
autumn,sweaterweather
autumn,treat
autumn,home
autumn,friendsgiving
autumn,thanksgiving
autumn,entertaining
autumn,downtownroyaloak
autumn,royaloakmi
leaves,fall
leaves,tea
leaves,hotbeverage
leaves,pumpkinspice
leaves,teaforte
leaves,leaf
leaves,giftset
leaves,gift
leaves,getwell
leaves,blacktea
leaves,greentea
leaves,herbaltea
leaves,cozy
leaves,
leaves,rest
leaves,relaxation
leaves,unwind
leaves,sweaterweather
leaves,treat
leaves,home
leaves,friendsgiving
leaves,thanksgiving
leaves,entertaining
leaves,downtownroyaloak
leaves,royaloakmi
fall,tea
fall,hotbeverage
fall,pumpkinspice
fall,teaforte
fall,leaf
fall,giftset
fall,gift
fall,getwell
fall,blacktea
fall,greentea
fall,herbaltea
fall,cozy
fall,
fall,rest
fall,relaxation
fall,unwind
fall,sweaterweather
fall,treat
fall,home
fall,friendsgiving
fall,thanksgiving
fall,entertaining
fall,downtownroyaloak
fall,royaloakmi
tea,hotbeverage
tea,pumpkinspice
tea,teaforte
tea,leaf
tea,giftset
tea,gift
tea,getwell
tea,blacktea
tea,greentea
tea,herbaltea
tea,cozy
tea,
tea,rest
tea,relaxation
tea,unwind
tea,sweaterweather
tea,treat
tea,home
tea,friendsgiving
tea,thanksgiving
tea,entertaining
tea,downtownroyaloak
tea,royaloakmi
hotbeverage,pumpkinspice
hotbeverage,teaforte
hotbeverage,leaf
hotbeverage,giftset
hotbeverage,gift
hotbeverage,getwell
hotbeverage,blacktea
hotbeverage,greentea
hotbeverage,herbaltea
hotbeverage,cozy
hotbeverage,
hotbeverage,rest
hotbeverage,relaxation
hotbeverage,unwind
hotbeverage,sweaterweather
hotbeverage,treat
hotbeverage,home
hotbeverage,friendsgiving
hotbeverage,thanksgiving
hotbeverage,entertaining
hotbeverage,downtownroyaloak
hotbeverage,royaloakmi
pumpkinspice,teaforte
pumpkinspice,leaf
pumpkinspice,giftset
pumpkinspice,gift
pumpkinspice,getwell
pumpkinspice,blacktea
pumpkinspice,greentea
pumpkinspice,herbaltea
pumpkinspice,cozy
pumpkinspice,
pumpkinspice,rest
pumpkinspice,relaxation
pumpkinspice,unwind
pumpkinspice,sweaterweather
pumpkinspice,treat
pumpkinspice,home
pumpkinspice,friendsgiving
pumpkinspice,thanksgiving
pumpkinspice,entertaining
pumpkinspice,downtownroyaloak
pumpkinspice,royaloakmi
teaforte,leaf
teaforte,giftset
teaforte,gift
teaforte,getwell
teaforte,blacktea
teaforte,greentea
teaforte,herbaltea
teaforte,cozy
teaforte,
teaforte,rest
teaforte,relaxation
teaforte,unwind
teaforte,sweaterweather
teaforte,treat
teaforte,home
teaforte,friendsgiving
teaforte,thanksgiving
teaforte,entertaining
teaforte,downtownroyaloak
teaforte,royaloakmi
leaf,giftset
leaf,gift
leaf,getwell
leaf,blacktea
leaf,greentea
leaf,herbaltea
leaf,cozy
leaf,
leaf,rest
leaf,relaxation
leaf,unwind
leaf,sweaterweather
leaf,treat
leaf,home
leaf,friendsgiving
leaf,thanksgiving
leaf,entertaining
leaf,downtownroyaloak
leaf,royaloakmi
giftset,gift
giftset,getwell
giftset,blacktea
giftset,greentea
giftset,herbaltea
giftset,cozy
giftset,
giftset,rest
giftset,relaxation
giftset,unwind
giftset,sweaterweather
giftset,treat
giftset,home
giftset,friendsgiving
giftset,thanksgiving
giftset,entertaining
giftset,downtownroyaloak
giftset,royaloakmi
gift,getwell
gift,blacktea
gift,greentea
gift,herbaltea
gift,cozy
gift,
gift,rest
gift,relaxation
gift,unwind
gift,sweaterweather
gift,treat
gift,home
gift,friendsgiving
gift,thanksgiving
gift,entertaining
gift,downtownroyaloak
gift,royaloakmi
getwell,blacktea
getwell,greentea
getwell,herbaltea
getwell,cozy
getwell,
getwell,rest
getwell,relaxation
getwell,unwind
getwell,sweaterweather
getwell,treat
getwell,home
getwell,friendsgiving
getwell,thanksgiving
getwell,entertaining
getwell,downtownroyaloak
getwell,royaloakmi
blacktea,greentea
blacktea,herbaltea
blacktea,cozy
blacktea,
blacktea,rest
blacktea,relaxation
blacktea,unwind
blacktea,sweaterweather
blacktea,treat
blacktea,home
blacktea,friendsgiving
blacktea,thanksgiving
blacktea,entertaining
blacktea,downtownroyaloak
blacktea,royaloakmi
greentea,herbaltea
greentea,cozy
greentea,
greentea,rest
greentea,relaxation
greentea,unwind
greentea,sweaterweather
greentea,treat
greentea,home
greentea,friendsgiving
greentea,thanksgiving
greentea,entertaining
greentea,downtownroyaloak
greentea,royaloakmi
herbaltea,cozy
herbaltea,
herbaltea,rest
herbaltea,relaxation
herbaltea,unwind
herbaltea,sweaterweather
herbaltea,treat
herbaltea,home
herbaltea,friendsgiving
herbaltea,thanksgiving
herbaltea,entertaining
herbaltea,downtownroyaloak
herbaltea,royaloakmi
cozy,
cozy,rest
cozy,relaxation
cozy,unwind
cozy,sweaterweather
cozy,treat
cozy,home
cozy,friendsgiving
cozy,thanksgiving
cozy,entertaining
cozy,downtownroyaloak
cozy,royaloakmi
,rest
,relaxation
,unwind
,sweaterweather
,treat
,home
,friendsgiving
,thanksgiving
,entertaining
,downtownroyaloak
,royaloakmi
rest,relaxation
rest,unwind
rest,sweaterweather
rest,treat
rest,home
rest,friendsgiving
rest,thanksgiving
rest,entertaining
rest,downtownroyaloak
rest,royaloakmi
relaxation,unwind
relaxation,sweaterweather
relaxation,treat
relaxation,home
relaxation,friendsgiving
relaxation,thanksgiving
relaxation,entertaining
relaxation,downtownroyaloak
relaxation,royaloakmi
unwind,sweaterweather
unwind,treat
unwind,home
unwind,friendsgiving
unwind,thanksgiving
unwind,entertaining
unwind,downtownroyaloak
unwind,royaloakmi
sweaterweather,treat
sweaterweather,home
sweaterweather,friendsgiving
sweaterweather,thanksgiving
sweaterweather,entertaining
sweaterweather,downtownroyaloak
sweaterweather,royaloakmi
treat,home
treat,friendsgiving
treat,thanksgiving
treat,entertaining
treat,downtownroyaloak
treat,royaloakmi
home,friendsgiving
home,thanksgiving
home,entertaining
home,downtownroyaloak
home,royaloakmi
friendsgiving,thanksgiving
friendsgiving,entertaining
friendsgiving,downtownroyaloak
friendsgiving,royaloakmi
thanksgiving,entertaining
thanksgiving,downtownroyaloak
thanksgiving,royaloakmi
entertaining,downtownroyaloak
entertaining,royaloakmi
downtownroyaloak,royaloakmi
oneoakchurch,welcometochurch
oneoakchurch,royaloakmi
welcometochurch,royaloakmi
Christmascookies,confectionerycaroline
Christmascookies,cookiegram
Christmascookies,reindeer
Christmascookies,royalicing
Christmascookies,royaloakmi
Christmascookies,royaloak
confectionerycaroline,cookiegram
confectionerycaroline,reindeer
confectionerycaroline,royalicing
confectionerycaroline,royaloakmi
confectionerycaroline,royaloak
cookiegram,reindeer
cookiegram,royalicing
cookiegram,royaloakmi
cookiegram,royaloak
reindeer,royalicing
reindeer,royaloakmi
reindeer,royaloak
royalicing,royaloakmi
royalicing,royaloak
royaloakmi,royaloak
michiganrocks,food
michiganrocks,boarsheadpremiumproducts
michiganrocks,boarsheadbrand
michiganrocks,foodlovers
michiganrocks,thanksgiving
michiganrocks,givethanks
michiganrocks,krogerstoresofmichigan
michiganrocks,royaloakmi
michiganrocks,compromiseelsewhere
michiganrocks,boarsheadhotdogs
michiganrocks,mddprovisions
michiganrocks,1905
michiganrocks,boarshead
michiganrocks,breastcancerawareness
michiganrocks,fightbreastcancer
food,boarsheadpremiumproducts
food,boarsheadbrand
food,foodlovers
food,thanksgiving
food,givethanks
food,krogerstoresofmichigan
food,royaloakmi
food,compromiseelsewhere
food,boarsheadhotdogs
food,mddprovisions
food,1905
food,boarshead
food,breastcancerawareness
food,fightbreastcancer
boarsheadpremiumproducts,boarsheadbrand
boarsheadpremiumproducts,foodlovers
boarsheadpremiumproducts,thanksgiving
boarsheadpremiumproducts,givethanks
boarsheadpremiumproducts,krogerstoresofmichigan
boarsheadpremiumproducts,royaloakmi
boarsheadpremiumproducts,compromiseelsewhere
boarsheadpremiumproducts,boarsheadhotdogs
boarsheadpremiumproducts,mddprovisions
boarsheadpremiumproducts,1905
boarsheadpremiumproducts,boarshead
boarsheadpremiumproducts,breastcancerawareness
boarsheadpremiumproducts,fightbreastcancer
boarsheadbrand,foodlovers
boarsheadbrand,thanksgiving
boarsheadbrand,givethanks
boarsheadbrand,krogerstoresofmichigan
boarsheadbrand,royaloakmi
boarsheadbrand,compromiseelsewhere
boarsheadbrand,boarsheadhotdogs
boarsheadbrand,mddprovisions
boarsheadbrand,1905
boarsheadbrand,boarshead
boarsheadbrand,breastcancerawareness
boarsheadbrand,fightbreastcancer
foodlovers,thanksgiving
foodlovers,givethanks
foodlovers,krogerstoresofmichigan
foodlovers,royaloakmi
foodlovers,compromiseelsewhere
foodlovers,boarsheadhotdogs
foodlovers,mddprovisions
foodlovers,1905
foodlovers,boarshead
foodlovers,breastcancerawareness
foodlovers,fightbreastcancer
thanksgiving,givethanks
thanksgiving,krogerstoresofmichigan
thanksgiving,royaloakmi
thanksgiving,compromiseelsewhere
thanksgiving,boarsheadhotdogs
thanksgiving,mddprovisions
thanksgiving,1905
thanksgiving,boarshead
thanksgiving,breastcancerawareness
thanksgiving,fightbreastcancer
givethanks,krogerstoresofmichigan
givethanks,royaloakmi
givethanks,compromiseelsewhere
givethanks,boarsheadhotdogs
givethanks,mddprovisions
givethanks,1905
givethanks,boarshead
givethanks,breastcancerawareness
givethanks,fightbreastcancer
krogerstoresofmichigan,royaloakmi
krogerstoresofmichigan,compromiseelsewhere
krogerstoresofmichigan,boarsheadhotdogs
krogerstoresofmichigan,mddprovisions
krogerstoresofmichigan,1905
krogerstoresofmichigan,boarshead
krogerstoresofmichigan,breastcancerawareness
krogerstoresofmichigan,fightbreastcancer
royaloakmi,compromiseelsewhere
royaloakmi,boarsheadhotdogs
royaloakmi,mddprovisions
royaloakmi,1905
royaloakmi,boarshead
royaloakmi,breastcancerawareness
royaloakmi,fightbreastcancer
compromiseelsewhere,boarsheadhotdogs
compromiseelsewhere,mddprovisions
compromiseelsewhere,1905
compromiseelsewhere,boarshead
compromiseelsewhere,breastcancerawareness
compromiseelsewhere,fightbreastcancer
boarsheadhotdogs,mddprovisions
boarsheadhotdogs,1905
boarsheadhotdogs,boarshead
boarsheadhotdogs,breastcancerawareness
boarsheadhotdogs,fightbreastcancer
mddprovisions,1905
mddprovisions,boarshead
mddprovisions,breastcancerawareness
mddprovisions,fightbreastcancer
1905,boarshead
1905,breastcancerawareness
1905,fightbreastcancer
boarshead,breastcancerawareness
boarshead,fightbreastcancer
breastcancerawareness,fightbreastcancer
thanksgiving2016,holiday
thanksgiving2016,mddprovisions
thanksgiving2016,royaloakmi
thanksgiving2016,compromiseelsewhere
thanksgiving2016,foodies
thanksgiving2016,foodlovers
thanksgiving2016,boarsheadbrand
thanksgiving2016,boarsheadpremiumproducts
thanksgiving2016,food
thanksgiving2016,michiganrocks
holiday,mddprovisions
holiday,royaloakmi
holiday,compromiseelsewhere
holiday,foodies
holiday,foodlovers
holiday,boarsheadbrand
holiday,boarsheadpremiumproducts
holiday,food
holiday,michiganrocks
mddprovisions,royaloakmi
mddprovisions,compromiseelsewhere
mddprovisions,foodies
mddprovisions,foodlovers
mddprovisions,boarsheadbrand
mddprovisions,boarsheadpremiumproducts
mddprovisions,food
mddprovisions,michiganrocks
royaloakmi,compromiseelsewhere
royaloakmi,foodies
royaloakmi,foodlovers
royaloakmi,boarsheadbrand
royaloakmi,boarsheadpremiumproducts
royaloakmi,food
royaloakmi,michiganrocks
compromiseelsewhere,foodies
compromiseelsewhere,foodlovers
compromiseelsewhere,boarsheadbrand
compromiseelsewhere,boarsheadpremiumproducts
compromiseelsewhere,food
compromiseelsewhere,michiganrocks
foodies,foodlovers
foodies,boarsheadbrand
foodies,boarsheadpremiumproducts
foodies,food
foodies,michiganrocks
foodlovers,boarsheadbrand
foodlovers,boarsheadpremiumproducts
foodlovers,food
foodlovers,michiganrocks
boarsheadbrand,boarsheadpremiumproducts
boarsheadbrand,food
boarsheadbrand,michiganrocks
boarsheadpremiumproducts,food
boarsheadpremiumproducts,michiganrocks
food,michiganrocks
iamNikkiMaybee,mondaymotivation
iamNikkiMaybee,cutit
iamNikkiMaybee,beforeandafter
iamNikkiMaybee,hairinspo
iamNikkiMaybee,hairofinstagram
iamNikkiMaybee,thecutlife
iamNikkiMaybee,hairslayer
iamNikkiMaybee,naturalhair
iamNikkiMaybee,haircut
iamNikkiMaybee,salonsimplybeautiful
iamNikkiMaybee,voiceofhair
iamNikkiMaybee,stylistshopconnect
iamNikkiMaybee,modernsalon
iamNikkiMaybee,hairvideo
iamNikkiMaybee,hairbrained
iamNikkiMaybee,hotonbeauty
iamNikkiMaybee,mobhair
iamNikkiMaybee,thehairchronicles
iamNikkiMaybee,royaloakmi
iamNikkiMaybee,licensedtocreate
iamNikkiMaybee,haircolorist
iamNikkiMaybee,hairoftheday
iamNikkiMaybee,berkleymi
iamNikkiMaybee,madeindetroit
iamNikkiMaybee,ltrcertified
iamNikkiMaybee,hairtrends
iamNikkiMaybee,allaboutdahair
iamNikkiMaybee,michiganstylist
iamNikkiMaybee,wearyourhair
mondaymotivation,cutit
mondaymotivation,beforeandafter
mondaymotivation,hairinspo
mondaymotivation,hairofinstagram
mondaymotivation,thecutlife
mondaymotivation,hairslayer
mondaymotivation,naturalhair
mondaymotivation,haircut
mondaymotivation,salonsimplybeautiful
mondaymotivation,voiceofhair
mondaymotivation,stylistshopconnect
mondaymotivation,modernsalon
mondaymotivation,hairvideo
mondaymotivation,hairbrained
mondaymotivation,hotonbeauty
mondaymotivation,mobhair
mondaymotivation,thehairchronicles
mondaymotivation,royaloakmi
mondaymotivation,licensedtocreate
mondaymotivation,haircolorist
mondaymotivation,hairoftheday
mondaymotivation,berkleymi
mondaymotivation,madeindetroit
mondaymotivation,ltrcertified
mondaymotivation,hairtrends
mondaymotivation,allaboutdahair
mondaymotivation,michiganstylist
mondaymotivation,wearyourhair
cutit,beforeandafter
cutit,hairinspo
cutit,hairofinstagram
cutit,thecutlife
cutit,hairslayer
cutit,naturalhair
cutit,haircut
cutit,salonsimplybeautiful
cutit,voiceofhair
cutit,stylistshopconnect
cutit,modernsalon
cutit,hairvideo
cutit,hairbrained
cutit,hotonbeauty
cutit,mobhair
cutit,thehairchronicles
cutit,royaloakmi
cutit,licensedtocreate
cutit,haircolorist
cutit,hairoftheday
cutit,berkleymi
cutit,madeindetroit
cutit,ltrcertified
cutit,hairtrends
cutit,allaboutdahair
cutit,michiganstylist
cutit,wearyourhair
beforeandafter,hairinspo
beforeandafter,hairofinstagram
beforeandafter,thecutlife
beforeandafter,hairslayer
beforeandafter,naturalhair
beforeandafter,haircut
beforeandafter,salonsimplybeautiful
beforeandafter,voiceofhair
beforeandafter,stylistshopconnect
beforeandafter,modernsalon
beforeandafter,hairvideo
beforeandafter,hairbrained
beforeandafter,hotonbeauty
beforeandafter,mobhair
beforeandafter,thehairchronicles
beforeandafter,royaloakmi
beforeandafter,licensedtocreate
beforeandafter,haircolorist
beforeandafter,hairoftheday
beforeandafter,berkleymi
beforeandafter,madeindetroit
beforeandafter,ltrcertified
beforeandafter,hairtrends
beforeandafter,allaboutdahair
beforeandafter,michiganstylist
beforeandafter,wearyourhair
hairinspo,hairofinstagram
hairinspo,thecutlife
hairinspo,hairslayer
hairinspo,naturalhair
hairinspo,haircut
hairinspo,salonsimplybeautiful
hairinspo,voiceofhair
hairinspo,stylistshopconnect
hairinspo,modernsalon
hairinspo,hairvideo
hairinspo,hairbrained
hairinspo,hotonbeauty
hairinspo,mobhair
hairinspo,thehairchronicles
hairinspo,royaloakmi
hairinspo,licensedtocreate
hairinspo,haircolorist
hairinspo,hairoftheday
hairinspo,berkleymi
hairinspo,madeindetroit
hairinspo,ltrcertified
hairinspo,hairtrends
hairinspo,allaboutdahair
hairinspo,michiganstylist
hairinspo,wearyourhair
hairofinstagram,thecutlife
hairofinstagram,hairslayer
hairofinstagram,naturalhair
hairofinstagram,haircut
hairofinstagram,salonsimplybeautiful
hairofinstagram,voiceofhair
hairofinstagram,stylistshopconnect
hairofinstagram,modernsalon
hairofinstagram,hairvideo
hairofinstagram,hairbrained
hairofinstagram,hotonbeauty
hairofinstagram,mobhair
hairofinstagram,thehairchronicles
hairofinstagram,royaloakmi
hairofinstagram,licensedtocreate
hairofinstagram,haircolorist
hairofinstagram,hairoftheday
hairofinstagram,berkleymi
hairofinstagram,madeindetroit
hairofinstagram,ltrcertified
hairofinstagram,hairtrends
hairofinstagram,allaboutdahair
hairofinstagram,michiganstylist
hairofinstagram,wearyourhair
thecutlife,hairslayer
thecutlife,naturalhair
thecutlife,haircut
thecutlife,salonsimplybeautiful
thecutlife,voiceofhair
thecutlife,stylistshopconnect
thecutlife,modernsalon
thecutlife,hairvideo
thecutlife,hairbrained
thecutlife,hotonbeauty
thecutlife,mobhair
thecutlife,thehairchronicles
thecutlife,royaloakmi
thecutlife,licensedtocreate
thecutlife,haircolorist
thecutlife,hairoftheday
thecutlife,berkleymi
thecutlife,madeindetroit
thecutlife,ltrcertified
thecutlife,hairtrends
thecutlife,allaboutdahair
thecutlife,michiganstylist
thecutlife,wearyourhair
hairslayer,naturalhair
hairslayer,haircut
hairslayer,salonsimplybeautiful
hairslayer,voiceofhair
hairslayer,stylistshopconnect
hairslayer,modernsalon
hairslayer,hairvideo
hairslayer,hairbrained
hairslayer,hotonbeauty
hairslayer,mobhair
hairslayer,thehairchronicles
hairslayer,royaloakmi
hairslayer,licensedtocreate
hairslayer,haircolorist
hairslayer,hairoftheday
hairslayer,berkleymi
hairslayer,madeindetroit
hairslayer,ltrcertified
hairslayer,hairtrends
hairslayer,allaboutdahair
hairslayer,michiganstylist
hairslayer,wearyourhair
naturalhair,haircut
naturalhair,salonsimplybeautiful
naturalhair,voiceofhair
naturalhair,stylistshopconnect
naturalhair,modernsalon
naturalhair,hairvideo
naturalhair,hairbrained
naturalhair,hotonbeauty
naturalhair,mobhair
naturalhair,thehairchronicles
naturalhair,royaloakmi
naturalhair,licensedtocreate
naturalhair,haircolorist
naturalhair,hairoftheday
naturalhair,berkleymi
naturalhair,madeindetroit
naturalhair,ltrcertified
naturalhair,hairtrends
naturalhair,allaboutdahair
naturalhair,michiganstylist
naturalhair,wearyourhair
haircut,salonsimplybeautiful
haircut,voiceofhair
haircut,stylistshopconnect
haircut,modernsalon
haircut,hairvideo
haircut,hairbrained
haircut,hotonbeauty
haircut,mobhair
haircut,thehairchronicles
haircut,royaloakmi
haircut,licensedtocreate
haircut,haircolorist
haircut,hairoftheday
haircut,berkleymi
haircut,madeindetroit
haircut,ltrcertified
haircut,hairtrends
haircut,allaboutdahair
haircut,michiganstylist
haircut,wearyourhair
salonsimplybeautiful,voiceofhair
salonsimplybeautiful,stylistshopconnect
salonsimplybeautiful,modernsalon
salonsimplybeautiful,hairvideo
salonsimplybeautiful,hairbrained
salonsimplybeautiful,hotonbeauty
salonsimplybeautiful,mobhair
salonsimplybeautiful,thehairchronicles
salonsimplybeautiful,royaloakmi
salonsimplybeautiful,licensedtocreate
salonsimplybeautiful,haircolorist
salonsimplybeautiful,hairoftheday
salonsimplybeautiful,berkleymi
salonsimplybeautiful,madeindetroit
salonsimplybeautiful,ltrcertified
salonsimplybeautiful,hairtrends
salonsimplybeautiful,allaboutdahair
salonsimplybeautiful,michiganstylist
salonsimplybeautiful,wearyourhair
voiceofhair,stylistshopconnect
voiceofhair,modernsalon
voiceofhair,hairvideo
voiceofhair,hairbrained
voiceofhair,hotonbeauty
voiceofhair,mobhair
voiceofhair,thehairchronicles
voiceofhair,royaloakmi
voiceofhair,licensedtocreate
voiceofhair,haircolorist
voiceofhair,hairoftheday
voiceofhair,berkleymi
voiceofhair,madeindetroit
voiceofhair,ltrcertified
voiceofhair,hairtrends
voiceofhair,allaboutdahair
voiceofhair,michiganstylist
voiceofhair,wearyourhair
stylistshopconnect,modernsalon
stylistshopconnect,hairvideo
stylistshopconnect,hairbrained
stylistshopconnect,hotonbeauty
stylistshopconnect,mobhair
stylistshopconnect,thehairchronicles
stylistshopconnect,royaloakmi
stylistshopconnect,licensedtocreate
stylistshopconnect,haircolorist
stylistshopconnect,hairoftheday
stylistshopconnect,berkleymi
stylistshopconnect,madeindetroit
stylistshopconnect,ltrcertified
stylistshopconnect,hairtrends
stylistshopconnect,allaboutdahair
stylistshopconnect,michiganstylist
stylistshopconnect,wearyourhair
modernsalon,hairvideo
modernsalon,hairbrained
modernsalon,hotonbeauty
modernsalon,mobhair
modernsalon,thehairchronicles
modernsalon,royaloakmi
modernsalon,licensedtocreate
modernsalon,haircolorist
modernsalon,hairoftheday
modernsalon,berkleymi
modernsalon,madeindetroit
modernsalon,ltrcertified
modernsalon,hairtrends
modernsalon,allaboutdahair
modernsalon,michiganstylist
modernsalon,wearyourhair
hairvideo,hairbrained
hairvideo,hotonbeauty
hairvideo,mobhair
hairvideo,thehairchronicles
hairvideo,royaloakmi
hairvideo,licensedtocreate
hairvideo,haircolorist
hairvideo,hairoftheday
hairvideo,berkleymi
hairvideo,madeindetroit
hairvideo,ltrcertified
hairvideo,hairtrends
hairvideo,allaboutdahair
hairvideo,michiganstylist
hairvideo,wearyourhair
hairbrained,hotonbeauty
hairbrained,mobhair
hairbrained,thehairchronicles
hairbrained,royaloakmi
hairbrained,licensedtocreate
hairbrained,haircolorist
hairbrained,hairoftheday
hairbrained,berkleymi
hairbrained,madeindetroit
hairbrained,ltrcertified
hairbrained,hairtrends
hairbrained,allaboutdahair
hairbrained,michiganstylist
hairbrained,wearyourhair
hotonbeauty,mobhair
hotonbeauty,thehairchronicles
hotonbeauty,royaloakmi
hotonbeauty,licensedtocreate
hotonbeauty,haircolorist
hotonbeauty,hairoftheday
hotonbeauty,berkleymi
hotonbeauty,madeindetroit
hotonbeauty,ltrcertified
hotonbeauty,hairtrends
hotonbeauty,allaboutdahair
hotonbeauty,michiganstylist
hotonbeauty,wearyourhair
mobhair,thehairchronicles
mobhair,royaloakmi
mobhair,licensedtocreate
mobhair,haircolorist
mobhair,hairoftheday
mobhair,berkleymi
mobhair,madeindetroit
mobhair,ltrcertified
mobhair,hairtrends
mobhair,allaboutdahair
mobhair,michiganstylist
mobhair,wearyourhair
thehairchronicles,royaloakmi
thehairchronicles,licensedtocreate
thehairchronicles,haircolorist
thehairchronicles,hairoftheday
thehairchronicles,berkleymi
thehairchronicles,madeindetroit
thehairchronicles,ltrcertified
thehairchronicles,hairtrends
thehairchronicles,allaboutdahair
thehairchronicles,michiganstylist
thehairchronicles,wearyourhair
royaloakmi,licensedtocreate
royaloakmi,haircolorist
royaloakmi,hairoftheday
royaloakmi,berkleymi
royaloakmi,madeindetroit
royaloakmi,ltrcertified
royaloakmi,hairtrends
royaloakmi,allaboutdahair
royaloakmi,michiganstylist
royaloakmi,wearyourhair
licensedtocreate,haircolorist
licensedtocreate,hairoftheday
licensedtocreate,berkleymi
licensedtocreate,madeindetroit
licensedtocreate,ltrcertified
licensedtocreate,hairtrends
licensedtocreate,allaboutdahair
licensedtocreate,michiganstylist
licensedtocreate,wearyourhair
haircolorist,hairoftheday
haircolorist,berkleymi
haircolorist,madeindetroit
haircolorist,ltrcertified
haircolorist,hairtrends
haircolorist,allaboutdahair
haircolorist,michiganstylist
haircolorist,wearyourhair
hairoftheday,berkleymi
hairoftheday,madeindetroit
hairoftheday,ltrcertified
hairoftheday,hairtrends
hairoftheday,allaboutdahair
hairoftheday,michiganstylist
hairoftheday,wearyourhair
berkleymi,madeindetroit
berkleymi,ltrcertified
berkleymi,hairtrends
berkleymi,allaboutdahair
berkleymi,michiganstylist
berkleymi,wearyourhair
madeindetroit,ltrcertified
madeindetroit,hairtrends
madeindetroit,allaboutdahair
madeindetroit,michiganstylist
madeindetroit,wearyourhair
ltrcertified,hairtrends
ltrcertified,allaboutdahair
ltrcertified,michiganstylist
ltrcertified,wearyourhair
hairtrends,allaboutdahair
hairtrends,michiganstylist
hairtrends,wearyourhair
allaboutdahair,michiganstylist
allaboutdahair,wearyourhair
michiganstylist,wearyourhair
chocolate,gayleschocolates
chocolate,royaloakmi
chocolate,turkeyday
gayleschocolates,royaloakmi
gayleschocolates,turkeyday
royaloakmi,turkeyday
oneoakchurch,welcometochurch
oneoakchurch,royaloakmi
welcometochurch,royaloakmi
cactus,vase
cactus,flowers
cactus,railandanchor
cactus,royaloakmi
cactus,shopsmall
cactus,qualitygoods
vase,flowers
vase,railandanchor
vase,royaloakmi
vase,shopsmall
vase,qualitygoods
flowers,railandanchor
flowers,royaloakmi
flowers,shopsmall
flowers,qualitygoods
railandanchor,royaloakmi
railandanchor,shopsmall
railandanchor,qualitygoods
royaloakmi,shopsmall
royaloakmi,qualitygoods
shopsmall,qualitygoods
anythinggoes,dramaclub
anythinggoes,royaloakhighschool
anythinggoes,royaloakmi
anythinggoes,theater
dramaclub,royaloakhighschool
dramaclub,royaloakmi
dramaclub,theater
royaloakhighschool,royaloakmi
royaloakhighschool,theater
royaloakmi,theater
ultherapy,new
ultherapy,facelift
ultherapy,beautiful
ultherapy,face
ultherapy,beauty
ultherapy,mibodycontour
ultherapy,dearborn
ultherapy,detroit
ultherapy,michigan
ultherapy,dearbornheights
ultherapy,windsorca
ultherapy,toledooh
ultherapy,flintmi
ultherapy,annarbormi
ultherapy,cantonmi
ultherapy,livoniami
ultherapy,novimi
ultherapy,sterlingheights
ultherapy,birminghammi
ultherapy,troymi
ultherapy,royaloakmi
ultherapy,westbloomfield
ultherapy,bloomfieldhills
ultherapy,farmingtonhills
ultherapy,instalike
ultherapy,tbt
ultherapy,like4like
ultherapy,likeforlike
new,facelift
new,beautiful
new,face
new,beauty
new,mibodycontour
new,dearborn
new,detroit
new,michigan
new,dearbornheights
new,windsorca
new,toledooh
new,flintmi
new,annarbormi
new,cantonmi
new,livoniami
new,novimi
new,sterlingheights
new,birminghammi
new,troymi
new,royaloakmi
new,westbloomfield
new,bloomfieldhills
new,farmingtonhills
new,instalike
new,tbt
new,like4like
new,likeforlike
facelift,beautiful
facelift,face
facelift,beauty
facelift,mibodycontour
facelift,dearborn
facelift,detroit
facelift,michigan
facelift,dearbornheights
facelift,windsorca
facelift,toledooh
facelift,flintmi
facelift,annarbormi
facelift,cantonmi
facelift,livoniami
facelift,novimi
facelift,sterlingheights
facelift,birminghammi
facelift,troymi
facelift,royaloakmi
facelift,westbloomfield
facelift,bloomfieldhills
facelift,farmingtonhills
facelift,instalike
facelift,tbt
facelift,like4like
facelift,likeforlike
beautiful,face
beautiful,beauty
beautiful,mibodycontour
beautiful,dearborn
beautiful,detroit
beautiful,michigan
beautiful,dearbornheights
beautiful,windsorca
beautiful,toledooh
beautiful,flintmi
beautiful,annarbormi
beautiful,cantonmi
beautiful,livoniami
beautiful,novimi
beautiful,sterlingheights
beautiful,birminghammi
beautiful,troymi
beautiful,royaloakmi
beautiful,westbloomfield
beautiful,bloomfieldhills
beautiful,farmingtonhills
beautiful,instalike
beautiful,tbt
beautiful,like4like
beautiful,likeforlike
face,beauty
face,mibodycontour
face,dearborn
face,detroit
face,michigan
face,dearbornheights
face,windsorca
face,toledooh
face,flintmi
face,annarbormi
face,cantonmi
face,livoniami
face,novimi
face,sterlingheights
face,birminghammi
face,troymi
face,royaloakmi
face,westbloomfield
face,bloomfieldhills
face,farmingtonhills
face,instalike
face,tbt
face,like4like
face,likeforlike
beauty,mibodycontour
beauty,dearborn
beauty,detroit
beauty,michigan
beauty,dearbornheights
beauty,windsorca
beauty,toledooh
beauty,flintmi
beauty,annarbormi
beauty,cantonmi
beauty,livoniami
beauty,novimi
beauty,sterlingheights
beauty,birminghammi
beauty,troymi
beauty,royaloakmi
beauty,westbloomfield
beauty,bloomfieldhills
beauty,farmingtonhills
beauty,instalike
beauty,tbt
beauty,like4like
beauty,likeforlike
mibodycontour,dearborn
mibodycontour,detroit
mibodycontour,michigan
mibodycontour,dearbornheights
mibodycontour,windsorca
mibodycontour,toledooh
mibodycontour,flintmi
mibodycontour,annarbormi
mibodycontour,cantonmi
mibodycontour,livoniami
mibodycontour,novimi
mibodycontour,sterlingheights
mibodycontour,birminghammi
mibodycontour,troymi
mibodycontour,royaloakmi
mibodycontour,westbloomfield
mibodycontour,bloomfieldhills
mibodycontour,farmingtonhills
mibodycontour,instalike
mibodycontour,tbt
mibodycontour,like4like
mibodycontour,likeforlike
dearborn,detroit
dearborn,michigan
dearborn,dearbornheights
dearborn,windsorca
dearborn,toledooh
dearborn,flintmi
dearborn,annarbormi
dearborn,cantonmi
dearborn,livoniami
dearborn,novimi
dearborn,sterlingheights
dearborn,birminghammi
dearborn,troymi
dearborn,royaloakmi
dearborn,westbloomfield
dearborn,bloomfieldhills
dearborn,farmingtonhills
dearborn,instalike
dearborn,tbt
dearborn,like4like
dearborn,likeforlike
detroit,michigan
detroit,dearbornheights
detroit,windsorca
detroit,toledooh
detroit,flintmi
detroit,annarbormi
detroit,cantonmi
detroit,livoniami
detroit,novimi
detroit,sterlingheights
detroit,birminghammi
detroit,troymi
detroit,royaloakmi
detroit,westbloomfield
detroit,bloomfieldhills
detroit,farmingtonhills
detroit,instalike
detroit,tbt
detroit,like4like
detroit,likeforlike
michigan,dearbornheights
michigan,windsorca
michigan,toledooh
michigan,flintmi
michigan,annarbormi
michigan,cantonmi
michigan,livoniami
michigan,novimi
michigan,sterlingheights
michigan,birminghammi
michigan,troymi
michigan,royaloakmi
michigan,westbloomfield
michigan,bloomfieldhills
michigan,farmingtonhills
michigan,instalike
michigan,tbt
michigan,like4like
michigan,likeforlike
dearbornheights,windsorca
dearbornheights,toledooh
dearbornheights,flintmi
dearbornheights,annarbormi
dearbornheights,cantonmi
dearbornheights,livoniami
dearbornheights,novimi
dearbornheights,sterlingheights
dearbornheights,birminghammi
dearbornheights,troymi
dearbornheights,royaloakmi
dearbornheights,westbloomfield
dearbornheights,bloomfieldhills
dearbornheights,farmingtonhills
dearbornheights,instalike
dearbornheights,tbt
dearbornheights,like4like
dearbornheights,likeforlike
windsorca,toledooh
windsorca,flintmi
windsorca,annarbormi
windsorca,cantonmi
windsorca,livoniami
windsorca,novimi
windsorca,sterlingheights
windsorca,birminghammi
windsorca,troymi
windsorca,royaloakmi
windsorca,westbloomfield
windsorca,bloomfieldhills
windsorca,farmingtonhills
windsorca,instalike
windsorca,tbt
windsorca,like4like
windsorca,likeforlike
toledooh,flintmi
toledooh,annarbormi
toledooh,cantonmi
toledooh,livoniami
toledooh,novimi
toledooh,sterlingheights
toledooh,birminghammi
toledooh,troymi
toledooh,royaloakmi
toledooh,westbloomfield
toledooh,bloomfieldhills
toledooh,farmingtonhills
toledooh,instalike
toledooh,tbt
toledooh,like4like
toledooh,likeforlike
flintmi,annarbormi
flintmi,cantonmi
flintmi,livoniami
flintmi,novimi
flintmi,sterlingheights
flintmi,birminghammi
flintmi,troymi
flintmi,royaloakmi
flintmi,westbloomfield
flintmi,bloomfieldhills
flintmi,farmingtonhills
flintmi,instalike
flintmi,tbt
flintmi,like4like
flintmi,likeforlike
annarbormi,cantonmi
annarbormi,livoniami
annarbormi,novimi
annarbormi,sterlingheights
annarbormi,birminghammi
annarbormi,troymi
annarbormi,royaloakmi
annarbormi,westbloomfield
annarbormi,bloomfieldhills
annarbormi,farmingtonhills
annarbormi,instalike
annarbormi,tbt
annarbormi,like4like
annarbormi,likeforlike
cantonmi,livoniami
cantonmi,novimi
cantonmi,sterlingheights
cantonmi,birminghammi
cantonmi,troymi
cantonmi,royaloakmi
cantonmi,westbloomfield
cantonmi,bloomfieldhills
cantonmi,farmingtonhills
cantonmi,instalike
cantonmi,tbt
cantonmi,like4like
cantonmi,likeforlike
livoniami,novimi
livoniami,sterlingheights
livoniami,birminghammi
livoniami,troymi
livoniami,royaloakmi
livoniami,westbloomfield
livoniami,bloomfieldhills
livoniami,farmingtonhills
livoniami,instalike
livoniami,tbt
livoniami,like4like
livoniami,likeforlike
novimi,sterlingheights
novimi,birminghammi
novimi,troymi
novimi,royaloakmi
novimi,westbloomfield
novimi,bloomfieldhills
novimi,farmingtonhills
novimi,instalike
novimi,tbt
novimi,like4like
novimi,likeforlike
sterlingheights,birminghammi
sterlingheights,troymi
sterlingheights,royaloakmi
sterlingheights,westbloomfield
sterlingheights,bloomfieldhills
sterlingheights,farmingtonhills
sterlingheights,instalike
sterlingheights,tbt
sterlingheights,like4like
sterlingheights,likeforlike
birminghammi,troymi
birminghammi,royaloakmi
birminghammi,westbloomfield
birminghammi,bloomfieldhills
birminghammi,farmingtonhills
birminghammi,instalike
birminghammi,tbt
birminghammi,like4like
birminghammi,likeforlike
troymi,royaloakmi
troymi,westbloomfield
troymi,bloomfieldhills
troymi,farmingtonhills
troymi,instalike
troymi,tbt
troymi,like4like
troymi,likeforlike
royaloakmi,westbloomfield
royaloakmi,bloomfieldhills
royaloakmi,farmingtonhills
royaloakmi,instalike
royaloakmi,tbt
royaloakmi,like4like
royaloakmi,likeforlike
westbloomfield,bloomfieldhills
westbloomfield,farmingtonhills
westbloomfield,instalike
westbloomfield,tbt
westbloomfield,like4like
westbloomfield,likeforlike
bloomfieldhills,farmingtonhills
bloomfieldhills,instalike
bloomfieldhills,tbt
bloomfieldhills,like4like
bloomfieldhills,likeforlike
farmingtonhills,instalike
farmingtonhills,tbt
farmingtonhills,like4like
farmingtonhills,likeforlike
instalike,tbt
instalike,like4like
instalike,likeforlike
tbt,like4like
tbt,likeforlike
like4like,likeforlike
family,raysicecream
family,royaloakmi
raysicecream,royaloakmi
sunrise,newmercies
sunrise,inspired
sunrise,RoyalOakMI
sunrise,i
newmercies,inspired
newmercies,RoyalOakMI
newmercies,i
inspired,RoyalOakMI
inspired,i
RoyalOakMI,i
tag1,tag2
krogermarketplace,grandopening
krogermarketplace,royaloakmi
grandopening,royaloakmi
gellerportraits,grandrapidsmi
gellerportraits,chicagophotographer
gellerportraits,grandrapidsphotographer
gellerportraits,artistry
gellerportraits,paintedportrait
gellerportraits,kalamazoo
gellerportraits,kalamazoophotographer
gellerportraits,bloomfieldhills
gellerportraits,westbloomfield
gellerportraits,birminghammi
gellerportraits,royaloakmi
gellerportraits,portraitphotographer
gellerportraits,portraitphotographer
gellerportraits,photoshoot
gellerportraits,broncolor
grandrapidsmi,chicagophotographer
grandrapidsmi,grandrapidsphotographer
grandrapidsmi,artistry
grandrapidsmi,paintedportrait
grandrapidsmi,kalamazoo
grandrapidsmi,kalamazoophotographer
grandrapidsmi,bloomfieldhills
grandrapidsmi,westbloomfield
grandrapidsmi,birminghammi
grandrapidsmi,royaloakmi
grandrapidsmi,portraitphotographer
grandrapidsmi,portraitphotographer
grandrapidsmi,photoshoot
grandrapidsmi,broncolor
chicagophotographer,grandrapidsphotographer
chicagophotographer,artistry
chicagophotographer,paintedportrait
chicagophotographer,kalamazoo
chicagophotographer,kalamazoophotographer
chicagophotographer,bloomfieldhills
chicagophotographer,westbloomfield
chicagophotographer,birminghammi
chicagophotographer,royaloakmi
chicagophotographer,portraitphotographer
chicagophotographer,portraitphotographer
chicagophotographer,photoshoot
chicagophotographer,broncolor
grandrapidsphotographer,artistry
grandrapidsphotographer,paintedportrait
grandrapidsphotographer,kalamazoo
grandrapidsphotographer,kalamazoophotographer
grandrapidsphotographer,bloomfieldhills
grandrapidsphotographer,westbloomfield
grandrapidsphotographer,birminghammi
grandrapidsphotographer,royaloakmi
grandrapidsphotographer,portraitphotographer
grandrapidsphotographer,portraitphotographer
grandrapidsphotographer,photoshoot
grandrapidsphotographer,broncolor
artistry,paintedportrait
artistry,kalamazoo
artistry,kalamazoophotographer
artistry,bloomfieldhills
artistry,westbloomfield
artistry,birminghammi
artistry,royaloakmi
artistry,portraitphotographer
artistry,portraitphotographer
artistry,photoshoot
artistry,broncolor
paintedportrait,kalamazoo
paintedportrait,kalamazoophotographer
paintedportrait,bloomfieldhills
paintedportrait,westbloomfield
paintedportrait,birminghammi
paintedportrait,royaloakmi
paintedportrait,portraitphotographer
paintedportrait,portraitphotographer
paintedportrait,photoshoot
paintedportrait,broncolor
kalamazoo,kalamazoophotographer
kalamazoo,bloomfieldhills
kalamazoo,westbloomfield
kalamazoo,birminghammi
kalamazoo,royaloakmi
kalamazoo,portraitphotographer
kalamazoo,portraitphotographer
kalamazoo,photoshoot
kalamazoo,broncolor
kalamazoophotographer,bloomfieldhills
kalamazoophotographer,westbloomfield
kalamazoophotographer,birminghammi
kalamazoophotographer,royaloakmi
kalamazoophotographer,portraitphotographer
kalamazoophotographer,portraitphotographer
kalamazoophotographer,photoshoot
kalamazoophotographer,broncolor
bloomfieldhills,westbloomfield
bloomfieldhills,birminghammi
bloomfieldhills,royaloakmi
bloomfieldhills,portraitphotographer
bloomfieldhills,portraitphotographer
bloomfieldhills,photoshoot
bloomfieldhills,broncolor
westbloomfield,birminghammi
westbloomfield,royaloakmi
westbloomfield,portraitphotographer
westbloomfield,portraitphotographer
westbloomfield,photoshoot
westbloomfield,broncolor
birminghammi,royaloakmi
birminghammi,portraitphotographer
birminghammi,portraitphotographer
birminghammi,photoshoot
birminghammi,broncolor
royaloakmi,portraitphotographer
royaloakmi,portraitphotographer
royaloakmi,photoshoot
royaloakmi,broncolor
portraitphotographer,portraitphotographer
portraitphotographer,photoshoot
portraitphotographer,broncolor
portraitphotographer,photoshoot
portraitphotographer,broncolor
photoshoot,broncolor
prp,vampire
prp,facelift
prp,breastlift
prp,oshot
prp,pshot
prp,drrunels
prp,mibodycontour
prp,detroit
prp,dearborn
prp,michigan
prp,dearbornheights
prp,novimi
prp,cantonmi
prp,livoniami
prp,windsorca
prp,toledooh
prp,flintmi
prp,northvillemi
prp,annarbormi
prp,sterlingheights
prp,royaloakmi
prp,birminghammi
prp,troymi
prp,westbloomfield
prp,bloomfiledhills
prp,farmingtonhills
prp,farmingtonmi
prp,like4like
vampire,facelift
vampire,breastlift
vampire,oshot
vampire,pshot
vampire,drrunels
vampire,mibodycontour
vampire,detroit
vampire,dearborn
vampire,michigan
vampire,dearbornheights
vampire,novimi
vampire,cantonmi
vampire,livoniami
vampire,windsorca
vampire,toledooh
vampire,flintmi
vampire,northvillemi
vampire,annarbormi
vampire,sterlingheights
vampire,royaloakmi
vampire,birminghammi
vampire,troymi
vampire,westbloomfield
vampire,bloomfiledhills
vampire,farmingtonhills
vampire,farmingtonmi
vampire,like4like
facelift,breastlift
facelift,oshot
facelift,pshot
facelift,drrunels
facelift,mibodycontour
facelift,detroit
facelift,dearborn
facelift,michigan
facelift,dearbornheights
facelift,novimi
facelift,cantonmi
facelift,livoniami
facelift,windsorca
facelift,toledooh
facelift,flintmi
facelift,northvillemi
facelift,annarbormi
facelift,sterlingheights
facelift,royaloakmi
facelift,birminghammi
facelift,troymi
facelift,westbloomfield
facelift,bloomfiledhills
facelift,farmingtonhills
facelift,farmingtonmi
facelift,like4like
breastlift,oshot
breastlift,pshot
breastlift,drrunels
breastlift,mibodycontour
breastlift,detroit
breastlift,dearborn
breastlift,michigan
breastlift,dearbornheights
breastlift,novimi
breastlift,cantonmi
breastlift,livoniami
breastlift,windsorca
breastlift,toledooh
breastlift,flintmi
breastlift,northvillemi
breastlift,annarbormi
breastlift,sterlingheights
breastlift,royaloakmi
breastlift,birminghammi
breastlift,troymi
breastlift,westbloomfield
breastlift,bloomfiledhills
breastlift,farmingtonhills
breastlift,farmingtonmi
breastlift,like4like
oshot,pshot
oshot,drrunels
oshot,mibodycontour
oshot,detroit
oshot,dearborn
oshot,michigan
oshot,dearbornheights
oshot,novimi
oshot,cantonmi
oshot,livoniami
oshot,windsorca
oshot,toledooh
oshot,flintmi
oshot,northvillemi
oshot,annarbormi
oshot,sterlingheights
oshot,royaloakmi
oshot,birminghammi
oshot,troymi
oshot,westbloomfield
oshot,bloomfiledhills
oshot,farmingtonhills
oshot,farmingtonmi
oshot,like4like
pshot,drrunels
pshot,mibodycontour
pshot,detroit
pshot,dearborn
pshot,michigan
pshot,dearbornheights
pshot,novimi
pshot,cantonmi
pshot,livoniami
pshot,windsorca
pshot,toledooh
pshot,flintmi
pshot,northvillemi
pshot,annarbormi
pshot,sterlingheights
pshot,royaloakmi
pshot,birminghammi
pshot,troymi
pshot,westbloomfield
pshot,bloomfiledhills
pshot,farmingtonhills
pshot,farmingtonmi
pshot,like4like
drrunels,mibodycontour
drrunels,detroit
drrunels,dearborn
drrunels,michigan
drrunels,dearbornheights
drrunels,novimi
drrunels,cantonmi
drrunels,livoniami
drrunels,windsorca
drrunels,toledooh
drrunels,flintmi
drrunels,northvillemi
drrunels,annarbormi
drrunels,sterlingheights
drrunels,royaloakmi
drrunels,birminghammi
drrunels,troymi
drrunels,westbloomfield
drrunels,bloomfiledhills
drrunels,farmingtonhills
drrunels,farmingtonmi
drrunels,like4like
mibodycontour,detroit
mibodycontour,dearborn
mibodycontour,michigan
mibodycontour,dearbornheights
mibodycontour,novimi
mibodycontour,cantonmi
mibodycontour,livoniami
mibodycontour,windsorca
mibodycontour,toledooh
mibodycontour,flintmi
mibodycontour,northvillemi
mibodycontour,annarbormi
mibodycontour,sterlingheights
mibodycontour,royaloakmi
mibodycontour,birminghammi
mibodycontour,troymi
mibodycontour,westbloomfield
mibodycontour,bloomfiledhills
mibodycontour,farmingtonhills
mibodycontour,farmingtonmi
mibodycontour,like4like
detroit,dearborn
detroit,michigan
detroit,dearbornheights
detroit,novimi
detroit,cantonmi
detroit,livoniami
detroit,windsorca
detroit,toledooh
detroit,flintmi
detroit,northvillemi
detroit,annarbormi
detroit,sterlingheights
detroit,royaloakmi
detroit,birminghammi
detroit,troymi
detroit,westbloomfield
detroit,bloomfiledhills
detroit,farmingtonhills
detroit,farmingtonmi
detroit,like4like
dearborn,michigan
dearborn,dearbornheights
dearborn,novimi
dearborn,cantonmi
dearborn,livoniami
dearborn,windsorca
dearborn,toledooh
dearborn,flintmi
dearborn,northvillemi
dearborn,annarbormi
dearborn,sterlingheights
dearborn,royaloakmi
dearborn,birminghammi
dearborn,troymi
dearborn,westbloomfield
dearborn,bloomfiledhills
dearborn,farmingtonhills
dearborn,farmingtonmi
dearborn,like4like
michigan,dearbornheights
michigan,novimi
michigan,cantonmi
michigan,livoniami
michigan,windsorca
michigan,toledooh
michigan,flintmi
michigan,northvillemi
michigan,annarbormi
michigan,sterlingheights
michigan,royaloakmi
michigan,birminghammi
michigan,troymi
michigan,westbloomfield
michigan,bloomfiledhills
michigan,farmingtonhills
michigan,farmingtonmi
michigan,like4like
dearbornheights,novimi
dearbornheights,cantonmi
dearbornheights,livoniami
dearbornheights,windsorca
dearbornheights,toledooh
dearbornheights,flintmi
dearbornheights,northvillemi
dearbornheights,annarbormi
dearbornheights,sterlingheights
dearbornheights,royaloakmi
dearbornheights,birminghammi
dearbornheights,troymi
dearbornheights,westbloomfield
dearbornheights,bloomfiledhills
dearbornheights,farmingtonhills
dearbornheights,farmingtonmi
dearbornheights,like4like
novimi,cantonmi
novimi,livoniami
novimi,windsorca
novimi,toledooh
novimi,flintmi
novimi,northvillemi
novimi,annarbormi
novimi,sterlingheights
novimi,royaloakmi
novimi,birminghammi
novimi,troymi
novimi,westbloomfield
novimi,bloomfiledhills
novimi,farmingtonhills
novimi,farmingtonmi
novimi,like4like
cantonmi,livoniami
cantonmi,windsorca
cantonmi,toledooh
cantonmi,flintmi
cantonmi,northvillemi
cantonmi,annarbormi
cantonmi,sterlingheights
cantonmi,royaloakmi
cantonmi,birminghammi
cantonmi,troymi
cantonmi,westbloomfield
cantonmi,bloomfiledhills
cantonmi,farmingtonhills
cantonmi,farmingtonmi
cantonmi,like4like
livoniami,windsorca
livoniami,toledooh
livoniami,flintmi
livoniami,northvillemi
livoniami,annarbormi
livoniami,sterlingheights
livoniami,royaloakmi
livoniami,birminghammi
livoniami,troymi
livoniami,westbloomfield
livoniami,bloomfiledhills
livoniami,farmingtonhills
livoniami,farmingtonmi
livoniami,like4like
windsorca,toledooh
windsorca,flintmi
windsorca,northvillemi
windsorca,annarbormi
windsorca,sterlingheights
windsorca,royaloakmi
windsorca,birminghammi
windsorca,troymi
windsorca,westbloomfield
windsorca,bloomfiledhills
windsorca,farmingtonhills
windsorca,farmingtonmi
windsorca,like4like
toledooh,flintmi
toledooh,northvillemi
toledooh,annarbormi
toledooh,sterlingheights
toledooh,royaloakmi
toledooh,birminghammi
toledooh,troymi
toledooh,westbloomfield
toledooh,bloomfiledhills
toledooh,farmingtonhills
toledooh,farmingtonmi
toledooh,like4like
flintmi,northvillemi
flintmi,annarbormi
flintmi,sterlingheights
flintmi,royaloakmi
flintmi,birminghammi
flintmi,troymi
flintmi,westbloomfield
flintmi,bloomfiledhills
flintmi,farmingtonhills
flintmi,farmingtonmi
flintmi,like4like
northvillemi,annarbormi
northvillemi,sterlingheights
northvillemi,royaloakmi
northvillemi,birminghammi
northvillemi,troymi
northvillemi,westbloomfield
northvillemi,bloomfiledhills
northvillemi,farmingtonhills
northvillemi,farmingtonmi
northvillemi,like4like
annarbormi,sterlingheights
annarbormi,royaloakmi
annarbormi,birminghammi
annarbormi,troymi
annarbormi,westbloomfield
annarbormi,bloomfiledhills
annarbormi,farmingtonhills
annarbormi,farmingtonmi
annarbormi,like4like
sterlingheights,royaloakmi
sterlingheights,birminghammi
sterlingheights,troymi
sterlingheights,westbloomfield
sterlingheights,bloomfiledhills
sterlingheights,farmingtonhills
sterlingheights,farmingtonmi
sterlingheights,like4like
royaloakmi,birminghammi
royaloakmi,troymi
royaloakmi,westbloomfield
royaloakmi,bloomfiledhills
royaloakmi,farmingtonhills
royaloakmi,farmingtonmi
royaloakmi,like4like
birminghammi,troymi
birminghammi,westbloomfield
birminghammi,bloomfiledhills
birminghammi,farmingtonhills
birminghammi,farmingtonmi
birminghammi,like4like
troymi,westbloomfield
troymi,bloomfiledhills
troymi,farmingtonhills
troymi,farmingtonmi
troymi,like4like
westbloomfield,bloomfiledhills
westbloomfield,farmingtonhills
westbloomfield,farmingtonmi
westbloomfield,like4like
bloomfiledhills,farmingtonhills
bloomfiledhills,farmingtonmi
bloomfiledhills,like4like
farmingtonhills,farmingtonmi
farmingtonhills,like4like
farmingtonmi,like4like
pendleton,woolenmills
pendleton,blanket
pendleton,cozy
pendleton,madeinUSA
pendleton,railandanchor
pendleton,royaloakmi
pendleton,shopsmall
pendleton,qualitygoods
woolenmills,blanket
woolenmills,cozy
woolenmills,madeinUSA
woolenmills,railandanchor
woolenmills,royaloakmi
woolenmills,shopsmall
woolenmills,qualitygoods
blanket,cozy
blanket,madeinUSA
blanket,railandanchor
blanket,royaloakmi
blanket,shopsmall
blanket,qualitygoods
cozy,madeinUSA
cozy,railandanchor
cozy,royaloakmi
cozy,shopsmall
cozy,qualitygoods
madeinUSA,railandanchor
madeinUSA,royaloakmi
madeinUSA,shopsmall
madeinUSA,qualitygoods
railandanchor,royaloakmi
railandanchor,shopsmall
railandanchor,qualitygoods
royaloakmi,shopsmall
royaloakmi,qualitygoods
shopsmall,qualitygoods
oneoakchurch,oneoakkids
oneoakchurch,royaloakmi
oneoakchurch,youbelonghereoneoak
oneoakkids,royaloakmi
oneoakkids,youbelonghereoneoak
royaloakmi,youbelonghereoneoak
michigan,ilovemichigan
michigan,royaloakmi
michigan,royaloak
michigan,autumn
michigan,fall
michigan,leaves
michigan,nature
michigan,naturelovers
michigan,naturephotography
michigan,photography
michigan,photographylovers
michigan,photographyeveryday
michigan,everydaylife
michigan,everydayphotography
ilovemichigan,royaloakmi
ilovemichigan,royaloak
ilovemichigan,autumn
ilovemichigan,fall
ilovemichigan,leaves
ilovemichigan,nature
ilovemichigan,naturelovers
ilovemichigan,naturephotography
ilovemichigan,photography
ilovemichigan,photographylovers
ilovemichigan,photographyeveryday
ilovemichigan,everydaylife
ilovemichigan,everydayphotography
royaloakmi,royaloak
royaloakmi,autumn
royaloakmi,fall
royaloakmi,leaves
royaloakmi,nature
royaloakmi,naturelovers
royaloakmi,naturephotography
royaloakmi,photography
royaloakmi,photographylovers
royaloakmi,photographyeveryday
royaloakmi,everydaylife
royaloakmi,everydayphotography
royaloak,autumn
royaloak,fall
royaloak,leaves
royaloak,nature
royaloak,naturelovers
royaloak,naturephotography
royaloak,photography
royaloak,photographylovers
royaloak,photographyeveryday
royaloak,everydaylife
royaloak,everydayphotography
autumn,fall
autumn,leaves
autumn,nature
autumn,naturelovers
autumn,naturephotography
autumn,photography
autumn,photographylovers
autumn,photographyeveryday
autumn,everydaylife
autumn,everydayphotography
fall,leaves
fall,nature
fall,naturelovers
fall,naturephotography
fall,photography
fall,photographylovers
fall,photographyeveryday
fall,everydaylife
fall,everydayphotography
leaves,nature
leaves,naturelovers
leaves,naturephotography
leaves,photography
leaves,photographylovers
leaves,photographyeveryday
leaves,everydaylife
leaves,everydayphotography
nature,naturelovers
nature,naturephotography
nature,photography
nature,photographylovers
nature,photographyeveryday
nature,everydaylife
nature,everydayphotography
naturelovers,naturephotography
naturelovers,photography
naturelovers,photographylovers
naturelovers,photographyeveryday
naturelovers,everydaylife
naturelovers,everydayphotography
naturephotography,photography
naturephotography,photographylovers
naturephotography,photographyeveryday
naturephotography,everydaylife
naturephotography,everydayphotography
photography,photographylovers
photography,photographyeveryday
photography,everydaylife
photography,everydayphotography
photographylovers,photographyeveryday
photographylovers,everydaylife
photographylovers,everydayphotography
photographyeveryday,everydaylife
photographyeveryday,everydayphotography
everydaylife,everydayphotography
oneoakchurch,oneoakkids
oneoakchurch,royaloakmi
oneoakchurch,youbelonghereoneoak
oneoakkids,royaloakmi
oneoakkids,youbelonghereoneoak
royaloakmi,youbelonghereoneoak
motorcitygaswhiskey,motorcitygas
motorcitygaswhiskey,royaloakmi
motorcitygas,royaloakmi
dosomethingentertainmentstudios,OAKPARK
dosomethingentertainmentstudios,RepostWhiz
dosomethingentertainmentstudios,Detroit
dosomethingentertainmentstudios,michigan
dosomethingentertainmentstudios,detroit
dosomethingentertainmentstudios,puremichigan
dosomethingentertainmentstudios,goblue
dosomethingentertainmentstudios,oaklandcountymichigan
dosomethingentertainmentstudios,birminghammichigan
dosomethingentertainmentstudios,bloomfieldhills
dosomethingentertainmentstudios,RoyalOakMi
dosomethingentertainmentstudios,Windsor
dosomethingentertainmentstudios,dearborn
dosomethingentertainmentstudios,Westland
dosomethingentertainmentstudios,Inkster
dosomethingentertainmentstudios,Southfieldmi
dosomethingentertainmentstudios,detroitEastside
dosomethingentertainmentstudios,detroitWestside
dosomethingentertainmentstudios,swdetroit
dosomethingentertainmentstudios,DownRiverMi
dosomethingentertainmentstudios,DetroitsupportDetroit
dosomethingentertainmentstudios,TeamEMU
dosomethingentertainmentstudios,TeamOU
dosomethingentertainmentstudios,TeamWSU
dosomethingentertainmentstudios,waynestate
dosomethingentertainmentstudios,oaklanduniversity
dosomethingentertainmentstudios,EasternMichiganuniversity
OAKPARK,RepostWhiz
OAKPARK,Detroit
OAKPARK,michigan
OAKPARK,detroit
OAKPARK,puremichigan
OAKPARK,goblue
OAKPARK,oaklandcountymichigan
OAKPARK,birminghammichigan
OAKPARK,bloomfieldhills
OAKPARK,RoyalOakMi
OAKPARK,Windsor
OAKPARK,dearborn
OAKPARK,Westland
OAKPARK,Inkster
OAKPARK,Southfieldmi
OAKPARK,detroitEastside
OAKPARK,detroitWestside
OAKPARK,swdetroit
OAKPARK,DownRiverMi
OAKPARK,DetroitsupportDetroit
OAKPARK,TeamEMU
OAKPARK,TeamOU
OAKPARK,TeamWSU
OAKPARK,waynestate
OAKPARK,oaklanduniversity
OAKPARK,EasternMichiganuniversity
RepostWhiz,Detroit
RepostWhiz,michigan
RepostWhiz,detroit
RepostWhiz,puremichigan
RepostWhiz,goblue
RepostWhiz,oaklandcountymichigan
RepostWhiz,birminghammichigan
RepostWhiz,bloomfieldhills
RepostWhiz,RoyalOakMi
RepostWhiz,Windsor
RepostWhiz,dearborn
RepostWhiz,Westland
RepostWhiz,Inkster
RepostWhiz,Southfieldmi
RepostWhiz,detroitEastside
RepostWhiz,detroitWestside
RepostWhiz,swdetroit
RepostWhiz,DownRiverMi
RepostWhiz,DetroitsupportDetroit
RepostWhiz,TeamEMU
RepostWhiz,TeamOU
RepostWhiz,TeamWSU
RepostWhiz,waynestate
RepostWhiz,oaklanduniversity
RepostWhiz,EasternMichiganuniversity
Detroit,michigan
Detroit,detroit
Detroit,puremichigan
Detroit,goblue
Detroit,oaklandcountymichigan
Detroit,birminghammichigan
Detroit,bloomfieldhills
Detroit,RoyalOakMi
Detroit,Windsor
Detroit,dearborn
Detroit,Westland
Detroit,Inkster
Detroit,Southfieldmi
Detroit,detroitEastside
Detroit,detroitWestside
Detroit,swdetroit
Detroit,DownRiverMi
Detroit,DetroitsupportDetroit
Detroit,TeamEMU
Detroit,TeamOU
Detroit,TeamWSU
Detroit,waynestate
Detroit,oaklanduniversity
Detroit,EasternMichiganuniversity
michigan,detroit
michigan,puremichigan
michigan,goblue
michigan,oaklandcountymichigan
michigan,birminghammichigan
michigan,bloomfieldhills
michigan,RoyalOakMi
michigan,Windsor
michigan,dearborn
michigan,Westland
michigan,Inkster
michigan,Southfieldmi
michigan,detroitEastside
michigan,detroitWestside
michigan,swdetroit
michigan,DownRiverMi
michigan,DetroitsupportDetroit
michigan,TeamEMU
michigan,TeamOU
michigan,TeamWSU
michigan,waynestate
michigan,oaklanduniversity
michigan,EasternMichiganuniversity
detroit,puremichigan
detroit,goblue
detroit,oaklandcountymichigan
detroit,birminghammichigan
detroit,bloomfieldhills
detroit,RoyalOakMi
detroit,Windsor
detroit,dearborn
detroit,Westland
detroit,Inkster
detroit,Southfieldmi
detroit,detroitEastside
detroit,detroitWestside
detroit,swdetroit
detroit,DownRiverMi
detroit,DetroitsupportDetroit
detroit,TeamEMU
detroit,TeamOU
detroit,TeamWSU
detroit,waynestate
detroit,oaklanduniversity
detroit,EasternMichiganuniversity
puremichigan,goblue
puremichigan,oaklandcountymichigan
puremichigan,birminghammichigan
puremichigan,bloomfieldhills
puremichigan,RoyalOakMi
puremichigan,Windsor
puremichigan,dearborn
puremichigan,Westland
puremichigan,Inkster
puremichigan,Southfieldmi
puremichigan,detroitEastside
puremichigan,detroitWestside
puremichigan,swdetroit
puremichigan,DownRiverMi
puremichigan,DetroitsupportDetroit
puremichigan,TeamEMU
puremichigan,TeamOU
puremichigan,TeamWSU
puremichigan,waynestate
puremichigan,oaklanduniversity
puremichigan,EasternMichiganuniversity
goblue,oaklandcountymichigan
goblue,birminghammichigan
goblue,bloomfieldhills
goblue,RoyalOakMi
goblue,Windsor
goblue,dearborn
goblue,Westland
goblue,Inkster
goblue,Southfieldmi
goblue,detroitEastside
goblue,detroitWestside
goblue,swdetroit
goblue,DownRiverMi
goblue,DetroitsupportDetroit
goblue,TeamEMU
goblue,TeamOU
goblue,TeamWSU
goblue,waynestate
goblue,oaklanduniversity
goblue,EasternMichiganuniversity
oaklandcountymichigan,birminghammichigan
oaklandcountymichigan,bloomfieldhills
oaklandcountymichigan,RoyalOakMi
oaklandcountymichigan,Windsor
oaklandcountymichigan,dearborn
oaklandcountymichigan,Westland
oaklandcountymichigan,Inkster
oaklandcountymichigan,Southfieldmi
oaklandcountymichigan,detroitEastside
oaklandcountymichigan,detroitWestside
oaklandcountymichigan,swdetroit
oaklandcountymichigan,DownRiverMi
oaklandcountymichigan,DetroitsupportDetroit
oaklandcountymichigan,TeamEMU
oaklandcountymichigan,TeamOU
oaklandcountymichigan,TeamWSU
oaklandcountymichigan,waynestate
oaklandcountymichigan,oaklanduniversity
oaklandcountymichigan,EasternMichiganuniversity
birminghammichigan,bloomfieldhills
birminghammichigan,RoyalOakMi
birminghammichigan,Windsor
birminghammichigan,dearborn
birminghammichigan,Westland
birminghammichigan,Inkster
birminghammichigan,Southfieldmi
birminghammichigan,detroitEastside
birminghammichigan,detroitWestside
birminghammichigan,swdetroit
birminghammichigan,DownRiverMi
birminghammichigan,DetroitsupportDetroit
birminghammichigan,TeamEMU
birminghammichigan,TeamOU
birminghammichigan,TeamWSU
birminghammichigan,waynestate
birminghammichigan,oaklanduniversity
birminghammichigan,EasternMichiganuniversity
bloomfieldhills,RoyalOakMi
bloomfieldhills,Windsor
bloomfieldhills,dearborn
bloomfieldhills,Westland
bloomfieldhills,Inkster
bloomfieldhills,Southfieldmi
bloomfieldhills,detroitEastside
bloomfieldhills,detroitWestside
bloomfieldhills,swdetroit
bloomfieldhills,DownRiverMi
bloomfieldhills,DetroitsupportDetroit
bloomfieldhills,TeamEMU
bloomfieldhills,TeamOU
bloomfieldhills,TeamWSU
bloomfieldhills,waynestate
bloomfieldhills,oaklanduniversity
bloomfieldhills,EasternMichiganuniversity
RoyalOakMi,Windsor
RoyalOakMi,dearborn
RoyalOakMi,Westland
RoyalOakMi,Inkster
RoyalOakMi,Southfieldmi
RoyalOakMi,detroitEastside
RoyalOakMi,detroitWestside
RoyalOakMi,swdetroit
RoyalOakMi,DownRiverMi
RoyalOakMi,DetroitsupportDetroit
RoyalOakMi,TeamEMU
RoyalOakMi,TeamOU
RoyalOakMi,TeamWSU
RoyalOakMi,waynestate
RoyalOakMi,oaklanduniversity
RoyalOakMi,EasternMichiganuniversity
Windsor,dearborn
Windsor,Westland
Windsor,Inkster
Windsor,Southfieldmi
Windsor,detroitEastside
Windsor,detroitWestside
Windsor,swdetroit
Windsor,DownRiverMi
Windsor,DetroitsupportDetroit
Windsor,TeamEMU
Windsor,TeamOU
Windsor,TeamWSU
Windsor,waynestate
Windsor,oaklanduniversity
Windsor,EasternMichiganuniversity
dearborn,Westland
dearborn,Inkster
dearborn,Southfieldmi
dearborn,detroitEastside
dearborn,detroitWestside
dearborn,swdetroit
dearborn,DownRiverMi
dearborn,DetroitsupportDetroit
dearborn,TeamEMU
dearborn,TeamOU
dearborn,TeamWSU
dearborn,waynestate
dearborn,oaklanduniversity
dearborn,EasternMichiganuniversity
Westland,Inkster
Westland,Southfieldmi
Westland,detroitEastside
Westland,detroitWestside
Westland,swdetroit
Westland,DownRiverMi
Westland,DetroitsupportDetroit
Westland,TeamEMU
Westland,TeamOU
Westland,TeamWSU
Westland,waynestate
Westland,oaklanduniversity
Westland,EasternMichiganuniversity
Inkster,Southfieldmi
Inkster,detroitEastside
Inkster,detroitWestside
Inkster,swdetroit
Inkster,DownRiverMi
Inkster,DetroitsupportDetroit
Inkster,TeamEMU
Inkster,TeamOU
Inkster,TeamWSU
Inkster,waynestate
Inkster,oaklanduniversity
Inkster,EasternMichiganuniversity
Southfieldmi,detroitEastside
Southfieldmi,detroitWestside
Southfieldmi,swdetroit
Southfieldmi,DownRiverMi
Southfieldmi,DetroitsupportDetroit
Southfieldmi,TeamEMU
Southfieldmi,TeamOU
Southfieldmi,TeamWSU
Southfieldmi,waynestate
Southfieldmi,oaklanduniversity
Southfieldmi,EasternMichiganuniversity
detroitEastside,detroitWestside
detroitEastside,swdetroit
detroitEastside,DownRiverMi
detroitEastside,DetroitsupportDetroit
detroitEastside,TeamEMU
detroitEastside,TeamOU
detroitEastside,TeamWSU
detroitEastside,waynestate
detroitEastside,oaklanduniversity
detroitEastside,EasternMichiganuniversity
detroitWestside,swdetroit
detroitWestside,DownRiverMi
detroitWestside,DetroitsupportDetroit
detroitWestside,TeamEMU
detroitWestside,TeamOU
detroitWestside,TeamWSU
detroitWestside,waynestate
detroitWestside,oaklanduniversity
detroitWestside,EasternMichiganuniversity
swdetroit,DownRiverMi
swdetroit,DetroitsupportDetroit
swdetroit,TeamEMU
swdetroit,TeamOU
swdetroit,TeamWSU
swdetroit,waynestate
swdetroit,oaklanduniversity
swdetroit,EasternMichiganuniversity
DownRiverMi,DetroitsupportDetroit
DownRiverMi,TeamEMU
DownRiverMi,TeamOU
DownRiverMi,TeamWSU
DownRiverMi,waynestate
DownRiverMi,oaklanduniversity
DownRiverMi,EasternMichiganuniversity
DetroitsupportDetroit,TeamEMU
DetroitsupportDetroit,TeamOU
DetroitsupportDetroit,TeamWSU
DetroitsupportDetroit,waynestate
DetroitsupportDetroit,oaklanduniversity
DetroitsupportDetroit,EasternMichiganuniversity
TeamEMU,TeamOU
TeamEMU,TeamWSU
TeamEMU,waynestate
TeamEMU,oaklanduniversity
TeamEMU,EasternMichiganuniversity
TeamOU,TeamWSU
TeamOU,waynestate
TeamOU,oaklanduniversity
TeamOU,EasternMichiganuniversity
TeamWSU,waynestate
TeamWSU,oaklanduniversity
TeamWSU,EasternMichiganuniversity
waynestate,oaklanduniversity
waynestate,EasternMichiganuniversity
oaklanduniversity,EasternMichiganuniversity
centerstage,barrestudio
centerstage,barre
centerstage,royaloakmi
centerstage,comingsoon
barrestudio,barre
barrestudio,royaloakmi
barrestudio,comingsoon
barre,royaloakmi
barre,comingsoon
royaloakmi,comingsoon
prp,vampire
prp,facelift
prp,breastlift
prp,oshot
prp,pshot
prp,drrunels
prp,mibodycontour
prp,detroit
prp,dearborn
prp,michigan
prp,dearbornheights
prp,novimi
prp,cantonmi
prp,livoniami
prp,windsorca
prp,toledooh
prp,flintmi
prp,northvillemi
prp,annarbormi
prp,sterlingheights
prp,royaloakmi
prp,birminghammi
prp,troymi
prp,westbloomfield
prp,bloomfiledhills
prp,farmingtonhills
prp,farmingtonmi
prp,like4like
vampire,facelift
vampire,breastlift
vampire,oshot
vampire,pshot
vampire,drrunels
vampire,mibodycontour
vampire,detroit
vampire,dearborn
vampire,michigan
vampire,dearbornheights
vampire,novimi
vampire,cantonmi
vampire,livoniami
vampire,windsorca
vampire,toledooh
vampire,flintmi
vampire,northvillemi
vampire,annarbormi
vampire,sterlingheights
vampire,royaloakmi
vampire,birminghammi
vampire,troymi
vampire,westbloomfield
vampire,bloomfiledhills
vampire,farmingtonhills
vampire,farmingtonmi
vampire,like4like
facelift,breastlift
facelift,oshot
facelift,pshot
facelift,drrunels
facelift,mibodycontour
facelift,detroit
facelift,dearborn
facelift,michigan
facelift,dearbornheights
facelift,novimi
facelift,cantonmi
facelift,livoniami
facelift,windsorca
facelift,toledooh
facelift,flintmi
facelift,northvillemi
facelift,annarbormi
facelift,sterlingheights
facelift,royaloakmi
facelift,birminghammi
facelift,troymi
facelift,westbloomfield
facelift,bloomfiledhills
facelift,farmingtonhills
facelift,farmingtonmi
facelift,like4like
breastlift,oshot
breastlift,pshot
breastlift,drrunels
breastlift,mibodycontour
breastlift,detroit
breastlift,dearborn
breastlift,michigan
breastlift,dearbornheights
breastlift,novimi
breastlift,cantonmi
breastlift,livoniami
breastlift,windsorca
breastlift,toledooh
breastlift,flintmi
breastlift,northvillemi
breastlift,annarbormi
breastlift,sterlingheights
breastlift,royaloakmi
breastlift,birminghammi
breastlift,troymi
breastlift,westbloomfield
breastlift,bloomfiledhills
breastlift,farmingtonhills
breastlift,farmingtonmi
breastlift,like4like
oshot,pshot
oshot,drrunels
oshot,mibodycontour
oshot,detroit
oshot,dearborn
oshot,michigan
oshot,dearbornheights
oshot,novimi
oshot,cantonmi
oshot,livoniami
oshot,windsorca
oshot,toledooh
oshot,flintmi
oshot,northvillemi
oshot,annarbormi
oshot,sterlingheights
oshot,royaloakmi
oshot,birminghammi
oshot,troymi
oshot,westbloomfield
oshot,bloomfiledhills
oshot,farmingtonhills
oshot,farmingtonmi
oshot,like4like
pshot,drrunels
pshot,mibodycontour
pshot,detroit
pshot,dearborn
pshot,michigan
pshot,dearbornheights
pshot,novimi
pshot,cantonmi
pshot,livoniami
pshot,windsorca
pshot,toledooh
pshot,flintmi
pshot,northvillemi
pshot,annarbormi
pshot,sterlingheights
pshot,royaloakmi
pshot,birminghammi
pshot,troymi
pshot,westbloomfield
pshot,bloomfiledhills
pshot,farmingtonhills
pshot,farmingtonmi
pshot,like4like
drrunels,mibodycontour
drrunels,detroit
drrunels,dearborn
drrunels,michigan
drrunels,dearbornheights
drrunels,novimi
drrunels,cantonmi
drrunels,livoniami
drrunels,windsorca
drrunels,toledooh
drrunels,flintmi
drrunels,northvillemi
drrunels,annarbormi
drrunels,sterlingheights
drrunels,royaloakmi
drrunels,birminghammi
drrunels,troymi
drrunels,westbloomfield
drrunels,bloomfiledhills
drrunels,farmingtonhills
drrunels,farmingtonmi
drrunels,like4like
mibodycontour,detroit
mibodycontour,dearborn
mibodycontour,michigan
mibodycontour,dearbornheights
mibodycontour,novimi
mibodycontour,cantonmi
mibodycontour,livoniami
mibodycontour,windsorca
mibodycontour,toledooh
mibodycontour,flintmi
mibodycontour,northvillemi
mibodycontour,annarbormi
mibodycontour,sterlingheights
mibodycontour,royaloakmi
mibodycontour,birminghammi
mibodycontour,troymi
mibodycontour,westbloomfield
mibodycontour,bloomfiledhills
mibodycontour,farmingtonhills
mibodycontour,farmingtonmi
mibodycontour,like4like
detroit,dearborn
detroit,michigan
detroit,dearbornheights
detroit,novimi
detroit,cantonmi
detroit,livoniami
detroit,windsorca
detroit,toledooh
detroit,flintmi
detroit,northvillemi
detroit,annarbormi
detroit,sterlingheights
detroit,royaloakmi
detroit,birminghammi
detroit,troymi
detroit,westbloomfield
detroit,bloomfiledhills
detroit,farmingtonhills
detroit,farmingtonmi
detroit,like4like
dearborn,michigan
dearborn,dearbornheights
dearborn,novimi
dearborn,cantonmi
dearborn,livoniami
dearborn,windsorca
dearborn,toledooh
dearborn,flintmi
dearborn,northvillemi
dearborn,annarbormi
dearborn,sterlingheights
dearborn,royaloakmi
dearborn,birminghammi
dearborn,troymi
dearborn,westbloomfield
dearborn,bloomfiledhills
dearborn,farmingtonhills
dearborn,farmingtonmi
dearborn,like4like
michigan,dearbornheights
michigan,novimi
michigan,cantonmi
michigan,livoniami
michigan,windsorca
michigan,toledooh
michigan,flintmi
michigan,northvillemi
michigan,annarbormi
michigan,sterlingheights
michigan,royaloakmi
michigan,birminghammi
michigan,troymi
michigan,westbloomfield
michigan,bloomfiledhills
michigan,farmingtonhills
michigan,farmingtonmi
michigan,like4like
dearbornheights,novimi
dearbornheights,cantonmi
dearbornheights,livoniami
dearbornheights,windsorca
dearbornheights,toledooh
dearbornheights,flintmi
dearbornheights,northvillemi
dearbornheights,annarbormi
dearbornheights,sterlingheights
dearbornheights,royaloakmi
dearbornheights,birminghammi
dearbornheights,troymi
dearbornheights,westbloomfield
dearbornheights,bloomfiledhills
dearbornheights,farmingtonhills
dearbornheights,farmingtonmi
dearbornheights,like4like
novimi,cantonmi
novimi,livoniami
novimi,windsorca
novimi,toledooh
novimi,flintmi
novimi,northvillemi
novimi,annarbormi
novimi,sterlingheights
novimi,royaloakmi
novimi,birminghammi
novimi,troymi
novimi,westbloomfield
novimi,bloomfiledhills
novimi,farmingtonhills
novimi,farmingtonmi
novimi,like4like
cantonmi,livoniami
cantonmi,windsorca
cantonmi,toledooh
cantonmi,flintmi
cantonmi,northvillemi
cantonmi,annarbormi
cantonmi,sterlingheights
cantonmi,royaloakmi
cantonmi,birminghammi
cantonmi,troymi
cantonmi,westbloomfield
cantonmi,bloomfiledhills
cantonmi,farmingtonhills
cantonmi,farmingtonmi
cantonmi,like4like
livoniami,windsorca
livoniami,toledooh
livoniami,flintmi
livoniami,northvillemi
livoniami,annarbormi
livoniami,sterlingheights
livoniami,royaloakmi
livoniami,birminghammi
livoniami,troymi
livoniami,westbloomfield
livoniami,bloomfiledhills
livoniami,farmingtonhills
livoniami,farmingtonmi
livoniami,like4like
windsorca,toledooh
windsorca,flintmi
windsorca,northvillemi
windsorca,annarbormi
windsorca,sterlingheights
windsorca,royaloakmi
windsorca,birminghammi
windsorca,troymi
windsorca,westbloomfield
windsorca,bloomfiledhills
windsorca,farmingtonhills
windsorca,farmingtonmi
windsorca,like4like
toledooh,flintmi
toledooh,northvillemi
toledooh,annarbormi
toledooh,sterlingheights
toledooh,royaloakmi
toledooh,birminghammi
toledooh,troymi
toledooh,westbloomfield
toledooh,bloomfiledhills
toledooh,farmingtonhills
toledooh,farmingtonmi
toledooh,like4like
flintmi,northvillemi
flintmi,annarbormi
flintmi,sterlingheights
flintmi,royaloakmi
flintmi,birminghammi
flintmi,troymi
flintmi,westbloomfield
flintmi,bloomfiledhills
flintmi,farmingtonhills
flintmi,farmingtonmi
flintmi,like4like
northvillemi,annarbormi
northvillemi,sterlingheights
northvillemi,royaloakmi
northvillemi,birminghammi
northvillemi,troymi
northvillemi,westbloomfield
northvillemi,bloomfiledhills
northvillemi,farmingtonhills
northvillemi,farmingtonmi
northvillemi,like4like
annarbormi,sterlingheights
annarbormi,royaloakmi
annarbormi,birminghammi
annarbormi,troymi
annarbormi,westbloomfield
annarbormi,bloomfiledhills
annarbormi,farmingtonhills
annarbormi,farmingtonmi
annarbormi,like4like
sterlingheights,royaloakmi
sterlingheights,birminghammi
sterlingheights,troymi
sterlingheights,westbloomfield
sterlingheights,bloomfiledhills
sterlingheights,farmingtonhills
sterlingheights,farmingtonmi
sterlingheights,like4like
royaloakmi,birminghammi
royaloakmi,troymi
royaloakmi,westbloomfield
royaloakmi,bloomfiledhills
royaloakmi,farmingtonhills
royaloakmi,farmingtonmi
royaloakmi,like4like
birminghammi,troymi
birminghammi,westbloomfield
birminghammi,bloomfiledhills
birminghammi,farmingtonhills
birminghammi,farmingtonmi
birminghammi,like4like
troymi,westbloomfield
troymi,bloomfiledhills
troymi,farmingtonhills
troymi,farmingtonmi
troymi,like4like
westbloomfield,bloomfiledhills
westbloomfield,farmingtonhills
westbloomfield,farmingtonmi
westbloomfield,like4like
bloomfiledhills,farmingtonhills
bloomfiledhills,farmingtonmi
bloomfiledhills,like4like
farmingtonhills,farmingtonmi
farmingtonhills,like4like
farmingtonmi,like4like
pendleton,woolenmills
pendleton,blanket
pendleton,cozy
pendleton,madeinUSA
pendleton,railandanchor
pendleton,royaloakmi
pendleton,shopsmall
pendleton,qualitygoods
woolenmills,blanket
woolenmills,cozy
woolenmills,madeinUSA
woolenmills,railandanchor
woolenmills,royaloakmi
woolenmills,shopsmall
woolenmills,qualitygoods
blanket,cozy
blanket,madeinUSA
blanket,railandanchor
blanket,royaloakmi
blanket,shopsmall
blanket,qualitygoods
cozy,madeinUSA
cozy,railandanchor
cozy,royaloakmi
cozy,shopsmall
cozy,qualitygoods
madeinUSA,railandanchor
madeinUSA,royaloakmi
madeinUSA,shopsmall
madeinUSA,qualitygoods
railandanchor,royaloakmi
railandanchor,shopsmall
railandanchor,qualitygoods
royaloakmi,shopsmall
royaloakmi,qualitygoods
shopsmall,qualitygoods
gayleschocolates,truffletuesday
gayleschocolates,royaloakmi
truffletuesday,royaloakmi
oneoakchurch,oneoakkids
oneoakchurch,royaloakmi
oneoakchurch,youbelonghereoneoak
oneoakkids,royaloakmi
oneoakkids,youbelonghereoneoak
royaloakmi,youbelonghereoneoak
motorcitygaswhiskey,motorcitygas
motorcitygaswhiskey,royaloakmi
motorcitygas,royaloakmi
sunrise,newmercies
sunrise,inspired
sunrise,RoyalOakMI
sunrise,i
newmercies,inspired
newmercies,RoyalOakMI
newmercies,i
inspired,RoyalOakMI
inspired,i
RoyalOakMI,i
family,raysicecream
family,royaloakmi
raysicecream,royaloakmi
royaloakmi,eagleplaza
royaloakmi,shippingcontainers
eagleplaza,shippingcontainers
anythinggoes,dramaclub
anythinggoes,royaloakhighschool
anythinggoes,royaloakmi
anythinggoes,theater
dramaclub,royaloakhighschool
dramaclub,royaloakmi
dramaclub,theater
royaloakhighschool,royaloakmi
royaloakhighschool,theater
royaloakmi,theater
