tag1,tag2
ben,mj
ben,rip
ben,friends
ben,michaeljackson
ben,rat
ben,hoboken
ben,ally
ben,what
ben,peta
mj,rip
mj,friends
mj,michaeljackson
mj,rat
mj,hoboken
mj,ally
mj,what
mj,peta
rip,friends
rip,michaeljackson
rip,rat
rip,hoboken
rip,ally
rip,what
rip,peta
friends,michaeljackson
friends,rat
friends,hoboken
friends,ally
friends,what
friends,peta
michaeljackson,rat
michaeljackson,hoboken
michaeljackson,ally
michaeljackson,what
michaeljackson,peta
rat,hoboken
rat,ally
rat,what
rat,peta
hoboken,ally
hoboken,what
hoboken,peta
ally,what
ally,peta
what,peta
insomniacookies,hoboken
insomniacookies,hobokeneats
hoboken,hobokeneats
donovansdogs,wewalkweplay
donovansdogs,hobokendogpark
donovansdogs,hoboken
donovansdogs,hobokendogs
donovansdogs,dogsofhoboken
donovansdogs,dogsofinstgram
donovansdogs,instadog
donovansdogs,churchsquarepark
wewalkweplay,hobokendogpark
wewalkweplay,hoboken
wewalkweplay,hobokendogs
wewalkweplay,dogsofhoboken
wewalkweplay,dogsofinstgram
wewalkweplay,instadog
wewalkweplay,churchsquarepark
hobokendogpark,hoboken
hobokendogpark,hobokendogs
hobokendogpark,dogsofhoboken
hobokendogpark,dogsofinstgram
hobokendogpark,instadog
hobokendogpark,churchsquarepark
hoboken,hobokendogs
hoboken,dogsofhoboken
hoboken,dogsofinstgram
hoboken,instadog
hoboken,churchsquarepark
hobokendogs,dogsofhoboken
hobokendogs,dogsofinstgram
hobokendogs,instadog
hobokendogs,churchsquarepark
dogsofhoboken,dogsofinstgram
dogsofhoboken,instadog
dogsofhoboken,churchsquarepark
dogsofinstgram,instadog
dogsofinstgram,churchsquarepark
instadog,churchsquarepark
hoboken,trivia
hoboken,friends
hoboken,joey
hoboken,ross
hoboken,phoebe
hoboken,monica
hoboken,chandler
hoboken,centralperk
hoboken,freetoplay
hoboken,drinkspecials
hoboken,food
hoboken,mikiesquared
trivia,friends
trivia,joey
trivia,ross
trivia,phoebe
trivia,monica
trivia,chandler
trivia,centralperk
trivia,freetoplay
trivia,drinkspecials
trivia,food
trivia,mikiesquared
friends,joey
friends,ross
friends,phoebe
friends,monica
friends,chandler
friends,centralperk
friends,freetoplay
friends,drinkspecials
friends,food
friends,mikiesquared
joey,ross
joey,phoebe
joey,monica
joey,chandler
joey,centralperk
joey,freetoplay
joey,drinkspecials
joey,food
joey,mikiesquared
ross,phoebe
ross,monica
ross,chandler
ross,centralperk
ross,freetoplay
ross,drinkspecials
ross,food
ross,mikiesquared
phoebe,monica
phoebe,chandler
phoebe,centralperk
phoebe,freetoplay
phoebe,drinkspecials
phoebe,food
phoebe,mikiesquared
monica,chandler
monica,centralperk
monica,freetoplay
monica,drinkspecials
monica,food
monica,mikiesquared
chandler,centralperk
chandler,freetoplay
chandler,drinkspecials
chandler,food
chandler,mikiesquared
centralperk,freetoplay
centralperk,drinkspecials
centralperk,food
centralperk,mikiesquared
freetoplay,drinkspecials
freetoplay,food
freetoplay,mikiesquared
drinkspecials,food
drinkspecials,mikiesquared
food,mikiesquared
RealEstate,Realtor
RealEstate,Realty
RealEstate,BuyersAgent
RealEstate,HouseHunting
RealEstate,MillionDollarListing
RealEstate,Properties
RealEstate,Investment
RealEstate,Home
RealEstate,Listing
RealEstate,NAR
RealEstate,Renovated
RealEstate,JustListed
RealEstate,RobSumner
RealEstate,TheSutherlinGroup
RealEstate,KellerWilliams
RealEstate,KellerWilliamsCityLifeRealty
RealEstate,JerseyCity
RealEstate,Hoboken
RealEstate,DowntownJerseyCity
RealEstate,NYC
RealEstate,NewYork
RealEstate,remax
Realtor,Realty
Realtor,BuyersAgent
Realtor,HouseHunting
Realtor,MillionDollarListing
Realtor,Properties
Realtor,Investment
Realtor,Home
Realtor,Listing
Realtor,NAR
Realtor,Renovated
Realtor,JustListed
Realtor,RobSumner
Realtor,TheSutherlinGroup
Realtor,KellerWilliams
Realtor,KellerWilliamsCityLifeRealty
Realtor,JerseyCity
Realtor,Hoboken
Realtor,DowntownJerseyCity
Realtor,NYC
Realtor,NewYork
Realtor,remax
Realty,BuyersAgent
Realty,HouseHunting
Realty,MillionDollarListing
Realty,Properties
Realty,Investment
Realty,Home
Realty,Listing
Realty,NAR
Realty,Renovated
Realty,JustListed
Realty,RobSumner
Realty,TheSutherlinGroup
Realty,KellerWilliams
Realty,KellerWilliamsCityLifeRealty
Realty,JerseyCity
Realty,Hoboken
Realty,DowntownJerseyCity
Realty,NYC
Realty,NewYork
Realty,remax
BuyersAgent,HouseHunting
BuyersAgent,MillionDollarListing
BuyersAgent,Properties
BuyersAgent,Investment
BuyersAgent,Home
BuyersAgent,Listing
BuyersAgent,NAR
BuyersAgent,Renovated
BuyersAgent,JustListed
BuyersAgent,RobSumner
BuyersAgent,TheSutherlinGroup
BuyersAgent,KellerWilliams
BuyersAgent,KellerWilliamsCityLifeRealty
BuyersAgent,JerseyCity
BuyersAgent,Hoboken
BuyersAgent,DowntownJerseyCity
BuyersAgent,NYC
BuyersAgent,NewYork
BuyersAgent,remax
HouseHunting,MillionDollarListing
HouseHunting,Properties
HouseHunting,Investment
HouseHunting,Home
HouseHunting,Listing
HouseHunting,NAR
HouseHunting,Renovated
HouseHunting,JustListed
HouseHunting,RobSumner
HouseHunting,TheSutherlinGroup
HouseHunting,KellerWilliams
HouseHunting,KellerWilliamsCityLifeRealty
HouseHunting,JerseyCity
HouseHunting,Hoboken
HouseHunting,DowntownJerseyCity
HouseHunting,NYC
HouseHunting,NewYork
HouseHunting,remax
MillionDollarListing,Properties
MillionDollarListing,Investment
MillionDollarListing,Home
MillionDollarListing,Listing
MillionDollarListing,NAR
MillionDollarListing,Renovated
MillionDollarListing,JustListed
MillionDollarListing,RobSumner
MillionDollarListing,TheSutherlinGroup
MillionDollarListing,KellerWilliams
MillionDollarListing,KellerWilliamsCityLifeRealty
MillionDollarListing,JerseyCity
MillionDollarListing,Hoboken
MillionDollarListing,DowntownJerseyCity
MillionDollarListing,NYC
MillionDollarListing,NewYork
MillionDollarListing,remax
Properties,Investment
Properties,Home
Properties,Listing
Properties,NAR
Properties,Renovated
Properties,JustListed
Properties,RobSumner
Properties,TheSutherlinGroup
Properties,KellerWilliams
Properties,KellerWilliamsCityLifeRealty
Properties,JerseyCity
Properties,Hoboken
Properties,DowntownJerseyCity
Properties,NYC
Properties,NewYork
Properties,remax
Investment,Home
Investment,Listing
Investment,NAR
Investment,Renovated
Investment,JustListed
Investment,RobSumner
Investment,TheSutherlinGroup
Investment,KellerWilliams
Investment,KellerWilliamsCityLifeRealty
Investment,JerseyCity
Investment,Hoboken
Investment,DowntownJerseyCity
Investment,NYC
Investment,NewYork
Investment,remax
Home,Listing
Home,NAR
Home,Renovated
Home,JustListed
Home,RobSumner
Home,TheSutherlinGroup
Home,KellerWilliams
Home,KellerWilliamsCityLifeRealty
Home,JerseyCity
Home,Hoboken
Home,DowntownJerseyCity
Home,NYC
Home,NewYork
Home,remax
Listing,NAR
Listing,Renovated
Listing,JustListed
Listing,RobSumner
Listing,TheSutherlinGroup
Listing,KellerWilliams
Listing,KellerWilliamsCityLifeRealty
Listing,JerseyCity
Listing,Hoboken
Listing,DowntownJerseyCity
Listing,NYC
Listing,NewYork
Listing,remax
NAR,Renovated
NAR,JustListed
NAR,RobSumner
NAR,TheSutherlinGroup
NAR,KellerWilliams
NAR,KellerWilliamsCityLifeRealty
NAR,JerseyCity
NAR,Hoboken
NAR,DowntownJerseyCity
NAR,NYC
NAR,NewYork
NAR,remax
Renovated,JustListed
Renovated,RobSumner
Renovated,TheSutherlinGroup
Renovated,KellerWilliams
Renovated,KellerWilliamsCityLifeRealty
Renovated,JerseyCity
Renovated,Hoboken
Renovated,DowntownJerseyCity
Renovated,NYC
Renovated,NewYork
Renovated,remax
JustListed,RobSumner
JustListed,TheSutherlinGroup
JustListed,KellerWilliams
JustListed,KellerWilliamsCityLifeRealty
JustListed,JerseyCity
JustListed,Hoboken
JustListed,DowntownJerseyCity
JustListed,NYC
JustListed,NewYork
JustListed,remax
RobSumner,TheSutherlinGroup
RobSumner,KellerWilliams
RobSumner,KellerWilliamsCityLifeRealty
RobSumner,JerseyCity
RobSumner,Hoboken
RobSumner,DowntownJerseyCity
RobSumner,NYC
RobSumner,NewYork
RobSumner,remax
TheSutherlinGroup,KellerWilliams
TheSutherlinGroup,KellerWilliamsCityLifeRealty
TheSutherlinGroup,JerseyCity
TheSutherlinGroup,Hoboken
TheSutherlinGroup,DowntownJerseyCity
TheSutherlinGroup,NYC
TheSutherlinGroup,NewYork
TheSutherlinGroup,remax
KellerWilliams,KellerWilliamsCityLifeRealty
KellerWilliams,JerseyCity
KellerWilliams,Hoboken
KellerWilliams,DowntownJerseyCity
KellerWilliams,NYC
KellerWilliams,NewYork
KellerWilliams,remax
KellerWilliamsCityLifeRealty,JerseyCity
KellerWilliamsCityLifeRealty,Hoboken
KellerWilliamsCityLifeRealty,DowntownJerseyCity
KellerWilliamsCityLifeRealty,NYC
KellerWilliamsCityLifeRealty,NewYork
KellerWilliamsCityLifeRealty,remax
JerseyCity,Hoboken
JerseyCity,DowntownJerseyCity
JerseyCity,NYC
JerseyCity,NewYork
JerseyCity,remax
Hoboken,DowntownJerseyCity
Hoboken,NYC
Hoboken,NewYork
Hoboken,remax
DowntownJerseyCity,NYC
DowntownJerseyCity,NewYork
DowntownJerseyCity,remax
NYC,NewYork
NYC,remax
NewYork,remax
hoboken,birthdaygirl
hoboken,thecuban
hoboken,sangria
hoboken,tiltedkiltgirls
hoboken,fuckit
hoboken,werekindacool
birthdaygirl,thecuban
birthdaygirl,sangria
birthdaygirl,tiltedkiltgirls
birthdaygirl,fuckit
birthdaygirl,werekindacool
thecuban,sangria
thecuban,tiltedkiltgirls
thecuban,fuckit
thecuban,werekindacool
sangria,tiltedkiltgirls
sangria,fuckit
sangria,werekindacool
tiltedkiltgirls,fuckit
tiltedkiltgirls,werekindacool
fuckit,werekindacool
BigBlue,craftbeer
BigBlue,MNF
BigBlue,hoboken
BigBlue,hobokenbrewingco
BigBlue,NYGiants
BigBlue,trillium
craftbeer,MNF
craftbeer,hoboken
craftbeer,hobokenbrewingco
craftbeer,NYGiants
craftbeer,trillium
MNF,hoboken
MNF,hobokenbrewingco
MNF,NYGiants
MNF,trillium
hoboken,hobokenbrewingco
hoboken,NYGiants
hoboken,trillium
hobokenbrewingco,NYGiants
hobokenbrewingco,trillium
NYGiants,trillium
illtakeit,piegoals
ainsworth,season8
ainsworth,mannequinchallenge
season8,mannequinchallenge
Hoboken,morningcommute
giants,gogiants
giants,nygiants
giants,mnf
giants,mondaynightfootball
giants,lt
giants,hottie
giants,gf
giants,jersey
giants,nyc
giants,hoboken
giants,gmen
giants,goodvibes
giants,supermoon
giants,muse
gogiants,nygiants
gogiants,mnf
gogiants,mondaynightfootball
gogiants,lt
gogiants,hottie
gogiants,gf
gogiants,jersey
gogiants,nyc
gogiants,hoboken
gogiants,gmen
gogiants,goodvibes
gogiants,supermoon
gogiants,muse
nygiants,mnf
nygiants,mondaynightfootball
nygiants,lt
nygiants,hottie
nygiants,gf
nygiants,jersey
nygiants,nyc
nygiants,hoboken
nygiants,gmen
nygiants,goodvibes
nygiants,supermoon
nygiants,muse
mnf,mondaynightfootball
mnf,lt
mnf,hottie
mnf,gf
mnf,jersey
mnf,nyc
mnf,hoboken
mnf,gmen
mnf,goodvibes
mnf,supermoon
mnf,muse
mondaynightfootball,lt
mondaynightfootball,hottie
mondaynightfootball,gf
mondaynightfootball,jersey
mondaynightfootball,nyc
mondaynightfootball,hoboken
mondaynightfootball,gmen
mondaynightfootball,goodvibes
mondaynightfootball,supermoon
mondaynightfootball,muse
lt,hottie
lt,gf
lt,jersey
lt,nyc
lt,hoboken
lt,gmen
lt,goodvibes
lt,supermoon
lt,muse
hottie,gf
hottie,jersey
hottie,nyc
hottie,hoboken
hottie,gmen
hottie,goodvibes
hottie,supermoon
hottie,muse
gf,jersey
gf,nyc
gf,hoboken
gf,gmen
gf,goodvibes
gf,supermoon
gf,muse
jersey,nyc
jersey,hoboken
jersey,gmen
jersey,goodvibes
jersey,supermoon
jersey,muse
nyc,hoboken
nyc,gmen
nyc,goodvibes
nyc,supermoon
nyc,muse
hoboken,gmen
hoboken,goodvibes
hoboken,supermoon
hoboken,muse
gmen,goodvibes
gmen,supermoon
gmen,muse
goodvibes,supermoon
goodvibes,muse
supermoon,muse
,nyc
,hoboken
,newport
,jerseycity
,guess
,noshavenovember
,lit
,v
,urien
nyc,hoboken
nyc,newport
nyc,jerseycity
nyc,guess
nyc,noshavenovember
nyc,lit
nyc,v
nyc,urien
hoboken,newport
hoboken,jerseycity
hoboken,guess
hoboken,noshavenovember
hoboken,lit
hoboken,v
hoboken,urien
newport,jerseycity
newport,guess
newport,noshavenovember
newport,lit
newport,v
newport,urien
jerseycity,guess
jerseycity,noshavenovember
jerseycity,lit
jerseycity,v
jerseycity,urien
guess,noshavenovember
guess,lit
guess,v
guess,urien
noshavenovember,lit
noshavenovember,v
noshavenovember,urien
lit,v
lit,urien
v,urien
GREENROCK,tequilathursday
GREENROCK,hoboken
tequilathursday,hoboken
keepgoing,passionforpitties
keepgoing,motivationmonday
keepgoing,babypit
keepgoing,jerseycity
keepgoing,hoboken
keepgoing,thewalkingdogpetcare
passionforpitties,motivationmonday
passionforpitties,babypit
passionforpitties,jerseycity
passionforpitties,hoboken
passionforpitties,thewalkingdogpetcare
motivationmonday,babypit
motivationmonday,jerseycity
motivationmonday,hoboken
motivationmonday,thewalkingdogpetcare
babypit,jerseycity
babypit,hoboken
babypit,thewalkingdogpetcare
jerseycity,hoboken
jerseycity,thewalkingdogpetcare
hoboken,thewalkingdogpetcare
OOTD,liketkit
OOTD,Ltkunder100
liketkit,Ltkunder100
bachataandbarbells,thighgapsareoutofstyle
bachataandbarbells,hoboken
bachataandbarbells,jerseycity
bachataandbarbells,fitness
bachataandbarbells,wellness
bachataandbarbells,blogger
bachataandbarbells,citylife
thighgapsareoutofstyle,hoboken
thighgapsareoutofstyle,jerseycity
thighgapsareoutofstyle,fitness
thighgapsareoutofstyle,wellness
thighgapsareoutofstyle,blogger
thighgapsareoutofstyle,citylife
hoboken,jerseycity
hoboken,fitness
hoboken,wellness
hoboken,blogger
hoboken,citylife
jerseycity,fitness
jerseycity,wellness
jerseycity,blogger
jerseycity,citylife
fitness,wellness
fitness,blogger
fitness,citylife
wellness,blogger
wellness,citylife
blogger,citylife
art,artgeek
art,hoboken
art,leosgrandevous
art,artongrand
art,livepainting
art,artistontheroad
artgeek,hoboken
artgeek,leosgrandevous
artgeek,artongrand
artgeek,livepainting
artgeek,artistontheroad
hoboken,leosgrandevous
hoboken,artongrand
hoboken,livepainting
hoboken,artistontheroad
leosgrandevous,artongrand
leosgrandevous,livepainting
leosgrandevous,artistontheroad
artongrand,livepainting
artongrand,artistontheroad
livepainting,artistontheroad
tag1,tag2
cvs,curbside
cvs,couponer
cvs,couponingnewbie
cvs,couponingcommunity
cvs,couponcommunity
cvs,newjersey
cvs,brooklyn
cvs,newyork
cvs,riteaiddeals
cvs,walgreendeals
cvs,iso
cvs,ufs
cvs,uft
cvs,hoboken
cvs,couponing101
cvs,z100
cvs,nintendones
cvs,hatchimals
cvs,baby
cvs,mommy
curbside,couponer
curbside,couponingnewbie
curbside,couponingcommunity
curbside,couponcommunity
curbside,newjersey
curbside,brooklyn
curbside,newyork
curbside,riteaiddeals
curbside,walgreendeals
curbside,iso
curbside,ufs
curbside,uft
curbside,hoboken
curbside,couponing101
curbside,z100
curbside,nintendones
curbside,hatchimals
curbside,baby
curbside,mommy
couponer,couponingnewbie
couponer,couponingcommunity
couponer,couponcommunity
couponer,newjersey
couponer,brooklyn
couponer,newyork
couponer,riteaiddeals
couponer,walgreendeals
couponer,iso
couponer,ufs
couponer,uft
couponer,hoboken
couponer,couponing101
couponer,z100
couponer,nintendones
couponer,hatchimals
couponer,baby
couponer,mommy
couponingnewbie,couponingcommunity
couponingnewbie,couponcommunity
couponingnewbie,newjersey
couponingnewbie,brooklyn
couponingnewbie,newyork
couponingnewbie,riteaiddeals
couponingnewbie,walgreendeals
couponingnewbie,iso
couponingnewbie,ufs
couponingnewbie,uft
couponingnewbie,hoboken
couponingnewbie,couponing101
couponingnewbie,z100
couponingnewbie,nintendones
couponingnewbie,hatchimals
couponingnewbie,baby
couponingnewbie,mommy
couponingcommunity,couponcommunity
couponingcommunity,newjersey
couponingcommunity,brooklyn
couponingcommunity,newyork
couponingcommunity,riteaiddeals
couponingcommunity,walgreendeals
couponingcommunity,iso
couponingcommunity,ufs
couponingcommunity,uft
couponingcommunity,hoboken
couponingcommunity,couponing101
couponingcommunity,z100
couponingcommunity,nintendones
couponingcommunity,hatchimals
couponingcommunity,baby
couponingcommunity,mommy
couponcommunity,newjersey
couponcommunity,brooklyn
couponcommunity,newyork
couponcommunity,riteaiddeals
couponcommunity,walgreendeals
couponcommunity,iso
couponcommunity,ufs
couponcommunity,uft
couponcommunity,hoboken
couponcommunity,couponing101
couponcommunity,z100
couponcommunity,nintendones
couponcommunity,hatchimals
couponcommunity,baby
couponcommunity,mommy
newjersey,brooklyn
newjersey,newyork
newjersey,riteaiddeals
newjersey,walgreendeals
newjersey,iso
newjersey,ufs
newjersey,uft
newjersey,hoboken
newjersey,couponing101
newjersey,z100
newjersey,nintendones
newjersey,hatchimals
newjersey,baby
newjersey,mommy
brooklyn,newyork
brooklyn,riteaiddeals
brooklyn,walgreendeals
brooklyn,iso
brooklyn,ufs
brooklyn,uft
brooklyn,hoboken
brooklyn,couponing101
brooklyn,z100
brooklyn,nintendones
brooklyn,hatchimals
brooklyn,baby
brooklyn,mommy
newyork,riteaiddeals
newyork,walgreendeals
newyork,iso
newyork,ufs
newyork,uft
newyork,hoboken
newyork,couponing101
newyork,z100
newyork,nintendones
newyork,hatchimals
newyork,baby
newyork,mommy
riteaiddeals,walgreendeals
riteaiddeals,iso
riteaiddeals,ufs
riteaiddeals,uft
riteaiddeals,hoboken
riteaiddeals,couponing101
riteaiddeals,z100
riteaiddeals,nintendones
riteaiddeals,hatchimals
riteaiddeals,baby
riteaiddeals,mommy
walgreendeals,iso
walgreendeals,ufs
walgreendeals,uft
walgreendeals,hoboken
walgreendeals,couponing101
walgreendeals,z100
walgreendeals,nintendones
walgreendeals,hatchimals
walgreendeals,baby
walgreendeals,mommy
iso,ufs
iso,uft
iso,hoboken
iso,couponing101
iso,z100
iso,nintendones
iso,hatchimals
iso,baby
iso,mommy
ufs,uft
ufs,hoboken
ufs,couponing101
ufs,z100
ufs,nintendones
ufs,hatchimals
ufs,baby
ufs,mommy
uft,hoboken
uft,couponing101
uft,z100
uft,nintendones
uft,hatchimals
uft,baby
uft,mommy
hoboken,couponing101
hoboken,z100
hoboken,nintendones
hoboken,hatchimals
hoboken,baby
hoboken,mommy
couponing101,z100
couponing101,nintendones
couponing101,hatchimals
couponing101,baby
couponing101,mommy
z100,nintendones
z100,hatchimals
z100,baby
z100,mommy
nintendones,hatchimals
nintendones,baby
nintendones,mommy
hatchimals,baby
hatchimals,mommy
baby,mommy
sun,day
sun,light
sun,lights
sun,sunset
sun,bright
sun,sundown
sun,sunrise
sun,sunlight
sun,westnewyork
sun,northbergen
sun,weehawken
sun,hoboken
sun,jerseycity
sun,clouds
sun,cloud
sun,train
sun,newyork
sun,nyc
sun,manhattan
sun,yellow
sun,orange
sun,red
sun,skyline
sun,calm
sun,peace
sun,peaceful
sun,ray
sun,sunshine
day,light
day,lights
day,sunset
day,bright
day,sundown
day,sunrise
day,sunlight
day,westnewyork
day,northbergen
day,weehawken
day,hoboken
day,jerseycity
day,clouds
day,cloud
day,train
day,newyork
day,nyc
day,manhattan
day,yellow
day,orange
day,red
day,skyline
day,calm
day,peace
day,peaceful
day,ray
day,sunshine
light,lights
light,sunset
light,bright
light,sundown
light,sunrise
light,sunlight
light,westnewyork
light,northbergen
light,weehawken
light,hoboken
light,jerseycity
light,clouds
light,cloud
light,train
light,newyork
light,nyc
light,manhattan
light,yellow
light,orange
light,red
light,skyline
light,calm
light,peace
light,peaceful
light,ray
light,sunshine
lights,sunset
lights,bright
lights,sundown
lights,sunrise
lights,sunlight
lights,westnewyork
lights,northbergen
lights,weehawken
lights,hoboken
lights,jerseycity
lights,clouds
lights,cloud
lights,train
lights,newyork
lights,nyc
lights,manhattan
lights,yellow
lights,orange
lights,red
lights,skyline
lights,calm
lights,peace
lights,peaceful
lights,ray
lights,sunshine
sunset,bright
sunset,sundown
sunset,sunrise
sunset,sunlight
sunset,westnewyork
sunset,northbergen
sunset,weehawken
sunset,hoboken
sunset,jerseycity
sunset,clouds
sunset,cloud
sunset,train
sunset,newyork
sunset,nyc
sunset,manhattan
sunset,yellow
sunset,orange
sunset,red
sunset,skyline
sunset,calm
sunset,peace
sunset,peaceful
sunset,ray
sunset,sunshine
bright,sundown
bright,sunrise
bright,sunlight
bright,westnewyork
bright,northbergen
bright,weehawken
bright,hoboken
bright,jerseycity
bright,clouds
bright,cloud
bright,train
bright,newyork
bright,nyc
bright,manhattan
bright,yellow
bright,orange
bright,red
bright,skyline
bright,calm
bright,peace
bright,peaceful
bright,ray
bright,sunshine
sundown,sunrise
sundown,sunlight
sundown,westnewyork
sundown,northbergen
sundown,weehawken
sundown,hoboken
sundown,jerseycity
sundown,clouds
sundown,cloud
sundown,train
sundown,newyork
sundown,nyc
sundown,manhattan
sundown,yellow
sundown,orange
sundown,red
sundown,skyline
sundown,calm
sundown,peace
sundown,peaceful
sundown,ray
sundown,sunshine
sunrise,sunlight
sunrise,westnewyork
sunrise,northbergen
sunrise,weehawken
sunrise,hoboken
sunrise,jerseycity
sunrise,clouds
sunrise,cloud
sunrise,train
sunrise,newyork
sunrise,nyc
sunrise,manhattan
sunrise,yellow
sunrise,orange
sunrise,red
sunrise,skyline
sunrise,calm
sunrise,peace
sunrise,peaceful
sunrise,ray
sunrise,sunshine
sunlight,westnewyork
sunlight,northbergen
sunlight,weehawken
sunlight,hoboken
sunlight,jerseycity
sunlight,clouds
sunlight,cloud
sunlight,train
sunlight,newyork
sunlight,nyc
sunlight,manhattan
sunlight,yellow
sunlight,orange
sunlight,red
sunlight,skyline
sunlight,calm
sunlight,peace
sunlight,peaceful
sunlight,ray
sunlight,sunshine
westnewyork,northbergen
westnewyork,weehawken
westnewyork,hoboken
westnewyork,jerseycity
westnewyork,clouds
westnewyork,cloud
westnewyork,train
westnewyork,newyork
westnewyork,nyc
westnewyork,manhattan
westnewyork,yellow
westnewyork,orange
westnewyork,red
westnewyork,skyline
westnewyork,calm
westnewyork,peace
westnewyork,peaceful
westnewyork,ray
westnewyork,sunshine
northbergen,weehawken
northbergen,hoboken
northbergen,jerseycity
northbergen,clouds
northbergen,cloud
northbergen,train
northbergen,newyork
northbergen,nyc
northbergen,manhattan
northbergen,yellow
northbergen,orange
northbergen,red
northbergen,skyline
northbergen,calm
northbergen,peace
northbergen,peaceful
northbergen,ray
northbergen,sunshine
weehawken,hoboken
weehawken,jerseycity
weehawken,clouds
weehawken,cloud
weehawken,train
weehawken,newyork
weehawken,nyc
weehawken,manhattan
weehawken,yellow
weehawken,orange
weehawken,red
weehawken,skyline
weehawken,calm
weehawken,peace
weehawken,peaceful
weehawken,ray
weehawken,sunshine
hoboken,jerseycity
hoboken,clouds
hoboken,cloud
hoboken,train
hoboken,newyork
hoboken,nyc
hoboken,manhattan
hoboken,yellow
hoboken,orange
hoboken,red
hoboken,skyline
hoboken,calm
hoboken,peace
hoboken,peaceful
hoboken,ray
hoboken,sunshine
jerseycity,clouds
jerseycity,cloud
jerseycity,train
jerseycity,newyork
jerseycity,nyc
jerseycity,manhattan
jerseycity,yellow
jerseycity,orange
jerseycity,red
jerseycity,skyline
jerseycity,calm
jerseycity,peace
jerseycity,peaceful
jerseycity,ray
jerseycity,sunshine
clouds,cloud
clouds,train
clouds,newyork
clouds,nyc
clouds,manhattan
clouds,yellow
clouds,orange
clouds,red
clouds,skyline
clouds,calm
clouds,peace
clouds,peaceful
clouds,ray
clouds,sunshine
cloud,train
cloud,newyork
cloud,nyc
cloud,manhattan
cloud,yellow
cloud,orange
cloud,red
cloud,skyline
cloud,calm
cloud,peace
cloud,peaceful
cloud,ray
cloud,sunshine
train,newyork
train,nyc
train,manhattan
train,yellow
train,orange
train,red
train,skyline
train,calm
train,peace
train,peaceful
train,ray
train,sunshine
newyork,nyc
newyork,manhattan
newyork,yellow
newyork,orange
newyork,red
newyork,skyline
newyork,calm
newyork,peace
newyork,peaceful
newyork,ray
newyork,sunshine
nyc,manhattan
nyc,yellow
nyc,orange
nyc,red
nyc,skyline
nyc,calm
nyc,peace
nyc,peaceful
nyc,ray
nyc,sunshine
manhattan,yellow
manhattan,orange
manhattan,red
manhattan,skyline
manhattan,calm
manhattan,peace
manhattan,peaceful
manhattan,ray
manhattan,sunshine
yellow,orange
yellow,red
yellow,skyline
yellow,calm
yellow,peace
yellow,peaceful
yellow,ray
yellow,sunshine
orange,red
orange,skyline
orange,calm
orange,peace
orange,peaceful
orange,ray
orange,sunshine
red,skyline
red,calm
red,peace
red,peaceful
red,ray
red,sunshine
skyline,calm
skyline,peace
skyline,peaceful
skyline,ray
skyline,sunshine
calm,peace
calm,peaceful
calm,ray
calm,sunshine
peace,peaceful
peace,ray
peace,sunshine
peaceful,ray
peaceful,sunshine
ray,sunshine
aSoundfullBirth,birthpause
aSoundfullBirth,homebirth
aSoundfullBirth,nj
aSoundfullBirth,hoboken
aSoundfullBirth,drkathia
aSoundfullBirth,soulfullywell
aSoundfullBirth,seasonsofmotherhood
aSoundfullBirth,awe
aSoundfullBirth,gratitude
aSoundfullBirth,rightofpassage
aSoundfullBirth,extremes
aSoundfullBirth,livedtotell
aSoundfullBirth,noteasy
aSoundfullBirth,transformational
aSoundfullBirth,rebirth
aSoundfullBirth,riseagain
aSoundfullBirth,metaphorforlife
aSoundfullBirth,njmom
aSoundfullBirth,labouring
aSoundfullBirth,intense
aSoundfullBirth,defiance
aSoundfullBirth,reign
birthpause,homebirth
birthpause,nj
birthpause,hoboken
birthpause,drkathia
birthpause,soulfullywell
birthpause,seasonsofmotherhood
birthpause,awe
birthpause,gratitude
birthpause,rightofpassage
birthpause,extremes
birthpause,livedtotell
birthpause,noteasy
birthpause,transformational
birthpause,rebirth
birthpause,riseagain
birthpause,metaphorforlife
birthpause,njmom
birthpause,labouring
birthpause,intense
birthpause,defiance
birthpause,reign
homebirth,nj
homebirth,hoboken
homebirth,drkathia
homebirth,soulfullywell
homebirth,seasonsofmotherhood
homebirth,awe
homebirth,gratitude
homebirth,rightofpassage
homebirth,extremes
homebirth,livedtotell
homebirth,noteasy
homebirth,transformational
homebirth,rebirth
homebirth,riseagain
homebirth,metaphorforlife
homebirth,njmom
homebirth,labouring
homebirth,intense
homebirth,defiance
homebirth,reign
nj,hoboken
nj,drkathia
nj,soulfullywell
nj,seasonsofmotherhood
nj,awe
nj,gratitude
nj,rightofpassage
nj,extremes
nj,livedtotell
nj,noteasy
nj,transformational
nj,rebirth
nj,riseagain
nj,metaphorforlife
nj,njmom
nj,labouring
nj,intense
nj,defiance
nj,reign
hoboken,drkathia
hoboken,soulfullywell
hoboken,seasonsofmotherhood
hoboken,awe
hoboken,gratitude
hoboken,rightofpassage
hoboken,extremes
hoboken,livedtotell
hoboken,noteasy
hoboken,transformational
hoboken,rebirth
hoboken,riseagain
hoboken,metaphorforlife
hoboken,njmom
hoboken,labouring
hoboken,intense
hoboken,defiance
hoboken,reign
drkathia,soulfullywell
drkathia,seasonsofmotherhood
drkathia,awe
drkathia,gratitude
drkathia,rightofpassage
drkathia,extremes
drkathia,livedtotell
drkathia,noteasy
drkathia,transformational
drkathia,rebirth
drkathia,riseagain
drkathia,metaphorforlife
drkathia,njmom
drkathia,labouring
drkathia,intense
drkathia,defiance
drkathia,reign
soulfullywell,seasonsofmotherhood
soulfullywell,awe
soulfullywell,gratitude
soulfullywell,rightofpassage
soulfullywell,extremes
soulfullywell,livedtotell
soulfullywell,noteasy
soulfullywell,transformational
soulfullywell,rebirth
soulfullywell,riseagain
soulfullywell,metaphorforlife
soulfullywell,njmom
soulfullywell,labouring
soulfullywell,intense
soulfullywell,defiance
soulfullywell,reign
seasonsofmotherhood,awe
seasonsofmotherhood,gratitude
seasonsofmotherhood,rightofpassage
seasonsofmotherhood,extremes
seasonsofmotherhood,livedtotell
seasonsofmotherhood,noteasy
seasonsofmotherhood,transformational
seasonsofmotherhood,rebirth
seasonsofmotherhood,riseagain
seasonsofmotherhood,metaphorforlife
seasonsofmotherhood,njmom
seasonsofmotherhood,labouring
seasonsofmotherhood,intense
seasonsofmotherhood,defiance
seasonsofmotherhood,reign
awe,gratitude
awe,rightofpassage
awe,extremes
awe,livedtotell
awe,noteasy
awe,transformational
awe,rebirth
awe,riseagain
awe,metaphorforlife
awe,njmom
awe,labouring
awe,intense
awe,defiance
awe,reign
gratitude,rightofpassage
gratitude,extremes
gratitude,livedtotell
gratitude,noteasy
gratitude,transformational
gratitude,rebirth
gratitude,riseagain
gratitude,metaphorforlife
gratitude,njmom
gratitude,labouring
gratitude,intense
gratitude,defiance
gratitude,reign
rightofpassage,extremes
rightofpassage,livedtotell
rightofpassage,noteasy
rightofpassage,transformational
rightofpassage,rebirth
rightofpassage,riseagain
rightofpassage,metaphorforlife
rightofpassage,njmom
rightofpassage,labouring
rightofpassage,intense
rightofpassage,defiance
rightofpassage,reign
extremes,livedtotell
extremes,noteasy
extremes,transformational
extremes,rebirth
extremes,riseagain
extremes,metaphorforlife
extremes,njmom
extremes,labouring
extremes,intense
extremes,defiance
extremes,reign
livedtotell,noteasy
livedtotell,transformational
livedtotell,rebirth
livedtotell,riseagain
livedtotell,metaphorforlife
livedtotell,njmom
livedtotell,labouring
livedtotell,intense
livedtotell,defiance
livedtotell,reign
noteasy,transformational
noteasy,rebirth
noteasy,riseagain
noteasy,metaphorforlife
noteasy,njmom
noteasy,labouring
noteasy,intense
noteasy,defiance
noteasy,reign
transformational,rebirth
transformational,riseagain
transformational,metaphorforlife
transformational,njmom
transformational,labouring
transformational,intense
transformational,defiance
transformational,reign
rebirth,riseagain
rebirth,metaphorforlife
rebirth,njmom
rebirth,labouring
rebirth,intense
rebirth,defiance
rebirth,reign
riseagain,metaphorforlife
riseagain,njmom
riseagain,labouring
riseagain,intense
riseagain,defiance
riseagain,reign
metaphorforlife,njmom
metaphorforlife,labouring
metaphorforlife,intense
metaphorforlife,defiance
metaphorforlife,reign
njmom,labouring
njmom,intense
njmom,defiance
njmom,reign
labouring,intense
labouring,defiance
labouring,reign
intense,defiance
intense,reign
defiance,reign
throwback,modeling
throwback,Hoboken
modeling,Hoboken
foodie,foodporn
foodie,foodaddict
foodie,burgerlove
foodie,byob
foodie,burgerking
foodie,hoboken
foodie,hobokeneats
foodie,nyceats
foodie,nycfoodie
foodie,nycfood
foodie,njfood
foodie,yum
foodie,yummy
foodie,bareburger
foodie,tasty
foodie,tastemade
foodie,foodaddict
foodie,foodforthought
foodie,foodlover
foodporn,foodaddict
foodporn,burgerlove
foodporn,byob
foodporn,burgerking
foodporn,hoboken
foodporn,hobokeneats
foodporn,nyceats
foodporn,nycfoodie
foodporn,nycfood
foodporn,njfood
foodporn,yum
foodporn,yummy
foodporn,bareburger
foodporn,tasty
foodporn,tastemade
foodporn,foodaddict
foodporn,foodforthought
foodporn,foodlover
foodaddict,burgerlove
foodaddict,byob
foodaddict,burgerking
foodaddict,hoboken
foodaddict,hobokeneats
foodaddict,nyceats
foodaddict,nycfoodie
foodaddict,nycfood
foodaddict,njfood
foodaddict,yum
foodaddict,yummy
foodaddict,bareburger
foodaddict,tasty
foodaddict,tastemade
foodaddict,foodaddict
foodaddict,foodforthought
foodaddict,foodlover
burgerlove,byob
burgerlove,burgerking
burgerlove,hoboken
burgerlove,hobokeneats
burgerlove,nyceats
burgerlove,nycfoodie
burgerlove,nycfood
burgerlove,njfood
burgerlove,yum
burgerlove,yummy
burgerlove,bareburger
burgerlove,tasty
burgerlove,tastemade
burgerlove,foodaddict
burgerlove,foodforthought
burgerlove,foodlover
byob,burgerking
byob,hoboken
byob,hobokeneats
byob,nyceats
byob,nycfoodie
byob,nycfood
byob,njfood
byob,yum
byob,yummy
byob,bareburger
byob,tasty
byob,tastemade
byob,foodaddict
byob,foodforthought
byob,foodlover
burgerking,hoboken
burgerking,hobokeneats
burgerking,nyceats
burgerking,nycfoodie
burgerking,nycfood
burgerking,njfood
burgerking,yum
burgerking,yummy
burgerking,bareburger
burgerking,tasty
burgerking,tastemade
burgerking,foodaddict
burgerking,foodforthought
burgerking,foodlover
hoboken,hobokeneats
hoboken,nyceats
hoboken,nycfoodie
hoboken,nycfood
hoboken,njfood
hoboken,yum
hoboken,yummy
hoboken,bareburger
hoboken,tasty
hoboken,tastemade
hoboken,foodaddict
hoboken,foodforthought
hoboken,foodlover
hobokeneats,nyceats
hobokeneats,nycfoodie
hobokeneats,nycfood
hobokeneats,njfood
hobokeneats,yum
hobokeneats,yummy
hobokeneats,bareburger
hobokeneats,tasty
hobokeneats,tastemade
hobokeneats,foodaddict
hobokeneats,foodforthought
hobokeneats,foodlover
nyceats,nycfoodie
nyceats,nycfood
nyceats,njfood
nyceats,yum
nyceats,yummy
nyceats,bareburger
nyceats,tasty
nyceats,tastemade
nyceats,foodaddict
nyceats,foodforthought
nyceats,foodlover
nycfoodie,nycfood
nycfoodie,njfood
nycfoodie,yum
nycfoodie,yummy
nycfoodie,bareburger
nycfoodie,tasty
nycfoodie,tastemade
nycfoodie,foodaddict
nycfoodie,foodforthought
nycfoodie,foodlover
nycfood,njfood
nycfood,yum
nycfood,yummy
nycfood,bareburger
nycfood,tasty
nycfood,tastemade
nycfood,foodaddict
nycfood,foodforthought
nycfood,foodlover
njfood,yum
njfood,yummy
njfood,bareburger
njfood,tasty
njfood,tastemade
njfood,foodaddict
njfood,foodforthought
njfood,foodlover
yum,yummy
yum,bareburger
yum,tasty
yum,tastemade
yum,foodaddict
yum,foodforthought
yum,foodlover
yummy,bareburger
yummy,tasty
yummy,tastemade
yummy,foodaddict
yummy,foodforthought
yummy,foodlover
bareburger,tasty
bareburger,tastemade
bareburger,foodaddict
bareburger,foodforthought
bareburger,foodlover
tasty,tastemade
tasty,foodaddict
tasty,foodforthought
tasty,foodlover
tastemade,foodaddict
tastemade,foodforthought
tastemade,foodlover
foodaddict,foodforthought
foodaddict,foodlover
foodforthought,foodlover
hoboken,hobokendogs
hoboken,hobokendogwalking
hoboken,hobokendog
hoboken,hobokenlife
hoboken,hobokennj
hoboken,jackrussell
hoboken,jackrussellterrier
hoboken,dog
hoboken,dogsofinstgram
hoboken,jackrussellsofig
hoboken,instapup
hoboken,oldiesbutgoodies
hoboken,oldies
hoboken,jackrussellsofinstagram
hoboken,dogpark
hoboken,hobokenstyle
hoboken,hobokenplaygroups
hoboken,hobokendogtrainer
hoboken,dogsofhoboken
hoboken,prettybrowneyes
hobokendogs,hobokendogwalking
hobokendogs,hobokendog
hobokendogs,hobokenlife
hobokendogs,hobokennj
hobokendogs,jackrussell
hobokendogs,jackrussellterrier
hobokendogs,dog
hobokendogs,dogsofinstgram
hobokendogs,jackrussellsofig
hobokendogs,instapup
hobokendogs,oldiesbutgoodies
hobokendogs,oldies
hobokendogs,jackrussellsofinstagram
hobokendogs,dogpark
hobokendogs,hobokenstyle
hobokendogs,hobokenplaygroups
hobokendogs,hobokendogtrainer
hobokendogs,dogsofhoboken
hobokendogs,prettybrowneyes
hobokendogwalking,hobokendog
hobokendogwalking,hobokenlife
hobokendogwalking,hobokennj
hobokendogwalking,jackrussell
hobokendogwalking,jackrussellterrier
hobokendogwalking,dog
hobokendogwalking,dogsofinstgram
hobokendogwalking,jackrussellsofig
hobokendogwalking,instapup
hobokendogwalking,oldiesbutgoodies
hobokendogwalking,oldies
hobokendogwalking,jackrussellsofinstagram
hobokendogwalking,dogpark
hobokendogwalking,hobokenstyle
hobokendogwalking,hobokenplaygroups
hobokendogwalking,hobokendogtrainer
hobokendogwalking,dogsofhoboken
hobokendogwalking,prettybrowneyes
hobokendog,hobokenlife
hobokendog,hobokennj
hobokendog,jackrussell
hobokendog,jackrussellterrier
hobokendog,dog
hobokendog,dogsofinstgram
hobokendog,jackrussellsofig
hobokendog,instapup
hobokendog,oldiesbutgoodies
hobokendog,oldies
hobokendog,jackrussellsofinstagram
hobokendog,dogpark
hobokendog,hobokenstyle
hobokendog,hobokenplaygroups
hobokendog,hobokendogtrainer
hobokendog,dogsofhoboken
hobokendog,prettybrowneyes
hobokenlife,hobokennj
hobokenlife,jackrussell
hobokenlife,jackrussellterrier
hobokenlife,dog
hobokenlife,dogsofinstgram
hobokenlife,jackrussellsofig
hobokenlife,instapup
hobokenlife,oldiesbutgoodies
hobokenlife,oldies
hobokenlife,jackrussellsofinstagram
hobokenlife,dogpark
hobokenlife,hobokenstyle
hobokenlife,hobokenplaygroups
hobokenlife,hobokendogtrainer
hobokenlife,dogsofhoboken
hobokenlife,prettybrowneyes
hobokennj,jackrussell
hobokennj,jackrussellterrier
hobokennj,dog
hobokennj,dogsofinstgram
hobokennj,jackrussellsofig
hobokennj,instapup
hobokennj,oldiesbutgoodies
hobokennj,oldies
hobokennj,jackrussellsofinstagram
hobokennj,dogpark
hobokennj,hobokenstyle
hobokennj,hobokenplaygroups
hobokennj,hobokendogtrainer
hobokennj,dogsofhoboken
hobokennj,prettybrowneyes
jackrussell,jackrussellterrier
jackrussell,dog
jackrussell,dogsofinstgram
jackrussell,jackrussellsofig
jackrussell,instapup
jackrussell,oldiesbutgoodies
jackrussell,oldies
jackrussell,jackrussellsofinstagram
jackrussell,dogpark
jackrussell,hobokenstyle
jackrussell,hobokenplaygroups
jackrussell,hobokendogtrainer
jackrussell,dogsofhoboken
jackrussell,prettybrowneyes
jackrussellterrier,dog
jackrussellterrier,dogsofinstgram
jackrussellterrier,jackrussellsofig
jackrussellterrier,instapup
jackrussellterrier,oldiesbutgoodies
jackrussellterrier,oldies
jackrussellterrier,jackrussellsofinstagram
jackrussellterrier,dogpark
jackrussellterrier,hobokenstyle
jackrussellterrier,hobokenplaygroups
jackrussellterrier,hobokendogtrainer
jackrussellterrier,dogsofhoboken
jackrussellterrier,prettybrowneyes
dog,dogsofinstgram
dog,jackrussellsofig
dog,instapup
dog,oldiesbutgoodies
dog,oldies
dog,jackrussellsofinstagram
dog,dogpark
dog,hobokenstyle
dog,hobokenplaygroups
dog,hobokendogtrainer
dog,dogsofhoboken
dog,prettybrowneyes
dogsofinstgram,jackrussellsofig
dogsofinstgram,instapup
dogsofinstgram,oldiesbutgoodies
dogsofinstgram,oldies
dogsofinstgram,jackrussellsofinstagram
dogsofinstgram,dogpark
dogsofinstgram,hobokenstyle
dogsofinstgram,hobokenplaygroups
dogsofinstgram,hobokendogtrainer
dogsofinstgram,dogsofhoboken
dogsofinstgram,prettybrowneyes
jackrussellsofig,instapup
jackrussellsofig,oldiesbutgoodies
jackrussellsofig,oldies
jackrussellsofig,jackrussellsofinstagram
jackrussellsofig,dogpark
jackrussellsofig,hobokenstyle
jackrussellsofig,hobokenplaygroups
jackrussellsofig,hobokendogtrainer
jackrussellsofig,dogsofhoboken
jackrussellsofig,prettybrowneyes
instapup,oldiesbutgoodies
instapup,oldies
instapup,jackrussellsofinstagram
instapup,dogpark
instapup,hobokenstyle
instapup,hobokenplaygroups
instapup,hobokendogtrainer
instapup,dogsofhoboken
instapup,prettybrowneyes
oldiesbutgoodies,oldies
oldiesbutgoodies,jackrussellsofinstagram
oldiesbutgoodies,dogpark
oldiesbutgoodies,hobokenstyle
oldiesbutgoodies,hobokenplaygroups
oldiesbutgoodies,hobokendogtrainer
oldiesbutgoodies,dogsofhoboken
oldiesbutgoodies,prettybrowneyes
oldies,jackrussellsofinstagram
oldies,dogpark
oldies,hobokenstyle
oldies,hobokenplaygroups
oldies,hobokendogtrainer
oldies,dogsofhoboken
oldies,prettybrowneyes
jackrussellsofinstagram,dogpark
jackrussellsofinstagram,hobokenstyle
jackrussellsofinstagram,hobokenplaygroups
jackrussellsofinstagram,hobokendogtrainer
jackrussellsofinstagram,dogsofhoboken
jackrussellsofinstagram,prettybrowneyes
dogpark,hobokenstyle
dogpark,hobokenplaygroups
dogpark,hobokendogtrainer
dogpark,dogsofhoboken
dogpark,prettybrowneyes
hobokenstyle,hobokenplaygroups
hobokenstyle,hobokendogtrainer
hobokenstyle,dogsofhoboken
hobokenstyle,prettybrowneyes
hobokenplaygroups,hobokendogtrainer
hobokenplaygroups,dogsofhoboken
hobokenplaygroups,prettybrowneyes
hobokendogtrainer,dogsofhoboken
hobokendogtrainer,prettybrowneyes
dogsofhoboken,prettybrowneyes
Hoboken,Washingtonstreet
Hoboken,NewJersey
Hoboken,USA
Hoboken,shadows
Hoboken,fireescape
Hoboken,architecture
Washingtonstreet,NewJersey
Washingtonstreet,USA
Washingtonstreet,shadows
Washingtonstreet,fireescape
Washingtonstreet,architecture
NewJersey,USA
NewJersey,shadows
NewJersey,fireescape
NewJersey,architecture
USA,shadows
USA,fireescape
USA,architecture
shadows,fireescape
shadows,architecture
fireescape,architecture
SweetAsh,l1veapparel
SweetAsh,Live
SweetAsh,apparel
SweetAsh,shop
SweetAsh,local
SweetAsh,shoplocal
SweetAsh,Hoboken
SweetAsh,JerseyCity
SweetAsh,Bayonne
SweetAsh,Events
SweetAsh,njevents
SweetAsh,Goodvibes
SweetAsh,Peace
SweetAsh,Love
SweetAsh,fashion
SweetAsh,clothes
SweetAsh,dope
SweetAsh,trend
SweetAsh,kneehighboots
SweetAsh,shirtdress
SweetAsh,network
SweetAsh,showcase
SweetAsh,talent
SweetAsh,youngentrepreneurs
SweetAsh,dreams
SweetAsh,goals
SweetAsh,December
SweetAsh,Holidays
SweetAsh,SweetAshSoap
l1veapparel,Live
l1veapparel,apparel
l1veapparel,shop
l1veapparel,local
l1veapparel,shoplocal
l1veapparel,Hoboken
l1veapparel,JerseyCity
l1veapparel,Bayonne
l1veapparel,Events
l1veapparel,njevents
l1veapparel,Goodvibes
l1veapparel,Peace
l1veapparel,Love
l1veapparel,fashion
l1veapparel,clothes
l1veapparel,dope
l1veapparel,trend
l1veapparel,kneehighboots
l1veapparel,shirtdress
l1veapparel,network
l1veapparel,showcase
l1veapparel,talent
l1veapparel,youngentrepreneurs
l1veapparel,dreams
l1veapparel,goals
l1veapparel,December
l1veapparel,Holidays
l1veapparel,SweetAshSoap
Live,apparel
Live,shop
Live,local
Live,shoplocal
Live,Hoboken
Live,JerseyCity
Live,Bayonne
Live,Events
Live,njevents
Live,Goodvibes
Live,Peace
Live,Love
Live,fashion
Live,clothes
Live,dope
Live,trend
Live,kneehighboots
Live,shirtdress
Live,network
Live,showcase
Live,talent
Live,youngentrepreneurs
Live,dreams
Live,goals
Live,December
Live,Holidays
Live,SweetAshSoap
apparel,shop
apparel,local
apparel,shoplocal
apparel,Hoboken
apparel,JerseyCity
apparel,Bayonne
apparel,Events
apparel,njevents
apparel,Goodvibes
apparel,Peace
apparel,Love
apparel,fashion
apparel,clothes
apparel,dope
apparel,trend
apparel,kneehighboots
apparel,shirtdress
apparel,network
apparel,showcase
apparel,talent
apparel,youngentrepreneurs
apparel,dreams
apparel,goals
apparel,December
apparel,Holidays
apparel,SweetAshSoap
shop,local
shop,shoplocal
shop,Hoboken
shop,JerseyCity
shop,Bayonne
shop,Events
shop,njevents
shop,Goodvibes
shop,Peace
shop,Love
shop,fashion
shop,clothes
shop,dope
shop,trend
shop,kneehighboots
shop,shirtdress
shop,network
shop,showcase
shop,talent
shop,youngentrepreneurs
shop,dreams
shop,goals
shop,December
shop,Holidays
shop,SweetAshSoap
local,shoplocal
local,Hoboken
local,JerseyCity
local,Bayonne
local,Events
local,njevents
local,Goodvibes
local,Peace
local,Love
local,fashion
local,clothes
local,dope
local,trend
local,kneehighboots
local,shirtdress
local,network
local,showcase
local,talent
local,youngentrepreneurs
local,dreams
local,goals
local,December
local,Holidays
local,SweetAshSoap
shoplocal,Hoboken
shoplocal,JerseyCity
shoplocal,Bayonne
shoplocal,Events
shoplocal,njevents
shoplocal,Goodvibes
shoplocal,Peace
shoplocal,Love
shoplocal,fashion
shoplocal,clothes
shoplocal,dope
shoplocal,trend
shoplocal,kneehighboots
shoplocal,shirtdress
shoplocal,network
shoplocal,showcase
shoplocal,talent
shoplocal,youngentrepreneurs
shoplocal,dreams
shoplocal,goals
shoplocal,December
shoplocal,Holidays
shoplocal,SweetAshSoap
Hoboken,JerseyCity
Hoboken,Bayonne
Hoboken,Events
Hoboken,njevents
Hoboken,Goodvibes
Hoboken,Peace
Hoboken,Love
Hoboken,fashion
Hoboken,clothes
Hoboken,dope
Hoboken,trend
Hoboken,kneehighboots
Hoboken,shirtdress
Hoboken,network
Hoboken,showcase
Hoboken,talent
Hoboken,youngentrepreneurs
Hoboken,dreams
Hoboken,goals
Hoboken,December
Hoboken,Holidays
Hoboken,SweetAshSoap
JerseyCity,Bayonne
JerseyCity,Events
JerseyCity,njevents
JerseyCity,Goodvibes
JerseyCity,Peace
JerseyCity,Love
JerseyCity,fashion
JerseyCity,clothes
JerseyCity,dope
JerseyCity,trend
JerseyCity,kneehighboots
JerseyCity,shirtdress
JerseyCity,network
JerseyCity,showcase
JerseyCity,talent
JerseyCity,youngentrepreneurs
JerseyCity,dreams
JerseyCity,goals
JerseyCity,December
JerseyCity,Holidays
JerseyCity,SweetAshSoap
Bayonne,Events
Bayonne,njevents
Bayonne,Goodvibes
Bayonne,Peace
Bayonne,Love
Bayonne,fashion
Bayonne,clothes
Bayonne,dope
Bayonne,trend
Bayonne,kneehighboots
Bayonne,shirtdress
Bayonne,network
Bayonne,showcase
Bayonne,talent
Bayonne,youngentrepreneurs
Bayonne,dreams
Bayonne,goals
Bayonne,December
Bayonne,Holidays
Bayonne,SweetAshSoap
Events,njevents
Events,Goodvibes
Events,Peace
Events,Love
Events,fashion
Events,clothes
Events,dope
Events,trend
Events,kneehighboots
Events,shirtdress
Events,network
Events,showcase
Events,talent
Events,youngentrepreneurs
Events,dreams
Events,goals
Events,December
Events,Holidays
Events,SweetAshSoap
njevents,Goodvibes
njevents,Peace
njevents,Love
njevents,fashion
njevents,clothes
njevents,dope
njevents,trend
njevents,kneehighboots
njevents,shirtdress
njevents,network
njevents,showcase
njevents,talent
njevents,youngentrepreneurs
njevents,dreams
njevents,goals
njevents,December
njevents,Holidays
njevents,SweetAshSoap
Goodvibes,Peace
Goodvibes,Love
Goodvibes,fashion
Goodvibes,clothes
Goodvibes,dope
Goodvibes,trend
Goodvibes,kneehighboots
Goodvibes,shirtdress
Goodvibes,network
Goodvibes,showcase
Goodvibes,talent
Goodvibes,youngentrepreneurs
Goodvibes,dreams
Goodvibes,goals
Goodvibes,December
Goodvibes,Holidays
Goodvibes,SweetAshSoap
Peace,Love
Peace,fashion
Peace,clothes
Peace,dope
Peace,trend
Peace,kneehighboots
Peace,shirtdress
Peace,network
Peace,showcase
Peace,talent
Peace,youngentrepreneurs
Peace,dreams
Peace,goals
Peace,December
Peace,Holidays
Peace,SweetAshSoap
Love,fashion
Love,clothes
Love,dope
Love,trend
Love,kneehighboots
Love,shirtdress
Love,network
Love,showcase
Love,talent
Love,youngentrepreneurs
Love,dreams
Love,goals
Love,December
Love,Holidays
Love,SweetAshSoap
fashion,clothes
fashion,dope
fashion,trend
fashion,kneehighboots
fashion,shirtdress
fashion,network
fashion,showcase
fashion,talent
fashion,youngentrepreneurs
fashion,dreams
fashion,goals
fashion,December
fashion,Holidays
fashion,SweetAshSoap
clothes,dope
clothes,trend
clothes,kneehighboots
clothes,shirtdress
clothes,network
clothes,showcase
clothes,talent
clothes,youngentrepreneurs
clothes,dreams
clothes,goals
clothes,December
clothes,Holidays
clothes,SweetAshSoap
dope,trend
dope,kneehighboots
dope,shirtdress
dope,network
dope,showcase
dope,talent
dope,youngentrepreneurs
dope,dreams
dope,goals
dope,December
dope,Holidays
dope,SweetAshSoap
trend,kneehighboots
trend,shirtdress
trend,network
trend,showcase
trend,talent
trend,youngentrepreneurs
trend,dreams
trend,goals
trend,December
trend,Holidays
trend,SweetAshSoap
kneehighboots,shirtdress
kneehighboots,network
kneehighboots,showcase
kneehighboots,talent
kneehighboots,youngentrepreneurs
kneehighboots,dreams
kneehighboots,goals
kneehighboots,December
kneehighboots,Holidays
kneehighboots,SweetAshSoap
shirtdress,network
shirtdress,showcase
shirtdress,talent
shirtdress,youngentrepreneurs
shirtdress,dreams
shirtdress,goals
shirtdress,December
shirtdress,Holidays
shirtdress,SweetAshSoap
network,showcase
network,talent
network,youngentrepreneurs
network,dreams
network,goals
network,December
network,Holidays
network,SweetAshSoap
showcase,talent
showcase,youngentrepreneurs
showcase,dreams
showcase,goals
showcase,December
showcase,Holidays
showcase,SweetAshSoap
talent,youngentrepreneurs
talent,dreams
talent,goals
talent,December
talent,Holidays
talent,SweetAshSoap
youngentrepreneurs,dreams
youngentrepreneurs,goals
youngentrepreneurs,December
youngentrepreneurs,Holidays
youngentrepreneurs,SweetAshSoap
dreams,goals
dreams,December
dreams,Holidays
dreams,SweetAshSoap
goals,December
goals,Holidays
goals,SweetAshSoap
December,Holidays
December,SweetAshSoap
Holidays,SweetAshSoap
tattoo,halfsleeve
tattoo,sleeve
tattoo,blackandgrey
tattoo,ink
tattoo,inked
tattoo,skull
tattoo,fresh
tattoo,jerseycity
tattoo,bayonne
tattoo,hoboken
tattoo,manhattan
halfsleeve,sleeve
halfsleeve,blackandgrey
halfsleeve,ink
halfsleeve,inked
halfsleeve,skull
halfsleeve,fresh
halfsleeve,jerseycity
halfsleeve,bayonne
halfsleeve,hoboken
halfsleeve,manhattan
sleeve,blackandgrey
sleeve,ink
sleeve,inked
sleeve,skull
sleeve,fresh
sleeve,jerseycity
sleeve,bayonne
sleeve,hoboken
sleeve,manhattan
blackandgrey,ink
blackandgrey,inked
blackandgrey,skull
blackandgrey,fresh
blackandgrey,jerseycity
blackandgrey,bayonne
blackandgrey,hoboken
blackandgrey,manhattan
ink,inked
ink,skull
ink,fresh
ink,jerseycity
ink,bayonne
ink,hoboken
ink,manhattan
inked,skull
inked,fresh
inked,jerseycity
inked,bayonne
inked,hoboken
inked,manhattan
skull,fresh
skull,jerseycity
skull,bayonne
skull,hoboken
skull,manhattan
fresh,jerseycity
fresh,bayonne
fresh,hoboken
fresh,manhattan
jerseycity,bayonne
jerseycity,hoboken
jerseycity,manhattan
bayonne,hoboken
bayonne,manhattan
hoboken,manhattan
lifeisbeautiful,goodnight
lifeisbeautiful,sexy
lifeisbeautiful,lady
lifeisbeautiful,feelingood
lifeisbeautiful,smile
lifeisbeautiful,unconditional
lifeisbeautiful,me
lifeisbeautiful,natural
lifeisbeautiful,squats
lifeisbeautiful,gymlife
lifeisbeautiful,fitfam
lifeisbeautiful,fitgirl
lifeisbeautiful,fitness
lifeisbeautiful,strongwomen
lifeisbeautiful,motivation
lifeisbeautiful,sexy
lifeisbeautiful,always
lifeisbeautiful,lifeisgood
lifeisbeautiful,mood
lifeisbeautiful,goals
lifeisbeautiful,positivevibes
lifeisbeautiful,loveyourself
lifeisbeautiful,happylife
lifeisbeautiful,eathealthy
lifeisbeautiful,nyc
lifeisbeautiful,newjersey
lifeisbeautiful,hoboken
lifeisbeautiful,happy
lifeisbeautiful,loveme
lifeisbeautiful,enjoylife
goodnight,sexy
goodnight,lady
goodnight,feelingood
goodnight,smile
goodnight,unconditional
goodnight,me
goodnight,natural
goodnight,squats
goodnight,gymlife
goodnight,fitfam
goodnight,fitgirl
goodnight,fitness
goodnight,strongwomen
goodnight,motivation
goodnight,sexy
goodnight,always
goodnight,lifeisgood
goodnight,mood
goodnight,goals
goodnight,positivevibes
goodnight,loveyourself
goodnight,happylife
goodnight,eathealthy
goodnight,nyc
goodnight,newjersey
goodnight,hoboken
goodnight,happy
goodnight,loveme
goodnight,enjoylife
sexy,lady
sexy,feelingood
sexy,smile
sexy,unconditional
sexy,me
sexy,natural
sexy,squats
sexy,gymlife
sexy,fitfam
sexy,fitgirl
sexy,fitness
sexy,strongwomen
sexy,motivation
sexy,sexy
sexy,always
sexy,lifeisgood
sexy,mood
sexy,goals
sexy,positivevibes
sexy,loveyourself
sexy,happylife
sexy,eathealthy
sexy,nyc
sexy,newjersey
sexy,hoboken
sexy,happy
sexy,loveme
sexy,enjoylife
lady,feelingood
lady,smile
lady,unconditional
lady,me
lady,natural
lady,squats
lady,gymlife
lady,fitfam
lady,fitgirl
lady,fitness
lady,strongwomen
lady,motivation
lady,sexy
lady,always
lady,lifeisgood
lady,mood
lady,goals
lady,positivevibes
lady,loveyourself
lady,happylife
lady,eathealthy
lady,nyc
lady,newjersey
lady,hoboken
lady,happy
lady,loveme
lady,enjoylife
feelingood,smile
feelingood,unconditional
feelingood,me
feelingood,natural
feelingood,squats
feelingood,gymlife
feelingood,fitfam
feelingood,fitgirl
feelingood,fitness
feelingood,strongwomen
feelingood,motivation
feelingood,sexy
feelingood,always
feelingood,lifeisgood
feelingood,mood
feelingood,goals
feelingood,positivevibes
feelingood,loveyourself
feelingood,happylife
feelingood,eathealthy
feelingood,nyc
feelingood,newjersey
feelingood,hoboken
feelingood,happy
feelingood,loveme
feelingood,enjoylife
smile,unconditional
smile,me
smile,natural
smile,squats
smile,gymlife
smile,fitfam
smile,fitgirl
smile,fitness
smile,strongwomen
smile,motivation
smile,sexy
smile,always
smile,lifeisgood
smile,mood
smile,goals
smile,positivevibes
smile,loveyourself
smile,happylife
smile,eathealthy
smile,nyc
smile,newjersey
smile,hoboken
smile,happy
smile,loveme
smile,enjoylife
unconditional,me
unconditional,natural
unconditional,squats
unconditional,gymlife
unconditional,fitfam
unconditional,fitgirl
unconditional,fitness
unconditional,strongwomen
unconditional,motivation
unconditional,sexy
unconditional,always
unconditional,lifeisgood
unconditional,mood
unconditional,goals
unconditional,positivevibes
unconditional,loveyourself
unconditional,happylife
unconditional,eathealthy
unconditional,nyc
unconditional,newjersey
unconditional,hoboken
unconditional,happy
unconditional,loveme
unconditional,enjoylife
me,natural
me,squats
me,gymlife
me,fitfam
me,fitgirl
me,fitness
me,strongwomen
me,motivation
me,sexy
me,always
me,lifeisgood
me,mood
me,goals
me,positivevibes
me,loveyourself
me,happylife
me,eathealthy
me,nyc
me,newjersey
me,hoboken
me,happy
me,loveme
me,enjoylife
natural,squats
natural,gymlife
natural,fitfam
natural,fitgirl
natural,fitness
natural,strongwomen
natural,motivation
natural,sexy
natural,always
natural,lifeisgood
natural,mood
natural,goals
natural,positivevibes
natural,loveyourself
natural,happylife
natural,eathealthy
natural,nyc
natural,newjersey
natural,hoboken
natural,happy
natural,loveme
natural,enjoylife
squats,gymlife
squats,fitfam
squats,fitgirl
squats,fitness
squats,strongwomen
squats,motivation
squats,sexy
squats,always
squats,lifeisgood
squats,mood
squats,goals
squats,positivevibes
squats,loveyourself
squats,happylife
squats,eathealthy
squats,nyc
squats,newjersey
squats,hoboken
squats,happy
squats,loveme
squats,enjoylife
gymlife,fitfam
gymlife,fitgirl
gymlife,fitness
gymlife,strongwomen
gymlife,motivation
gymlife,sexy
gymlife,always
gymlife,lifeisgood
gymlife,mood
gymlife,goals
gymlife,positivevibes
gymlife,loveyourself
gymlife,happylife
gymlife,eathealthy
gymlife,nyc
gymlife,newjersey
gymlife,hoboken
gymlife,happy
gymlife,loveme
gymlife,enjoylife
fitfam,fitgirl
fitfam,fitness
fitfam,strongwomen
fitfam,motivation
fitfam,sexy
fitfam,always
fitfam,lifeisgood
fitfam,mood
fitfam,goals
fitfam,positivevibes
fitfam,loveyourself
fitfam,happylife
fitfam,eathealthy
fitfam,nyc
fitfam,newjersey
fitfam,hoboken
fitfam,happy
fitfam,loveme
fitfam,enjoylife
fitgirl,fitness
fitgirl,strongwomen
fitgirl,motivation
fitgirl,sexy
fitgirl,always
fitgirl,lifeisgood
fitgirl,mood
fitgirl,goals
fitgirl,positivevibes
fitgirl,loveyourself
fitgirl,happylife
fitgirl,eathealthy
fitgirl,nyc
fitgirl,newjersey
fitgirl,hoboken
fitgirl,happy
fitgirl,loveme
fitgirl,enjoylife
fitness,strongwomen
fitness,motivation
fitness,sexy
fitness,always
fitness,lifeisgood
fitness,mood
fitness,goals
fitness,positivevibes
fitness,loveyourself
fitness,happylife
fitness,eathealthy
fitness,nyc
fitness,newjersey
fitness,hoboken
fitness,happy
fitness,loveme
fitness,enjoylife
strongwomen,motivation
strongwomen,sexy
strongwomen,always
strongwomen,lifeisgood
strongwomen,mood
strongwomen,goals
strongwomen,positivevibes
strongwomen,loveyourself
strongwomen,happylife
strongwomen,eathealthy
strongwomen,nyc
strongwomen,newjersey
strongwomen,hoboken
strongwomen,happy
strongwomen,loveme
strongwomen,enjoylife
motivation,sexy
motivation,always
motivation,lifeisgood
motivation,mood
motivation,goals
motivation,positivevibes
motivation,loveyourself
motivation,happylife
motivation,eathealthy
motivation,nyc
motivation,newjersey
motivation,hoboken
motivation,happy
motivation,loveme
motivation,enjoylife
sexy,always
sexy,lifeisgood
sexy,mood
sexy,goals
sexy,positivevibes
sexy,loveyourself
sexy,happylife
sexy,eathealthy
sexy,nyc
sexy,newjersey
sexy,hoboken
sexy,happy
sexy,loveme
sexy,enjoylife
always,lifeisgood
always,mood
always,goals
always,positivevibes
always,loveyourself
always,happylife
always,eathealthy
always,nyc
always,newjersey
always,hoboken
always,happy
always,loveme
always,enjoylife
lifeisgood,mood
lifeisgood,goals
lifeisgood,positivevibes
lifeisgood,loveyourself
lifeisgood,happylife
lifeisgood,eathealthy
lifeisgood,nyc
lifeisgood,newjersey
lifeisgood,hoboken
lifeisgood,happy
lifeisgood,loveme
lifeisgood,enjoylife
mood,goals
mood,positivevibes
mood,loveyourself
mood,happylife
mood,eathealthy
mood,nyc
mood,newjersey
mood,hoboken
mood,happy
mood,loveme
mood,enjoylife
goals,positivevibes
goals,loveyourself
goals,happylife
goals,eathealthy
goals,nyc
goals,newjersey
goals,hoboken
goals,happy
goals,loveme
goals,enjoylife
positivevibes,loveyourself
positivevibes,happylife
positivevibes,eathealthy
positivevibes,nyc
positivevibes,newjersey
positivevibes,hoboken
positivevibes,happy
positivevibes,loveme
positivevibes,enjoylife
loveyourself,happylife
loveyourself,eathealthy
loveyourself,nyc
loveyourself,newjersey
loveyourself,hoboken
loveyourself,happy
loveyourself,loveme
loveyourself,enjoylife
happylife,eathealthy
happylife,nyc
happylife,newjersey
happylife,hoboken
happylife,happy
happylife,loveme
happylife,enjoylife
eathealthy,nyc
eathealthy,newjersey
eathealthy,hoboken
eathealthy,happy
eathealthy,loveme
eathealthy,enjoylife
nyc,newjersey
nyc,hoboken
nyc,happy
nyc,loveme
nyc,enjoylife
newjersey,hoboken
newjersey,happy
newjersey,loveme
newjersey,enjoylife
hoboken,happy
hoboken,loveme
hoboken,enjoylife
happy,loveme
happy,enjoylife
loveme,enjoylife
tattoo,reaper
tattoo,blackandgrey
tattoo,greywash
tattoo,smooth
tattoo,clean
tattoo,jerseycity
tattoo,bayonne
tattoo,hoboken
tattoo,manhattan
tattoo,takeover
reaper,blackandgrey
reaper,greywash
reaper,smooth
reaper,clean
reaper,jerseycity
reaper,bayonne
reaper,hoboken
reaper,manhattan
reaper,takeover
blackandgrey,greywash
blackandgrey,smooth
blackandgrey,clean
blackandgrey,jerseycity
blackandgrey,bayonne
blackandgrey,hoboken
blackandgrey,manhattan
blackandgrey,takeover
greywash,smooth
greywash,clean
greywash,jerseycity
greywash,bayonne
greywash,hoboken
greywash,manhattan
greywash,takeover
smooth,clean
smooth,jerseycity
smooth,bayonne
smooth,hoboken
smooth,manhattan
smooth,takeover
clean,jerseycity
clean,bayonne
clean,hoboken
clean,manhattan
clean,takeover
jerseycity,bayonne
jerseycity,hoboken
jerseycity,manhattan
jerseycity,takeover
bayonne,hoboken
bayonne,manhattan
bayonne,takeover
hoboken,manhattan
hoboken,takeover
manhattan,takeover
neontsunami,wolfjuice
neontsunami,wolfjuiceisforever
neontsunami,art
neontsunami,jerseycity
neontsunami,hoboken
neontsunami,neon
neontsunami,party
neontsunami,jersey
wolfjuice,wolfjuiceisforever
wolfjuice,art
wolfjuice,jerseycity
wolfjuice,hoboken
wolfjuice,neon
wolfjuice,party
wolfjuice,jersey
wolfjuiceisforever,art
wolfjuiceisforever,jerseycity
wolfjuiceisforever,hoboken
wolfjuiceisforever,neon
wolfjuiceisforever,party
wolfjuiceisforever,jersey
art,jerseycity
art,hoboken
art,neon
art,party
art,jersey
jerseycity,hoboken
jerseycity,neon
jerseycity,party
jerseycity,jersey
hoboken,neon
hoboken,party
hoboken,jersey
neon,party
neon,jersey
party,jersey
nyclife,nyclove
nyclife,hoboken
nyclife,newyorker
nyclife,wildheart
nyclife,freespirit
nyclife,lightworker
nyclife,awakening
nyclife,lawofattraction
nyclife,higherselfie
nyclove,hoboken
nyclove,newyorker
nyclove,wildheart
nyclove,freespirit
nyclove,lightworker
nyclove,awakening
nyclove,lawofattraction
nyclove,higherselfie
hoboken,newyorker
hoboken,wildheart
hoboken,freespirit
hoboken,lightworker
hoboken,awakening
hoboken,lawofattraction
hoboken,higherselfie
newyorker,wildheart
newyorker,freespirit
newyorker,lightworker
newyorker,awakening
newyorker,lawofattraction
newyorker,higherselfie
wildheart,freespirit
wildheart,lightworker
wildheart,awakening
wildheart,lawofattraction
wildheart,higherselfie
freespirit,lightworker
freespirit,awakening
freespirit,lawofattraction
freespirit,higherselfie
lightworker,awakening
lightworker,lawofattraction
lightworker,higherselfie
awakening,lawofattraction
awakening,higherselfie
lawofattraction,higherselfie
hoboken,bakeshop
hoboken,cupcakes
hoboken,tlc
hoboken,cannoli
bakeshop,cupcakes
bakeshop,tlc
bakeshop,cannoli
cupcakes,tlc
cupcakes,cannoli
tlc,cannoli
friends,hoboken
friends,fun
friends,fun
friends,food
friends,drinks
friends,mikiesquared
hoboken,fun
hoboken,fun
hoboken,food
hoboken,drinks
hoboken,mikiesquared
fun,fun
fun,food
fun,drinks
fun,mikiesquared
fun,food
fun,drinks
fun,mikiesquared
food,drinks
food,mikiesquared
drinks,mikiesquared
EstesPark,Colorado
EstesPark,Manhattan
EstesPark,Brooklyn
EstesPark,Queens
EstesPark,NewYork
EstesPark,SanFrancisco
EstesPark,SanDiego
EstesPark,SiliconValley
EstesPark,OrangeCounty
EstesPark,Sacramento
EstesPark,Monterey
EstesPark,Denver
EstesPark,Portland
EstesPark,Detroit
EstesPark,Hartford
EstesPark,Nashville
EstesPark,Lexington
EstesPark,Birmingham
EstesPark,SaltLake
EstesPark,SantaFe
EstesPark,Phoenix
EstesPark,Columbus
EstesPark,Pittsburgh
EstesPark,Philadelphia
EstesPark,Hoboken
EstesPark,Miami
EstesPark,Chicago
EstesPark,LosAngeles
EstesPark,Seattle
Colorado,Manhattan
Colorado,Brooklyn
Colorado,Queens
Colorado,NewYork
Colorado,SanFrancisco
Colorado,SanDiego
Colorado,SiliconValley
Colorado,OrangeCounty
Colorado,Sacramento
Colorado,Monterey
Colorado,Denver
Colorado,Portland
Colorado,Detroit
Colorado,Hartford
Colorado,Nashville
Colorado,Lexington
Colorado,Birmingham
Colorado,SaltLake
Colorado,SantaFe
Colorado,Phoenix
Colorado,Columbus
Colorado,Pittsburgh
Colorado,Philadelphia
Colorado,Hoboken
Colorado,Miami
Colorado,Chicago
Colorado,LosAngeles
Colorado,Seattle
Manhattan,Brooklyn
Manhattan,Queens
Manhattan,NewYork
Manhattan,SanFrancisco
Manhattan,SanDiego
Manhattan,SiliconValley
Manhattan,OrangeCounty
Manhattan,Sacramento
Manhattan,Monterey
Manhattan,Denver
Manhattan,Portland
Manhattan,Detroit
Manhattan,Hartford
Manhattan,Nashville
Manhattan,Lexington
Manhattan,Birmingham
Manhattan,SaltLake
Manhattan,SantaFe
Manhattan,Phoenix
Manhattan,Columbus
Manhattan,Pittsburgh
Manhattan,Philadelphia
Manhattan,Hoboken
Manhattan,Miami
Manhattan,Chicago
Manhattan,LosAngeles
Manhattan,Seattle
Brooklyn,Queens
Brooklyn,NewYork
Brooklyn,SanFrancisco
Brooklyn,SanDiego
Brooklyn,SiliconValley
Brooklyn,OrangeCounty
Brooklyn,Sacramento
Brooklyn,Monterey
Brooklyn,Denver
Brooklyn,Portland
Brooklyn,Detroit
Brooklyn,Hartford
Brooklyn,Nashville
Brooklyn,Lexington
Brooklyn,Birmingham
Brooklyn,SaltLake
Brooklyn,SantaFe
Brooklyn,Phoenix
Brooklyn,Columbus
Brooklyn,Pittsburgh
Brooklyn,Philadelphia
Brooklyn,Hoboken
Brooklyn,Miami
Brooklyn,Chicago
Brooklyn,LosAngeles
Brooklyn,Seattle
Queens,NewYork
Queens,SanFrancisco
Queens,SanDiego
Queens,SiliconValley
Queens,OrangeCounty
Queens,Sacramento
Queens,Monterey
Queens,Denver
Queens,Portland
Queens,Detroit
Queens,Hartford
Queens,Nashville
Queens,Lexington
Queens,Birmingham
Queens,SaltLake
Queens,SantaFe
Queens,Phoenix
Queens,Columbus
Queens,Pittsburgh
Queens,Philadelphia
Queens,Hoboken
Queens,Miami
Queens,Chicago
Queens,LosAngeles
Queens,Seattle
NewYork,SanFrancisco
NewYork,SanDiego
NewYork,SiliconValley
NewYork,OrangeCounty
NewYork,Sacramento
NewYork,Monterey
NewYork,Denver
NewYork,Portland
NewYork,Detroit
NewYork,Hartford
NewYork,Nashville
NewYork,Lexington
NewYork,Birmingham
NewYork,SaltLake
NewYork,SantaFe
NewYork,Phoenix
NewYork,Columbus
NewYork,Pittsburgh
NewYork,Philadelphia
NewYork,Hoboken
NewYork,Miami
NewYork,Chicago
NewYork,LosAngeles
NewYork,Seattle
SanFrancisco,SanDiego
SanFrancisco,SiliconValley
SanFrancisco,OrangeCounty
SanFrancisco,Sacramento
SanFrancisco,Monterey
SanFrancisco,Denver
SanFrancisco,Portland
SanFrancisco,Detroit
SanFrancisco,Hartford
SanFrancisco,Nashville
SanFrancisco,Lexington
SanFrancisco,Birmingham
SanFrancisco,SaltLake
SanFrancisco,SantaFe
SanFrancisco,Phoenix
SanFrancisco,Columbus
SanFrancisco,Pittsburgh
SanFrancisco,Philadelphia
SanFrancisco,Hoboken
SanFrancisco,Miami
SanFrancisco,Chicago
SanFrancisco,LosAngeles
SanFrancisco,Seattle
SanDiego,SiliconValley
SanDiego,OrangeCounty
SanDiego,Sacramento
SanDiego,Monterey
SanDiego,Denver
SanDiego,Portland
SanDiego,Detroit
SanDiego,Hartford
SanDiego,Nashville
SanDiego,Lexington
SanDiego,Birmingham
SanDiego,SaltLake
SanDiego,SantaFe
SanDiego,Phoenix
SanDiego,Columbus
SanDiego,Pittsburgh
SanDiego,Philadelphia
SanDiego,Hoboken
SanDiego,Miami
SanDiego,Chicago
SanDiego,LosAngeles
SanDiego,Seattle
SiliconValley,OrangeCounty
SiliconValley,Sacramento
SiliconValley,Monterey
SiliconValley,Denver
SiliconValley,Portland
SiliconValley,Detroit
SiliconValley,Hartford
SiliconValley,Nashville
SiliconValley,Lexington
SiliconValley,Birmingham
SiliconValley,SaltLake
SiliconValley,SantaFe
SiliconValley,Phoenix
SiliconValley,Columbus
SiliconValley,Pittsburgh
SiliconValley,Philadelphia
SiliconValley,Hoboken
SiliconValley,Miami
SiliconValley,Chicago
SiliconValley,LosAngeles
SiliconValley,Seattle
OrangeCounty,Sacramento
OrangeCounty,Monterey
OrangeCounty,Denver
OrangeCounty,Portland
OrangeCounty,Detroit
OrangeCounty,Hartford
OrangeCounty,Nashville
OrangeCounty,Lexington
OrangeCounty,Birmingham
OrangeCounty,SaltLake
OrangeCounty,SantaFe
OrangeCounty,Phoenix
OrangeCounty,Columbus
OrangeCounty,Pittsburgh
OrangeCounty,Philadelphia
OrangeCounty,Hoboken
OrangeCounty,Miami
OrangeCounty,Chicago
OrangeCounty,LosAngeles
OrangeCounty,Seattle
Sacramento,Monterey
Sacramento,Denver
Sacramento,Portland
Sacramento,Detroit
Sacramento,Hartford
Sacramento,Nashville
Sacramento,Lexington
Sacramento,Birmingham
Sacramento,SaltLake
Sacramento,SantaFe
Sacramento,Phoenix
Sacramento,Columbus
Sacramento,Pittsburgh
Sacramento,Philadelphia
Sacramento,Hoboken
Sacramento,Miami
Sacramento,Chicago
Sacramento,LosAngeles
Sacramento,Seattle
Monterey,Denver
Monterey,Portland
Monterey,Detroit
Monterey,Hartford
Monterey,Nashville
Monterey,Lexington
Monterey,Birmingham
Monterey,SaltLake
Monterey,SantaFe
Monterey,Phoenix
Monterey,Columbus
Monterey,Pittsburgh
Monterey,Philadelphia
Monterey,Hoboken
Monterey,Miami
Monterey,Chicago
Monterey,LosAngeles
Monterey,Seattle
Denver,Portland
Denver,Detroit
Denver,Hartford
Denver,Nashville
Denver,Lexington
Denver,Birmingham
Denver,SaltLake
Denver,SantaFe
Denver,Phoenix
Denver,Columbus
Denver,Pittsburgh
Denver,Philadelphia
Denver,Hoboken
Denver,Miami
Denver,Chicago
Denver,LosAngeles
Denver,Seattle
Portland,Detroit
Portland,Hartford
Portland,Nashville
Portland,Lexington
Portland,Birmingham
Portland,SaltLake
Portland,SantaFe
Portland,Phoenix
Portland,Columbus
Portland,Pittsburgh
Portland,Philadelphia
Portland,Hoboken
Portland,Miami
Portland,Chicago
Portland,LosAngeles
Portland,Seattle
Detroit,Hartford
Detroit,Nashville
Detroit,Lexington
Detroit,Birmingham
Detroit,SaltLake
Detroit,SantaFe
Detroit,Phoenix
Detroit,Columbus
Detroit,Pittsburgh
Detroit,Philadelphia
Detroit,Hoboken
Detroit,Miami
Detroit,Chicago
Detroit,LosAngeles
Detroit,Seattle
Hartford,Nashville
Hartford,Lexington
Hartford,Birmingham
Hartford,SaltLake
Hartford,SantaFe
Hartford,Phoenix
Hartford,Columbus
Hartford,Pittsburgh
Hartford,Philadelphia
Hartford,Hoboken
Hartford,Miami
Hartford,Chicago
Hartford,LosAngeles
Hartford,Seattle
Nashville,Lexington
Nashville,Birmingham
Nashville,SaltLake
Nashville,SantaFe
Nashville,Phoenix
Nashville,Columbus
Nashville,Pittsburgh
Nashville,Philadelphia
Nashville,Hoboken
Nashville,Miami
Nashville,Chicago
Nashville,LosAngeles
Nashville,Seattle
Lexington,Birmingham
Lexington,SaltLake
Lexington,SantaFe
Lexington,Phoenix
Lexington,Columbus
Lexington,Pittsburgh
Lexington,Philadelphia
Lexington,Hoboken
Lexington,Miami
Lexington,Chicago
Lexington,LosAngeles
Lexington,Seattle
Birmingham,SaltLake
Birmingham,SantaFe
Birmingham,Phoenix
Birmingham,Columbus
Birmingham,Pittsburgh
Birmingham,Philadelphia
Birmingham,Hoboken
Birmingham,Miami
Birmingham,Chicago
Birmingham,LosAngeles
Birmingham,Seattle
SaltLake,SantaFe
SaltLake,Phoenix
SaltLake,Columbus
SaltLake,Pittsburgh
SaltLake,Philadelphia
SaltLake,Hoboken
SaltLake,Miami
SaltLake,Chicago
SaltLake,LosAngeles
SaltLake,Seattle
SantaFe,Phoenix
SantaFe,Columbus
SantaFe,Pittsburgh
SantaFe,Philadelphia
SantaFe,Hoboken
SantaFe,Miami
SantaFe,Chicago
SantaFe,LosAngeles
SantaFe,Seattle
Phoenix,Columbus
Phoenix,Pittsburgh
Phoenix,Philadelphia
Phoenix,Hoboken
Phoenix,Miami
Phoenix,Chicago
Phoenix,LosAngeles
Phoenix,Seattle
Columbus,Pittsburgh
Columbus,Philadelphia
Columbus,Hoboken
Columbus,Miami
Columbus,Chicago
Columbus,LosAngeles
Columbus,Seattle
Pittsburgh,Philadelphia
Pittsburgh,Hoboken
Pittsburgh,Miami
Pittsburgh,Chicago
Pittsburgh,LosAngeles
Pittsburgh,Seattle
Philadelphia,Hoboken
Philadelphia,Miami
Philadelphia,Chicago
Philadelphia,LosAngeles
Philadelphia,Seattle
Hoboken,Miami
Hoboken,Chicago
Hoboken,LosAngeles
Hoboken,Seattle
Miami,Chicago
Miami,LosAngeles
Miami,Seattle
Chicago,LosAngeles
Chicago,Seattle
LosAngeles,Seattle
humpday,eatuphoboken
hoboken,newjersey
hoboken,newyork
hoboken,manhattan
hoboken,nj
hoboken,nyc
newjersey,newyork
newjersey,manhattan
newjersey,nj
newjersey,nyc
newyork,manhattan
newyork,nj
newyork,nyc
manhattan,nj
manhattan,nyc
nj,nyc
DJAIS,Westbar
DJAIS,AC
DJAIS,hoboken
DJAIS,GREENROCK
DJAIS,greenrock
Westbar,AC
Westbar,hoboken
Westbar,GREENROCK
Westbar,greenrock
AC,hoboken
AC,GREENROCK
AC,greenrock
hoboken,GREENROCK
hoboken,greenrock
GREENROCK,greenrock
Dessert,Hoboken
Dessert,NJ
Dessert,latergram
Hoboken,NJ
Hoboken,latergram
NJ,latergram
art,painting
art,oilpainting
art,oiloncanvas
art,figurative
art,figurativeart
art,portrait
art,portraitofawoman
art,awomansface
art,sleeping
art,couple
art,cuddling
art,embracing
art,arte
art,kunst
art,peinture
art,pintura
art,
art,pittura
art,retrato
art,visage
art,cara
art,
art,
art,
art,hoboken
art,newjerseyartist
art,michelledoll
painting,oilpainting
painting,oiloncanvas
painting,figurative
painting,figurativeart
painting,portrait
painting,portraitofawoman
painting,awomansface
painting,sleeping
painting,couple
painting,cuddling
painting,embracing
painting,arte
painting,kunst
painting,peinture
painting,pintura
painting,
painting,pittura
painting,retrato
painting,visage
painting,cara
painting,
painting,
painting,
painting,hoboken
painting,newjerseyartist
painting,michelledoll
oilpainting,oiloncanvas
oilpainting,figurative
oilpainting,figurativeart
oilpainting,portrait
oilpainting,portraitofawoman
oilpainting,awomansface
oilpainting,sleeping
oilpainting,couple
oilpainting,cuddling
oilpainting,embracing
oilpainting,arte
oilpainting,kunst
oilpainting,peinture
oilpainting,pintura
oilpainting,
oilpainting,pittura
oilpainting,retrato
oilpainting,visage
oilpainting,cara
oilpainting,
oilpainting,
oilpainting,
oilpainting,hoboken
oilpainting,newjerseyartist
oilpainting,michelledoll
oiloncanvas,figurative
oiloncanvas,figurativeart
oiloncanvas,portrait
oiloncanvas,portraitofawoman
oiloncanvas,awomansface
oiloncanvas,sleeping
oiloncanvas,couple
oiloncanvas,cuddling
oiloncanvas,embracing
oiloncanvas,arte
oiloncanvas,kunst
oiloncanvas,peinture
oiloncanvas,pintura
oiloncanvas,
oiloncanvas,pittura
oiloncanvas,retrato
oiloncanvas,visage
oiloncanvas,cara
oiloncanvas,
oiloncanvas,
oiloncanvas,
oiloncanvas,hoboken
oiloncanvas,newjerseyartist
oiloncanvas,michelledoll
figurative,figurativeart
figurative,portrait
figurative,portraitofawoman
figurative,awomansface
figurative,sleeping
figurative,couple
figurative,cuddling
figurative,embracing
figurative,arte
figurative,kunst
figurative,peinture
figurative,pintura
figurative,
figurative,pittura
figurative,retrato
figurative,visage
figurative,cara
figurative,
figurative,
figurative,
figurative,hoboken
figurative,newjerseyartist
figurative,michelledoll
figurativeart,portrait
figurativeart,portraitofawoman
figurativeart,awomansface
figurativeart,sleeping
figurativeart,couple
figurativeart,cuddling
figurativeart,embracing
figurativeart,arte
figurativeart,kunst
figurativeart,peinture
figurativeart,pintura
figurativeart,
figurativeart,pittura
figurativeart,retrato
figurativeart,visage
figurativeart,cara
figurativeart,
figurativeart,
figurativeart,
figurativeart,hoboken
figurativeart,newjerseyartist
figurativeart,michelledoll
portrait,portraitofawoman
portrait,awomansface
portrait,sleeping
portrait,couple
portrait,cuddling
portrait,embracing
portrait,arte
portrait,kunst
portrait,peinture
portrait,pintura
portrait,
portrait,pittura
portrait,retrato
portrait,visage
portrait,cara
portrait,
portrait,
portrait,
portrait,hoboken
portrait,newjerseyartist
portrait,michelledoll
portraitofawoman,awomansface
portraitofawoman,sleeping
portraitofawoman,couple
portraitofawoman,cuddling
portraitofawoman,embracing
portraitofawoman,arte
portraitofawoman,kunst
portraitofawoman,peinture
portraitofawoman,pintura
portraitofawoman,
portraitofawoman,pittura
portraitofawoman,retrato
portraitofawoman,visage
portraitofawoman,cara
portraitofawoman,
portraitofawoman,
portraitofawoman,
portraitofawoman,hoboken
portraitofawoman,newjerseyartist
portraitofawoman,michelledoll
awomansface,sleeping
awomansface,couple
awomansface,cuddling
awomansface,embracing
awomansface,arte
awomansface,kunst
awomansface,peinture
awomansface,pintura
awomansface,
awomansface,pittura
awomansface,retrato
awomansface,visage
awomansface,cara
awomansface,
awomansface,
awomansface,
awomansface,hoboken
awomansface,newjerseyartist
awomansface,michelledoll
sleeping,couple
sleeping,cuddling
sleeping,embracing
sleeping,arte
sleeping,kunst
sleeping,peinture
sleeping,pintura
sleeping,
sleeping,pittura
sleeping,retrato
sleeping,visage
sleeping,cara
sleeping,
sleeping,
sleeping,
sleeping,hoboken
sleeping,newjerseyartist
sleeping,michelledoll
couple,cuddling
couple,embracing
couple,arte
couple,kunst
couple,peinture
couple,pintura
couple,
couple,pittura
couple,retrato
couple,visage
couple,cara
couple,
couple,
couple,
couple,hoboken
couple,newjerseyartist
couple,michelledoll
cuddling,embracing
cuddling,arte
cuddling,kunst
cuddling,peinture
cuddling,pintura
cuddling,
cuddling,pittura
cuddling,retrato
cuddling,visage
cuddling,cara
cuddling,
cuddling,
cuddling,
cuddling,hoboken
cuddling,newjerseyartist
cuddling,michelledoll
embracing,arte
embracing,kunst
embracing,peinture
embracing,pintura
embracing,
embracing,pittura
embracing,retrato
embracing,visage
embracing,cara
embracing,
embracing,
embracing,
embracing,hoboken
embracing,newjerseyartist
embracing,michelledoll
arte,kunst
arte,peinture
arte,pintura
arte,
arte,pittura
arte,retrato
arte,visage
arte,cara
arte,
arte,
arte,
arte,hoboken
arte,newjerseyartist
arte,michelledoll
kunst,peinture
kunst,pintura
kunst,
kunst,pittura
kunst,retrato
kunst,visage
kunst,cara
kunst,
kunst,
kunst,
kunst,hoboken
kunst,newjerseyartist
kunst,michelledoll
peinture,pintura
peinture,
peinture,pittura
peinture,retrato
peinture,visage
peinture,cara
peinture,
peinture,
peinture,
peinture,hoboken
peinture,newjerseyartist
peinture,michelledoll
pintura,
pintura,pittura
pintura,retrato
pintura,visage
pintura,cara
pintura,
pintura,
pintura,
pintura,hoboken
pintura,newjerseyartist
pintura,michelledoll
,pittura
,retrato
,visage
,cara
,
,
,
,hoboken
,newjerseyartist
,michelledoll
pittura,retrato
pittura,visage
pittura,cara
pittura,
pittura,
pittura,
pittura,hoboken
pittura,newjerseyartist
pittura,michelledoll
retrato,visage
retrato,cara
retrato,
retrato,
retrato,
retrato,hoboken
retrato,newjerseyartist
retrato,michelledoll
visage,cara
visage,
visage,
visage,
visage,hoboken
visage,newjerseyartist
visage,michelledoll
cara,
cara,
cara,
cara,hoboken
cara,newjerseyartist
cara,michelledoll
,
,
,hoboken
,newjerseyartist
,michelledoll
,
,hoboken
,newjerseyartist
,michelledoll
,hoboken
,newjerseyartist
,michelledoll
hoboken,newjerseyartist
hoboken,michelledoll
newjerseyartist,michelledoll
bachataandbarbells,hobokengirl
bachataandbarbells,bestof2016
bachataandbarbells,hoboken
bachataandbarbells,thighgapsareoutofstyle
bachataandbarbells,trainer
bachataandbarbells,fitness
bachataandbarbells,blogger
bachataandbarbells,vote
bachataandbarbells,davidbracettyphotography
hobokengirl,bestof2016
hobokengirl,hoboken
hobokengirl,thighgapsareoutofstyle
hobokengirl,trainer
hobokengirl,fitness
hobokengirl,blogger
hobokengirl,vote
hobokengirl,davidbracettyphotography
bestof2016,hoboken
bestof2016,thighgapsareoutofstyle
bestof2016,trainer
bestof2016,fitness
bestof2016,blogger
bestof2016,vote
bestof2016,davidbracettyphotography
hoboken,thighgapsareoutofstyle
hoboken,trainer
hoboken,fitness
hoboken,blogger
hoboken,vote
hoboken,davidbracettyphotography
thighgapsareoutofstyle,trainer
thighgapsareoutofstyle,fitness
thighgapsareoutofstyle,blogger
thighgapsareoutofstyle,vote
thighgapsareoutofstyle,davidbracettyphotography
trainer,fitness
trainer,blogger
trainer,vote
trainer,davidbracettyphotography
fitness,blogger
fitness,vote
fitness,davidbracettyphotography
blogger,vote
blogger,davidbracettyphotography
vote,davidbracettyphotography
chadisrad,coach
chadisrad,athlete
coach,athlete
