tag1,tag2
newbrunswicknj,njisntboring
newbrunswicknj,newjerseylifestyle
newbrunswicknj,newbrunswickrestaurants
newbrunswicknj,njrestaurants
newbrunswicknj,dinnerinnj
newbrunswicknj,njeats
newbrunswicknj,njfood
newbrunswicknj,newjerseyfoodie
newbrunswicknj,middlesexcounty
newbrunswicknj,nj
newbrunswicknj,newjersey
njisntboring,newjerseylifestyle
njisntboring,newbrunswickrestaurants
njisntboring,njrestaurants
njisntboring,dinnerinnj
njisntboring,njeats
njisntboring,njfood
njisntboring,newjerseyfoodie
njisntboring,middlesexcounty
njisntboring,nj
njisntboring,newjersey
newjerseylifestyle,newbrunswickrestaurants
newjerseylifestyle,njrestaurants
newjerseylifestyle,dinnerinnj
newjerseylifestyle,njeats
newjerseylifestyle,njfood
newjerseylifestyle,newjerseyfoodie
newjerseylifestyle,middlesexcounty
newjerseylifestyle,nj
newjerseylifestyle,newjersey
newbrunswickrestaurants,njrestaurants
newbrunswickrestaurants,dinnerinnj
newbrunswickrestaurants,njeats
newbrunswickrestaurants,njfood
newbrunswickrestaurants,newjerseyfoodie
newbrunswickrestaurants,middlesexcounty
newbrunswickrestaurants,nj
newbrunswickrestaurants,newjersey
njrestaurants,dinnerinnj
njrestaurants,njeats
njrestaurants,njfood
njrestaurants,newjerseyfoodie
njrestaurants,middlesexcounty
njrestaurants,nj
njrestaurants,newjersey
dinnerinnj,njeats
dinnerinnj,njfood
dinnerinnj,newjerseyfoodie
dinnerinnj,middlesexcounty
dinnerinnj,nj
dinnerinnj,newjersey
njeats,njfood
njeats,newjerseyfoodie
njeats,middlesexcounty
njeats,nj
njeats,newjersey
njfood,newjerseyfoodie
njfood,middlesexcounty
njfood,nj
njfood,newjersey
newjerseyfoodie,middlesexcounty
newjerseyfoodie,nj
newjerseyfoodie,newjersey
middlesexcounty,nj
middlesexcounty,newjersey
nj,newjersey
Latergram,Colorado
Latergram,LambBelly
Latergram,NewBrunswick
Latergram,NJ
Colorado,LambBelly
Colorado,NewBrunswick
Colorado,NJ
LambBelly,NewBrunswick
LambBelly,NJ
NewBrunswick,NJ
newbrunswicknj,dinnerinnj
newbrunswicknj,newjerseylifestyle
newbrunswicknj,njrestaurants
newbrunswicknj,newbrunswickrestaurants
newbrunswicknj,njisntboring
newbrunswicknj,njfood
newbrunswicknj,njeats
newbrunswicknj,nj
newbrunswicknj,newjersey
newbrunswicknj,middlsexcounty
dinnerinnj,newjerseylifestyle
dinnerinnj,njrestaurants
dinnerinnj,newbrunswickrestaurants
dinnerinnj,njisntboring
dinnerinnj,njfood
dinnerinnj,njeats
dinnerinnj,nj
dinnerinnj,newjersey
dinnerinnj,middlsexcounty
newjerseylifestyle,njrestaurants
newjerseylifestyle,newbrunswickrestaurants
newjerseylifestyle,njisntboring
newjerseylifestyle,njfood
newjerseylifestyle,njeats
newjerseylifestyle,nj
newjerseylifestyle,newjersey
newjerseylifestyle,middlsexcounty
njrestaurants,newbrunswickrestaurants
njrestaurants,njisntboring
njrestaurants,njfood
njrestaurants,njeats
njrestaurants,nj
njrestaurants,newjersey
njrestaurants,middlsexcounty
newbrunswickrestaurants,njisntboring
newbrunswickrestaurants,njfood
newbrunswickrestaurants,njeats
newbrunswickrestaurants,nj
newbrunswickrestaurants,newjersey
newbrunswickrestaurants,middlsexcounty
njisntboring,njfood
njisntboring,njeats
njisntboring,nj
njisntboring,newjersey
njisntboring,middlsexcounty
njfood,njeats
njfood,nj
njfood,newjersey
njfood,middlsexcounty
njeats,nj
njeats,newjersey
njeats,middlsexcounty
nj,newjersey
nj,middlsexcounty
newjersey,middlsexcounty
northbrunswicknj,newbrunswicknj
northbrunswicknj,eastbrunswicknj
northbrunswicknj,eastbrunswickfitness
northbrunswicknj,eastbrunswicktattoos
northbrunswicknj,eastbrunswickfire
northbrunswicknj,rutgers
northbrunswicknj,eastonave
northbrunswicknj,collegeave
northbrunswicknj,nj
northbrunswicknj,hrubhub
northbrunswicknj,grubhubseamless
northbrunswicknj,delivery
northbrunswicknj,eat24
northbrunswicknj,gym
northbrunswicknj,eathealthy
northbrunswicknj,healthylifestyle
northbrunswicknj,rutgersuniversity
northbrunswicknj,rutgersfootball
northbrunswicknj,rutgersprep
northbrunswicknj,rutgersalumni
newbrunswicknj,eastbrunswicknj
newbrunswicknj,eastbrunswickfitness
newbrunswicknj,eastbrunswicktattoos
newbrunswicknj,eastbrunswickfire
newbrunswicknj,rutgers
newbrunswicknj,eastonave
newbrunswicknj,collegeave
newbrunswicknj,nj
newbrunswicknj,hrubhub
newbrunswicknj,grubhubseamless
newbrunswicknj,delivery
newbrunswicknj,eat24
newbrunswicknj,gym
newbrunswicknj,eathealthy
newbrunswicknj,healthylifestyle
newbrunswicknj,rutgersuniversity
newbrunswicknj,rutgersfootball
newbrunswicknj,rutgersprep
newbrunswicknj,rutgersalumni
eastbrunswicknj,eastbrunswickfitness
eastbrunswicknj,eastbrunswicktattoos
eastbrunswicknj,eastbrunswickfire
eastbrunswicknj,rutgers
eastbrunswicknj,eastonave
eastbrunswicknj,collegeave
eastbrunswicknj,nj
eastbrunswicknj,hrubhub
eastbrunswicknj,grubhubseamless
eastbrunswicknj,delivery
eastbrunswicknj,eat24
eastbrunswicknj,gym
eastbrunswicknj,eathealthy
eastbrunswicknj,healthylifestyle
eastbrunswicknj,rutgersuniversity
eastbrunswicknj,rutgersfootball
eastbrunswicknj,rutgersprep
eastbrunswicknj,rutgersalumni
eastbrunswickfitness,eastbrunswicktattoos
eastbrunswickfitness,eastbrunswickfire
eastbrunswickfitness,rutgers
eastbrunswickfitness,eastonave
eastbrunswickfitness,collegeave
eastbrunswickfitness,nj
eastbrunswickfitness,hrubhub
eastbrunswickfitness,grubhubseamless
eastbrunswickfitness,delivery
eastbrunswickfitness,eat24
eastbrunswickfitness,gym
eastbrunswickfitness,eathealthy
eastbrunswickfitness,healthylifestyle
eastbrunswickfitness,rutgersuniversity
eastbrunswickfitness,rutgersfootball
eastbrunswickfitness,rutgersprep
eastbrunswickfitness,rutgersalumni
eastbrunswicktattoos,eastbrunswickfire
eastbrunswicktattoos,rutgers
eastbrunswicktattoos,eastonave
eastbrunswicktattoos,collegeave
eastbrunswicktattoos,nj
eastbrunswicktattoos,hrubhub
eastbrunswicktattoos,grubhubseamless
eastbrunswicktattoos,delivery
eastbrunswicktattoos,eat24
eastbrunswicktattoos,gym
eastbrunswicktattoos,eathealthy
eastbrunswicktattoos,healthylifestyle
eastbrunswicktattoos,rutgersuniversity
eastbrunswicktattoos,rutgersfootball
eastbrunswicktattoos,rutgersprep
eastbrunswicktattoos,rutgersalumni
eastbrunswickfire,rutgers
eastbrunswickfire,eastonave
eastbrunswickfire,collegeave
eastbrunswickfire,nj
eastbrunswickfire,hrubhub
eastbrunswickfire,grubhubseamless
eastbrunswickfire,delivery
eastbrunswickfire,eat24
eastbrunswickfire,gym
eastbrunswickfire,eathealthy
eastbrunswickfire,healthylifestyle
eastbrunswickfire,rutgersuniversity
eastbrunswickfire,rutgersfootball
eastbrunswickfire,rutgersprep
eastbrunswickfire,rutgersalumni
rutgers,eastonave
rutgers,collegeave
rutgers,nj
rutgers,hrubhub
rutgers,grubhubseamless
rutgers,delivery
rutgers,eat24
rutgers,gym
rutgers,eathealthy
rutgers,healthylifestyle
rutgers,rutgersuniversity
rutgers,rutgersfootball
rutgers,rutgersprep
rutgers,rutgersalumni
eastonave,collegeave
eastonave,nj
eastonave,hrubhub
eastonave,grubhubseamless
eastonave,delivery
eastonave,eat24
eastonave,gym
eastonave,eathealthy
eastonave,healthylifestyle
eastonave,rutgersuniversity
eastonave,rutgersfootball
eastonave,rutgersprep
eastonave,rutgersalumni
collegeave,nj
collegeave,hrubhub
collegeave,grubhubseamless
collegeave,delivery
collegeave,eat24
collegeave,gym
collegeave,eathealthy
collegeave,healthylifestyle
collegeave,rutgersuniversity
collegeave,rutgersfootball
collegeave,rutgersprep
collegeave,rutgersalumni
nj,hrubhub
nj,grubhubseamless
nj,delivery
nj,eat24
nj,gym
nj,eathealthy
nj,healthylifestyle
nj,rutgersuniversity
nj,rutgersfootball
nj,rutgersprep
nj,rutgersalumni
hrubhub,grubhubseamless
hrubhub,delivery
hrubhub,eat24
hrubhub,gym
hrubhub,eathealthy
hrubhub,healthylifestyle
hrubhub,rutgersuniversity
hrubhub,rutgersfootball
hrubhub,rutgersprep
hrubhub,rutgersalumni
grubhubseamless,delivery
grubhubseamless,eat24
grubhubseamless,gym
grubhubseamless,eathealthy
grubhubseamless,healthylifestyle
grubhubseamless,rutgersuniversity
grubhubseamless,rutgersfootball
grubhubseamless,rutgersprep
grubhubseamless,rutgersalumni
delivery,eat24
delivery,gym
delivery,eathealthy
delivery,healthylifestyle
delivery,rutgersuniversity
delivery,rutgersfootball
delivery,rutgersprep
delivery,rutgersalumni
eat24,gym
eat24,eathealthy
eat24,healthylifestyle
eat24,rutgersuniversity
eat24,rutgersfootball
eat24,rutgersprep
eat24,rutgersalumni
gym,eathealthy
gym,healthylifestyle
gym,rutgersuniversity
gym,rutgersfootball
gym,rutgersprep
gym,rutgersalumni
eathealthy,healthylifestyle
eathealthy,rutgersuniversity
eathealthy,rutgersfootball
eathealthy,rutgersprep
eathealthy,rutgersalumni
healthylifestyle,rutgersuniversity
healthylifestyle,rutgersfootball
healthylifestyle,rutgersprep
healthylifestyle,rutgersalumni
rutgersuniversity,rutgersfootball
rutgersuniversity,rutgersprep
rutgersuniversity,rutgersalumni
rutgersfootball,rutgersprep
rutgersfootball,rutgersalumni
rutgersprep,rutgersalumni
getINCed,increstaurant
getINCed,whiskeyismyspiritanimal
getINCed,newbrunswick
getINCed,newbrunswicknj
getINCed,newjerseyrestaurant
getINCed,rutgers
getINCed,njfood
getINCed,njEATS
getINCed,njyelp
getINCed,dailyspecial
getINCed,newjerseyyelp
getINCed,starledger
getINCed,ediblenj
getINCed,cocktails
getINCed,craftcocktails
getINCed,whiskey
getINCed,whisky
getINCed,whiskeyfordays
getINCed,NJDRINKS
getINCed,njcocktails
getINCed,cocktailbars
getINCed,INCLibrary
getINCed,whiskeyflights
getINCed,getonourlevel
getINCed,threeandahalfstars
getINCed,pinkiesout
increstaurant,whiskeyismyspiritanimal
increstaurant,newbrunswick
increstaurant,newbrunswicknj
increstaurant,newjerseyrestaurant
increstaurant,rutgers
increstaurant,njfood
increstaurant,njEATS
increstaurant,njyelp
increstaurant,dailyspecial
increstaurant,newjerseyyelp
increstaurant,starledger
increstaurant,ediblenj
increstaurant,cocktails
increstaurant,craftcocktails
increstaurant,whiskey
increstaurant,whisky
increstaurant,whiskeyfordays
increstaurant,NJDRINKS
increstaurant,njcocktails
increstaurant,cocktailbars
increstaurant,INCLibrary
increstaurant,whiskeyflights
increstaurant,getonourlevel
increstaurant,threeandahalfstars
increstaurant,pinkiesout
whiskeyismyspiritanimal,newbrunswick
whiskeyismyspiritanimal,newbrunswicknj
whiskeyismyspiritanimal,newjerseyrestaurant
whiskeyismyspiritanimal,rutgers
whiskeyismyspiritanimal,njfood
whiskeyismyspiritanimal,njEATS
whiskeyismyspiritanimal,njyelp
whiskeyismyspiritanimal,dailyspecial
whiskeyismyspiritanimal,newjerseyyelp
whiskeyismyspiritanimal,starledger
whiskeyismyspiritanimal,ediblenj
whiskeyismyspiritanimal,cocktails
whiskeyismyspiritanimal,craftcocktails
whiskeyismyspiritanimal,whiskey
whiskeyismyspiritanimal,whisky
whiskeyismyspiritanimal,whiskeyfordays
whiskeyismyspiritanimal,NJDRINKS
whiskeyismyspiritanimal,njcocktails
whiskeyismyspiritanimal,cocktailbars
whiskeyismyspiritanimal,INCLibrary
whiskeyismyspiritanimal,whiskeyflights
whiskeyismyspiritanimal,getonourlevel
whiskeyismyspiritanimal,threeandahalfstars
whiskeyismyspiritanimal,pinkiesout
newbrunswick,newbrunswicknj
newbrunswick,newjerseyrestaurant
newbrunswick,rutgers
newbrunswick,njfood
newbrunswick,njEATS
newbrunswick,njyelp
newbrunswick,dailyspecial
newbrunswick,newjerseyyelp
newbrunswick,starledger
newbrunswick,ediblenj
newbrunswick,cocktails
newbrunswick,craftcocktails
newbrunswick,whiskey
newbrunswick,whisky
newbrunswick,whiskeyfordays
newbrunswick,NJDRINKS
newbrunswick,njcocktails
newbrunswick,cocktailbars
newbrunswick,INCLibrary
newbrunswick,whiskeyflights
newbrunswick,getonourlevel
newbrunswick,threeandahalfstars
newbrunswick,pinkiesout
newbrunswicknj,newjerseyrestaurant
newbrunswicknj,rutgers
newbrunswicknj,njfood
newbrunswicknj,njEATS
newbrunswicknj,njyelp
newbrunswicknj,dailyspecial
newbrunswicknj,newjerseyyelp
newbrunswicknj,starledger
newbrunswicknj,ediblenj
newbrunswicknj,cocktails
newbrunswicknj,craftcocktails
newbrunswicknj,whiskey
newbrunswicknj,whisky
newbrunswicknj,whiskeyfordays
newbrunswicknj,NJDRINKS
newbrunswicknj,njcocktails
newbrunswicknj,cocktailbars
newbrunswicknj,INCLibrary
newbrunswicknj,whiskeyflights
newbrunswicknj,getonourlevel
newbrunswicknj,threeandahalfstars
newbrunswicknj,pinkiesout
newjerseyrestaurant,rutgers
newjerseyrestaurant,njfood
newjerseyrestaurant,njEATS
newjerseyrestaurant,njyelp
newjerseyrestaurant,dailyspecial
newjerseyrestaurant,newjerseyyelp
newjerseyrestaurant,starledger
newjerseyrestaurant,ediblenj
newjerseyrestaurant,cocktails
newjerseyrestaurant,craftcocktails
newjerseyrestaurant,whiskey
newjerseyrestaurant,whisky
newjerseyrestaurant,whiskeyfordays
newjerseyrestaurant,NJDRINKS
newjerseyrestaurant,njcocktails
newjerseyrestaurant,cocktailbars
newjerseyrestaurant,INCLibrary
newjerseyrestaurant,whiskeyflights
newjerseyrestaurant,getonourlevel
newjerseyrestaurant,threeandahalfstars
newjerseyrestaurant,pinkiesout
rutgers,njfood
rutgers,njEATS
rutgers,njyelp
rutgers,dailyspecial
rutgers,newjerseyyelp
rutgers,starledger
rutgers,ediblenj
rutgers,cocktails
rutgers,craftcocktails
rutgers,whiskey
rutgers,whisky
rutgers,whiskeyfordays
rutgers,NJDRINKS
rutgers,njcocktails
rutgers,cocktailbars
rutgers,INCLibrary
rutgers,whiskeyflights
rutgers,getonourlevel
rutgers,threeandahalfstars
rutgers,pinkiesout
njfood,njEATS
njfood,njyelp
njfood,dailyspecial
njfood,newjerseyyelp
njfood,starledger
njfood,ediblenj
njfood,cocktails
njfood,craftcocktails
njfood,whiskey
njfood,whisky
njfood,whiskeyfordays
njfood,NJDRINKS
njfood,njcocktails
njfood,cocktailbars
njfood,INCLibrary
njfood,whiskeyflights
njfood,getonourlevel
njfood,threeandahalfstars
njfood,pinkiesout
njEATS,njyelp
njEATS,dailyspecial
njEATS,newjerseyyelp
njEATS,starledger
njEATS,ediblenj
njEATS,cocktails
njEATS,craftcocktails
njEATS,whiskey
njEATS,whisky
njEATS,whiskeyfordays
njEATS,NJDRINKS
njEATS,njcocktails
njEATS,cocktailbars
njEATS,INCLibrary
njEATS,whiskeyflights
njEATS,getonourlevel
njEATS,threeandahalfstars
njEATS,pinkiesout
njyelp,dailyspecial
njyelp,newjerseyyelp
njyelp,starledger
njyelp,ediblenj
njyelp,cocktails
njyelp,craftcocktails
njyelp,whiskey
njyelp,whisky
njyelp,whiskeyfordays
njyelp,NJDRINKS
njyelp,njcocktails
njyelp,cocktailbars
njyelp,INCLibrary
njyelp,whiskeyflights
njyelp,getonourlevel
njyelp,threeandahalfstars
njyelp,pinkiesout
dailyspecial,newjerseyyelp
dailyspecial,starledger
dailyspecial,ediblenj
dailyspecial,cocktails
dailyspecial,craftcocktails
dailyspecial,whiskey
dailyspecial,whisky
dailyspecial,whiskeyfordays
dailyspecial,NJDRINKS
dailyspecial,njcocktails
dailyspecial,cocktailbars
dailyspecial,INCLibrary
dailyspecial,whiskeyflights
dailyspecial,getonourlevel
dailyspecial,threeandahalfstars
dailyspecial,pinkiesout
newjerseyyelp,starledger
newjerseyyelp,ediblenj
newjerseyyelp,cocktails
newjerseyyelp,craftcocktails
newjerseyyelp,whiskey
newjerseyyelp,whisky
newjerseyyelp,whiskeyfordays
newjerseyyelp,NJDRINKS
newjerseyyelp,njcocktails
newjerseyyelp,cocktailbars
newjerseyyelp,INCLibrary
newjerseyyelp,whiskeyflights
newjerseyyelp,getonourlevel
newjerseyyelp,threeandahalfstars
newjerseyyelp,pinkiesout
starledger,ediblenj
starledger,cocktails
starledger,craftcocktails
starledger,whiskey
starledger,whisky
starledger,whiskeyfordays
starledger,NJDRINKS
starledger,njcocktails
starledger,cocktailbars
starledger,INCLibrary
starledger,whiskeyflights
starledger,getonourlevel
starledger,threeandahalfstars
starledger,pinkiesout
ediblenj,cocktails
ediblenj,craftcocktails
ediblenj,whiskey
ediblenj,whisky
ediblenj,whiskeyfordays
ediblenj,NJDRINKS
ediblenj,njcocktails
ediblenj,cocktailbars
ediblenj,INCLibrary
ediblenj,whiskeyflights
ediblenj,getonourlevel
ediblenj,threeandahalfstars
ediblenj,pinkiesout
cocktails,craftcocktails
cocktails,whiskey
cocktails,whisky
cocktails,whiskeyfordays
cocktails,NJDRINKS
cocktails,njcocktails
cocktails,cocktailbars
cocktails,INCLibrary
cocktails,whiskeyflights
cocktails,getonourlevel
cocktails,threeandahalfstars
cocktails,pinkiesout
craftcocktails,whiskey
craftcocktails,whisky
craftcocktails,whiskeyfordays
craftcocktails,NJDRINKS
craftcocktails,njcocktails
craftcocktails,cocktailbars
craftcocktails,INCLibrary
craftcocktails,whiskeyflights
craftcocktails,getonourlevel
craftcocktails,threeandahalfstars
craftcocktails,pinkiesout
whiskey,whisky
whiskey,whiskeyfordays
whiskey,NJDRINKS
whiskey,njcocktails
whiskey,cocktailbars
whiskey,INCLibrary
whiskey,whiskeyflights
whiskey,getonourlevel
whiskey,threeandahalfstars
whiskey,pinkiesout
whisky,whiskeyfordays
whisky,NJDRINKS
whisky,njcocktails
whisky,cocktailbars
whisky,INCLibrary
whisky,whiskeyflights
whisky,getonourlevel
whisky,threeandahalfstars
whisky,pinkiesout
whiskeyfordays,NJDRINKS
whiskeyfordays,njcocktails
whiskeyfordays,cocktailbars
whiskeyfordays,INCLibrary
whiskeyfordays,whiskeyflights
whiskeyfordays,getonourlevel
whiskeyfordays,threeandahalfstars
whiskeyfordays,pinkiesout
NJDRINKS,njcocktails
NJDRINKS,cocktailbars
NJDRINKS,INCLibrary
NJDRINKS,whiskeyflights
NJDRINKS,getonourlevel
NJDRINKS,threeandahalfstars
NJDRINKS,pinkiesout
njcocktails,cocktailbars
njcocktails,INCLibrary
njcocktails,whiskeyflights
njcocktails,getonourlevel
njcocktails,threeandahalfstars
njcocktails,pinkiesout
cocktailbars,INCLibrary
cocktailbars,whiskeyflights
cocktailbars,getonourlevel
cocktailbars,threeandahalfstars
cocktailbars,pinkiesout
INCLibrary,whiskeyflights
INCLibrary,getonourlevel
INCLibrary,threeandahalfstars
INCLibrary,pinkiesout
whiskeyflights,getonourlevel
whiskeyflights,threeandahalfstars
whiskeyflights,pinkiesout
getonourlevel,threeandahalfstars
getonourlevel,pinkiesout
threeandahalfstars,pinkiesout
yoga,dance
yoga,drum
yoga,meditation
yoga,communityevents
yoga,fairtrade
yoga,giftshop
yoga,newbrunswicknj
yoga,rutgersuniversity
yoga,rutgersstudents
yoga,scarletknights
yoga,jnj
yoga,rwjuh
dance,drum
dance,meditation
dance,communityevents
dance,fairtrade
dance,giftshop
dance,newbrunswicknj
dance,rutgersuniversity
dance,rutgersstudents
dance,scarletknights
dance,jnj
dance,rwjuh
drum,meditation
drum,communityevents
drum,fairtrade
drum,giftshop
drum,newbrunswicknj
drum,rutgersuniversity
drum,rutgersstudents
drum,scarletknights
drum,jnj
drum,rwjuh
meditation,communityevents
meditation,fairtrade
meditation,giftshop
meditation,newbrunswicknj
meditation,rutgersuniversity
meditation,rutgersstudents
meditation,scarletknights
meditation,jnj
meditation,rwjuh
communityevents,fairtrade
communityevents,giftshop
communityevents,newbrunswicknj
communityevents,rutgersuniversity
communityevents,rutgersstudents
communityevents,scarletknights
communityevents,jnj
communityevents,rwjuh
fairtrade,giftshop
fairtrade,newbrunswicknj
fairtrade,rutgersuniversity
fairtrade,rutgersstudents
fairtrade,scarletknights
fairtrade,jnj
fairtrade,rwjuh
giftshop,newbrunswicknj
giftshop,rutgersuniversity
giftshop,rutgersstudents
giftshop,scarletknights
giftshop,jnj
giftshop,rwjuh
newbrunswicknj,rutgersuniversity
newbrunswicknj,rutgersstudents
newbrunswicknj,scarletknights
newbrunswicknj,jnj
newbrunswicknj,rwjuh
rutgersuniversity,rutgersstudents
rutgersuniversity,scarletknights
rutgersuniversity,jnj
rutgersuniversity,rwjuh
rutgersstudents,scarletknights
rutgersstudents,jnj
rutgersstudents,rwjuh
scarletknights,jnj
scarletknights,rwjuh
jnj,rwjuh
nightphotography,depthoffield
nightphotography,portraiture
nightphotography,bokeh
nightphotography,bokehlicous
nightphotography,bokehballs
nightphotography,parkingdeck
nightphotography,rutgers
nightphotography,portraiture_kings
nightphotography,newjersey
nightphotography,newbrunswicknj
depthoffield,portraiture
depthoffield,bokeh
depthoffield,bokehlicous
depthoffield,bokehballs
depthoffield,parkingdeck
depthoffield,rutgers
depthoffield,portraiture_kings
depthoffield,newjersey
depthoffield,newbrunswicknj
portraiture,bokeh
portraiture,bokehlicous
portraiture,bokehballs
portraiture,parkingdeck
portraiture,rutgers
portraiture,portraiture_kings
portraiture,newjersey
portraiture,newbrunswicknj
bokeh,bokehlicous
bokeh,bokehballs
bokeh,parkingdeck
bokeh,rutgers
bokeh,portraiture_kings
bokeh,newjersey
bokeh,newbrunswicknj
bokehlicous,bokehballs
bokehlicous,parkingdeck
bokehlicous,rutgers
bokehlicous,portraiture_kings
bokehlicous,newjersey
bokehlicous,newbrunswicknj
bokehballs,parkingdeck
bokehballs,rutgers
bokehballs,portraiture_kings
bokehballs,newjersey
bokehballs,newbrunswicknj
parkingdeck,rutgers
parkingdeck,portraiture_kings
parkingdeck,newjersey
parkingdeck,newbrunswicknj
rutgers,portraiture_kings
rutgers,newjersey
rutgers,newbrunswicknj
portraiture_kings,newjersey
portraiture_kings,newbrunswicknj
newjersey,newbrunswicknj
gardenstatetattoos,elizabethnj
gardenstatetattoos,girlwithtattoos
gardenstatetattoos,blackandwhite
gardenstatetattoos,flowertattoo
gardenstatetattoos,sleevetattoo
gardenstatetattoos,colortattoos
gardenstatetattoos,lindennj
gardenstatetattoos,newarknj
gardenstatetattoos,newbrunswicknj
gardenstatetattoos,patersonnj
gardenstatetattoos,perthamboy
gardenstatetattoos,amboy
gardenstatetattoos,jerseycitynj
gardenstatetattoos,jerseyshore
elizabethnj,girlwithtattoos
elizabethnj,blackandwhite
elizabethnj,flowertattoo
elizabethnj,sleevetattoo
elizabethnj,colortattoos
elizabethnj,lindennj
elizabethnj,newarknj
elizabethnj,newbrunswicknj
elizabethnj,patersonnj
elizabethnj,perthamboy
elizabethnj,amboy
elizabethnj,jerseycitynj
elizabethnj,jerseyshore
girlwithtattoos,blackandwhite
girlwithtattoos,flowertattoo
girlwithtattoos,sleevetattoo
girlwithtattoos,colortattoos
girlwithtattoos,lindennj
girlwithtattoos,newarknj
girlwithtattoos,newbrunswicknj
girlwithtattoos,patersonnj
girlwithtattoos,perthamboy
girlwithtattoos,amboy
girlwithtattoos,jerseycitynj
girlwithtattoos,jerseyshore
blackandwhite,flowertattoo
blackandwhite,sleevetattoo
blackandwhite,colortattoos
blackandwhite,lindennj
blackandwhite,newarknj
blackandwhite,newbrunswicknj
blackandwhite,patersonnj
blackandwhite,perthamboy
blackandwhite,amboy
blackandwhite,jerseycitynj
blackandwhite,jerseyshore
flowertattoo,sleevetattoo
flowertattoo,colortattoos
flowertattoo,lindennj
flowertattoo,newarknj
flowertattoo,newbrunswicknj
flowertattoo,patersonnj
flowertattoo,perthamboy
flowertattoo,amboy
flowertattoo,jerseycitynj
flowertattoo,jerseyshore
sleevetattoo,colortattoos
sleevetattoo,lindennj
sleevetattoo,newarknj
sleevetattoo,newbrunswicknj
sleevetattoo,patersonnj
sleevetattoo,perthamboy
sleevetattoo,amboy
sleevetattoo,jerseycitynj
sleevetattoo,jerseyshore
colortattoos,lindennj
colortattoos,newarknj
colortattoos,newbrunswicknj
colortattoos,patersonnj
colortattoos,perthamboy
colortattoos,amboy
colortattoos,jerseycitynj
colortattoos,jerseyshore
lindennj,newarknj
lindennj,newbrunswicknj
lindennj,patersonnj
lindennj,perthamboy
lindennj,amboy
lindennj,jerseycitynj
lindennj,jerseyshore
newarknj,newbrunswicknj
newarknj,patersonnj
newarknj,perthamboy
newarknj,amboy
newarknj,jerseycitynj
newarknj,jerseyshore
newbrunswicknj,patersonnj
newbrunswicknj,perthamboy
newbrunswicknj,amboy
newbrunswicknj,jerseycitynj
newbrunswicknj,jerseyshore
patersonnj,perthamboy
patersonnj,amboy
patersonnj,jerseycitynj
patersonnj,jerseyshore
perthamboy,amboy
perthamboy,jerseycitynj
perthamboy,jerseyshore
amboy,jerseycitynj
amboy,jerseyshore
jerseycitynj,jerseyshore
hiring,marketingassistant
hiring,marketingassistantneeded
hiring,newbrunswicknj
marketingassistant,marketingassistantneeded
marketingassistant,newbrunswicknj
marketingassistantneeded,newbrunswicknj
newbrunswicknj,latintwistthursdays
newbrunswicknj,RutgersUniversity
newbrunswicknj,ScarletBrunch
newbrunswicknj,CollegeAve
newbrunswicknj,EastonAve
newbrunswicknj,rutgers
newbrunswicknj,party
newbrunswicknj,drinks
newbrunswicknj,ladies
newbrunswicknj,nightlife
newbrunswicknj,biggnightlife
latintwistthursdays,RutgersUniversity
latintwistthursdays,ScarletBrunch
latintwistthursdays,CollegeAve
latintwistthursdays,EastonAve
latintwistthursdays,rutgers
latintwistthursdays,party
latintwistthursdays,drinks
latintwistthursdays,ladies
latintwistthursdays,nightlife
latintwistthursdays,biggnightlife
RutgersUniversity,ScarletBrunch
RutgersUniversity,CollegeAve
RutgersUniversity,EastonAve
RutgersUniversity,rutgers
RutgersUniversity,party
RutgersUniversity,drinks
RutgersUniversity,ladies
RutgersUniversity,nightlife
RutgersUniversity,biggnightlife
ScarletBrunch,CollegeAve
ScarletBrunch,EastonAve
ScarletBrunch,rutgers
ScarletBrunch,party
ScarletBrunch,drinks
ScarletBrunch,ladies
ScarletBrunch,nightlife
ScarletBrunch,biggnightlife
CollegeAve,EastonAve
CollegeAve,rutgers
CollegeAve,party
CollegeAve,drinks
CollegeAve,ladies
CollegeAve,nightlife
CollegeAve,biggnightlife
EastonAve,rutgers
EastonAve,party
EastonAve,drinks
EastonAve,ladies
EastonAve,nightlife
EastonAve,biggnightlife
rutgers,party
rutgers,drinks
rutgers,ladies
rutgers,nightlife
rutgers,biggnightlife
party,drinks
party,ladies
party,nightlife
party,biggnightlife
drinks,ladies
drinks,nightlife
drinks,biggnightlife
ladies,nightlife
ladies,biggnightlife
nightlife,biggnightlife
ScarletBrunch,NewBrunswickNj
ScarletBrunch,Rutgers
ScarletBrunch,ScarletKnight
ScarletBrunch,RutgersUniversity
ScarletBrunch,ScarletBrunch
ScarletBrunch,CollegeAve
ScarletBrunch,EastonAve
ScarletBrunch,Brunch
ScarletBrunch,DayDrinking
NewBrunswickNj,Rutgers
NewBrunswickNj,ScarletKnight
NewBrunswickNj,RutgersUniversity
NewBrunswickNj,ScarletBrunch
NewBrunswickNj,CollegeAve
NewBrunswickNj,EastonAve
NewBrunswickNj,Brunch
NewBrunswickNj,DayDrinking
Rutgers,ScarletKnight
Rutgers,RutgersUniversity
Rutgers,ScarletBrunch
Rutgers,CollegeAve
Rutgers,EastonAve
Rutgers,Brunch
Rutgers,DayDrinking
ScarletKnight,RutgersUniversity
ScarletKnight,ScarletBrunch
ScarletKnight,CollegeAve
ScarletKnight,EastonAve
ScarletKnight,Brunch
ScarletKnight,DayDrinking
RutgersUniversity,ScarletBrunch
RutgersUniversity,CollegeAve
RutgersUniversity,EastonAve
RutgersUniversity,Brunch
RutgersUniversity,DayDrinking
ScarletBrunch,CollegeAve
ScarletBrunch,EastonAve
ScarletBrunch,Brunch
ScarletBrunch,DayDrinking
CollegeAve,EastonAve
CollegeAve,Brunch
CollegeAve,DayDrinking
EastonAve,Brunch
EastonAve,DayDrinking
Brunch,DayDrinking
ScarletBrunch,NewBrunswickNj
ScarletBrunch,Rutgers
ScarletBrunch,ScarletKnight
ScarletBrunch,RutgersUniversity
ScarletBrunch,ScarletBrunch
ScarletBrunch,CollegeAve
ScarletBrunch,EastonAve
ScarletBrunch,Brunch
ScarletBrunch,DayDrinking
NewBrunswickNj,Rutgers
NewBrunswickNj,ScarletKnight
NewBrunswickNj,RutgersUniversity
NewBrunswickNj,ScarletBrunch
NewBrunswickNj,CollegeAve
NewBrunswickNj,EastonAve
NewBrunswickNj,Brunch
NewBrunswickNj,DayDrinking
Rutgers,ScarletKnight
Rutgers,RutgersUniversity
Rutgers,ScarletBrunch
Rutgers,CollegeAve
Rutgers,EastonAve
Rutgers,Brunch
Rutgers,DayDrinking
ScarletKnight,RutgersUniversity
ScarletKnight,ScarletBrunch
ScarletKnight,CollegeAve
ScarletKnight,EastonAve
ScarletKnight,Brunch
ScarletKnight,DayDrinking
RutgersUniversity,ScarletBrunch
RutgersUniversity,CollegeAve
RutgersUniversity,EastonAve
RutgersUniversity,Brunch
RutgersUniversity,DayDrinking
ScarletBrunch,CollegeAve
ScarletBrunch,EastonAve
ScarletBrunch,Brunch
ScarletBrunch,DayDrinking
CollegeAve,EastonAve
CollegeAve,Brunch
CollegeAve,DayDrinking
EastonAve,Brunch
EastonAve,DayDrinking
Brunch,DayDrinking
ScarletBrunch,NewBrunswickNj
ScarletBrunch,Rutgers
ScarletBrunch,ScarletKnight
ScarletBrunch,RutgersUniversity
ScarletBrunch,ScarletBrunch
ScarletBrunch,CollegeAve
ScarletBrunch,EastonAve
ScarletBrunch,Brunch
ScarletBrunch,DayDrinking
NewBrunswickNj,Rutgers
NewBrunswickNj,ScarletKnight
NewBrunswickNj,RutgersUniversity
NewBrunswickNj,ScarletBrunch
NewBrunswickNj,CollegeAve
NewBrunswickNj,EastonAve
NewBrunswickNj,Brunch
NewBrunswickNj,DayDrinking
Rutgers,ScarletKnight
Rutgers,RutgersUniversity
Rutgers,ScarletBrunch
Rutgers,CollegeAve
Rutgers,EastonAve
Rutgers,Brunch
Rutgers,DayDrinking
ScarletKnight,RutgersUniversity
ScarletKnight,ScarletBrunch
ScarletKnight,CollegeAve
ScarletKnight,EastonAve
ScarletKnight,Brunch
ScarletKnight,DayDrinking
RutgersUniversity,ScarletBrunch
RutgersUniversity,CollegeAve
RutgersUniversity,EastonAve
RutgersUniversity,Brunch
RutgersUniversity,DayDrinking
ScarletBrunch,CollegeAve
ScarletBrunch,EastonAve
ScarletBrunch,Brunch
ScarletBrunch,DayDrinking
CollegeAve,EastonAve
CollegeAve,Brunch
CollegeAve,DayDrinking
EastonAve,Brunch
EastonAve,DayDrinking
Brunch,DayDrinking
3fourlaw,streetwear
3fourlaw,fashion
3fourlaw,tshirts
3fourlaw,candystripes
3fourlaw,red
3fourlaw,twizzlers
3fourlaw,candy
3fourlaw,onlybuilt4royalty
3fourlaw,whtnred
3fourlaw,whiteandred
3fourlaw,nj
3fourlaw,jersey
3fourlaw,newbrunswicknj
3fourlaw,southside
3fourlaw,sutphin
3fourlaw,peppermint
3fourlaw,queens
3fourlaw,QueensGetTheMoney
streetwear,fashion
streetwear,tshirts
streetwear,candystripes
streetwear,red
streetwear,twizzlers
streetwear,candy
streetwear,onlybuilt4royalty
streetwear,whtnred
streetwear,whiteandred
streetwear,nj
streetwear,jersey
streetwear,newbrunswicknj
streetwear,southside
streetwear,sutphin
streetwear,peppermint
streetwear,queens
streetwear,QueensGetTheMoney
fashion,tshirts
fashion,candystripes
fashion,red
fashion,twizzlers
fashion,candy
fashion,onlybuilt4royalty
fashion,whtnred
fashion,whiteandred
fashion,nj
fashion,jersey
fashion,newbrunswicknj
fashion,southside
fashion,sutphin
fashion,peppermint
fashion,queens
fashion,QueensGetTheMoney
tshirts,candystripes
tshirts,red
tshirts,twizzlers
tshirts,candy
tshirts,onlybuilt4royalty
tshirts,whtnred
tshirts,whiteandred
tshirts,nj
tshirts,jersey
tshirts,newbrunswicknj
tshirts,southside
tshirts,sutphin
tshirts,peppermint
tshirts,queens
tshirts,QueensGetTheMoney
candystripes,red
candystripes,twizzlers
candystripes,candy
candystripes,onlybuilt4royalty
candystripes,whtnred
candystripes,whiteandred
candystripes,nj
candystripes,jersey
candystripes,newbrunswicknj
candystripes,southside
candystripes,sutphin
candystripes,peppermint
candystripes,queens
candystripes,QueensGetTheMoney
red,twizzlers
red,candy
red,onlybuilt4royalty
red,whtnred
red,whiteandred
red,nj
red,jersey
red,newbrunswicknj
red,southside
red,sutphin
red,peppermint
red,queens
red,QueensGetTheMoney
twizzlers,candy
twizzlers,onlybuilt4royalty
twizzlers,whtnred
twizzlers,whiteandred
twizzlers,nj
twizzlers,jersey
twizzlers,newbrunswicknj
twizzlers,southside
twizzlers,sutphin
twizzlers,peppermint
twizzlers,queens
twizzlers,QueensGetTheMoney
candy,onlybuilt4royalty
candy,whtnred
candy,whiteandred
candy,nj
candy,jersey
candy,newbrunswicknj
candy,southside
candy,sutphin
candy,peppermint
candy,queens
candy,QueensGetTheMoney
onlybuilt4royalty,whtnred
onlybuilt4royalty,whiteandred
onlybuilt4royalty,nj
onlybuilt4royalty,jersey
onlybuilt4royalty,newbrunswicknj
onlybuilt4royalty,southside
onlybuilt4royalty,sutphin
onlybuilt4royalty,peppermint
onlybuilt4royalty,queens
onlybuilt4royalty,QueensGetTheMoney
whtnred,whiteandred
whtnred,nj
whtnred,jersey
whtnred,newbrunswicknj
whtnred,southside
whtnred,sutphin
whtnred,peppermint
whtnred,queens
whtnred,QueensGetTheMoney
whiteandred,nj
whiteandred,jersey
whiteandred,newbrunswicknj
whiteandred,southside
whiteandred,sutphin
whiteandred,peppermint
whiteandred,queens
whiteandred,QueensGetTheMoney
nj,jersey
nj,newbrunswicknj
nj,southside
nj,sutphin
nj,peppermint
nj,queens
nj,QueensGetTheMoney
jersey,newbrunswicknj
jersey,southside
jersey,sutphin
jersey,peppermint
jersey,queens
jersey,QueensGetTheMoney
newbrunswicknj,southside
newbrunswicknj,sutphin
newbrunswicknj,peppermint
newbrunswicknj,queens
newbrunswicknj,QueensGetTheMoney
southside,sutphin
southside,peppermint
southside,queens
southside,QueensGetTheMoney
sutphin,peppermint
sutphin,queens
sutphin,QueensGetTheMoney
peppermint,queens
peppermint,QueensGetTheMoney
queens,QueensGetTheMoney
3fourlaw,hoodies
3fourlaw,streetwear
3fourlaw,youth
3fourlaw,nikeairmoreuptempo
3fourlaw,miamiheat
3fourlaw,chicagobulls
3fourlaw,dwade
3fourlaw,mj23
3fourlaw,airpippen
3fourlaw,pippen
3fourlaw,blackandred
3fourlaw,blknrd
3fourlaw,red
3fourlaw,black
3fourlaw,fashion
3fourlaw,queens
3fourlaw,southjamaica
3fourlaw,QueensGetTheMoney
3fourlaw,QGTM
3fourlaw,newbrunswicknj
3fourlaw,jersey
hoodies,streetwear
hoodies,youth
hoodies,nikeairmoreuptempo
hoodies,miamiheat
hoodies,chicagobulls
hoodies,dwade
hoodies,mj23
hoodies,airpippen
hoodies,pippen
hoodies,blackandred
hoodies,blknrd
hoodies,red
hoodies,black
hoodies,fashion
hoodies,queens
hoodies,southjamaica
hoodies,QueensGetTheMoney
hoodies,QGTM
hoodies,newbrunswicknj
hoodies,jersey
streetwear,youth
streetwear,nikeairmoreuptempo
streetwear,miamiheat
streetwear,chicagobulls
streetwear,dwade
streetwear,mj23
streetwear,airpippen
streetwear,pippen
streetwear,blackandred
streetwear,blknrd
streetwear,red
streetwear,black
streetwear,fashion
streetwear,queens
streetwear,southjamaica
streetwear,QueensGetTheMoney
streetwear,QGTM
streetwear,newbrunswicknj
streetwear,jersey
youth,nikeairmoreuptempo
youth,miamiheat
youth,chicagobulls
youth,dwade
youth,mj23
youth,airpippen
youth,pippen
youth,blackandred
youth,blknrd
youth,red
youth,black
youth,fashion
youth,queens
youth,southjamaica
youth,QueensGetTheMoney
youth,QGTM
youth,newbrunswicknj
youth,jersey
nikeairmoreuptempo,miamiheat
nikeairmoreuptempo,chicagobulls
nikeairmoreuptempo,dwade
nikeairmoreuptempo,mj23
nikeairmoreuptempo,airpippen
nikeairmoreuptempo,pippen
nikeairmoreuptempo,blackandred
nikeairmoreuptempo,blknrd
nikeairmoreuptempo,red
nikeairmoreuptempo,black
nikeairmoreuptempo,fashion
nikeairmoreuptempo,queens
nikeairmoreuptempo,southjamaica
nikeairmoreuptempo,QueensGetTheMoney
nikeairmoreuptempo,QGTM
nikeairmoreuptempo,newbrunswicknj
nikeairmoreuptempo,jersey
miamiheat,chicagobulls
miamiheat,dwade
miamiheat,mj23
miamiheat,airpippen
miamiheat,pippen
miamiheat,blackandred
miamiheat,blknrd
miamiheat,red
miamiheat,black
miamiheat,fashion
miamiheat,queens
miamiheat,southjamaica
miamiheat,QueensGetTheMoney
miamiheat,QGTM
miamiheat,newbrunswicknj
miamiheat,jersey
chicagobulls,dwade
chicagobulls,mj23
chicagobulls,airpippen
chicagobulls,pippen
chicagobulls,blackandred
chicagobulls,blknrd
chicagobulls,red
chicagobulls,black
chicagobulls,fashion
chicagobulls,queens
chicagobulls,southjamaica
chicagobulls,QueensGetTheMoney
chicagobulls,QGTM
chicagobulls,newbrunswicknj
chicagobulls,jersey
dwade,mj23
dwade,airpippen
dwade,pippen
dwade,blackandred
dwade,blknrd
dwade,red
dwade,black
dwade,fashion
dwade,queens
dwade,southjamaica
dwade,QueensGetTheMoney
dwade,QGTM
dwade,newbrunswicknj
dwade,jersey
mj23,airpippen
mj23,pippen
mj23,blackandred
mj23,blknrd
mj23,red
mj23,black
mj23,fashion
mj23,queens
mj23,southjamaica
mj23,QueensGetTheMoney
mj23,QGTM
mj23,newbrunswicknj
mj23,jersey
airpippen,pippen
airpippen,blackandred
airpippen,blknrd
airpippen,red
airpippen,black
airpippen,fashion
airpippen,queens
airpippen,southjamaica
airpippen,QueensGetTheMoney
airpippen,QGTM
airpippen,newbrunswicknj
airpippen,jersey
pippen,blackandred
pippen,blknrd
pippen,red
pippen,black
pippen,fashion
pippen,queens
pippen,southjamaica
pippen,QueensGetTheMoney
pippen,QGTM
pippen,newbrunswicknj
pippen,jersey
blackandred,blknrd
blackandred,red
blackandred,black
blackandred,fashion
blackandred,queens
blackandred,southjamaica
blackandred,QueensGetTheMoney
blackandred,QGTM
blackandred,newbrunswicknj
blackandred,jersey
blknrd,red
blknrd,black
blknrd,fashion
blknrd,queens
blknrd,southjamaica
blknrd,QueensGetTheMoney
blknrd,QGTM
blknrd,newbrunswicknj
blknrd,jersey
red,black
red,fashion
red,queens
red,southjamaica
red,QueensGetTheMoney
red,QGTM
red,newbrunswicknj
red,jersey
black,fashion
black,queens
black,southjamaica
black,QueensGetTheMoney
black,QGTM
black,newbrunswicknj
black,jersey
fashion,queens
fashion,southjamaica
fashion,QueensGetTheMoney
fashion,QGTM
fashion,newbrunswicknj
fashion,jersey
queens,southjamaica
queens,QueensGetTheMoney
queens,QGTM
queens,newbrunswicknj
queens,jersey
southjamaica,QueensGetTheMoney
southjamaica,QGTM
southjamaica,newbrunswicknj
southjamaica,jersey
QueensGetTheMoney,QGTM
QueensGetTheMoney,newbrunswicknj
QueensGetTheMoney,jersey
QGTM,newbrunswicknj
QGTM,jersey
newbrunswicknj,jersey
LatinThursdays,newbrunswicknj
VansProSkateTour,NewBrunswickNj
VansProSkateTour,VansPropeller
VansProSkateTour,WayInTheFutureWednesdays
NewBrunswickNj,VansPropeller
NewBrunswickNj,WayInTheFutureWednesdays
VansPropeller,WayInTheFutureWednesdays
newbrunswicknj,njisntboring
newbrunswicknj,newjerseylifestyle
newbrunswicknj,newbrunswickrestaurants
newbrunswicknj,njrestaurants
newbrunswicknj,dinnerinnj
newbrunswicknj,njeats
newbrunswicknj,njfood
newbrunswicknj,newjerseyfoodie
newbrunswicknj,middlesexcounty
newbrunswicknj,nj
newbrunswicknj,newjersey
njisntboring,newjerseylifestyle
njisntboring,newbrunswickrestaurants
njisntboring,njrestaurants
njisntboring,dinnerinnj
njisntboring,njeats
njisntboring,njfood
njisntboring,newjerseyfoodie
njisntboring,middlesexcounty
njisntboring,nj
njisntboring,newjersey
newjerseylifestyle,newbrunswickrestaurants
newjerseylifestyle,njrestaurants
newjerseylifestyle,dinnerinnj
newjerseylifestyle,njeats
newjerseylifestyle,njfood
newjerseylifestyle,newjerseyfoodie
newjerseylifestyle,middlesexcounty
newjerseylifestyle,nj
newjerseylifestyle,newjersey
newbrunswickrestaurants,njrestaurants
newbrunswickrestaurants,dinnerinnj
newbrunswickrestaurants,njeats
newbrunswickrestaurants,njfood
newbrunswickrestaurants,newjerseyfoodie
newbrunswickrestaurants,middlesexcounty
newbrunswickrestaurants,nj
newbrunswickrestaurants,newjersey
njrestaurants,dinnerinnj
njrestaurants,njeats
njrestaurants,njfood
njrestaurants,newjerseyfoodie
njrestaurants,middlesexcounty
njrestaurants,nj
njrestaurants,newjersey
dinnerinnj,njeats
dinnerinnj,njfood
dinnerinnj,newjerseyfoodie
dinnerinnj,middlesexcounty
dinnerinnj,nj
dinnerinnj,newjersey
njeats,njfood
njeats,newjerseyfoodie
njeats,middlesexcounty
njeats,nj
njeats,newjersey
njfood,newjerseyfoodie
njfood,middlesexcounty
njfood,nj
njfood,newjersey
newjerseyfoodie,middlesexcounty
newjerseyfoodie,nj
newjerseyfoodie,newjersey
middlesexcounty,nj
middlesexcounty,newjersey
nj,newjersey
scarletpaws,welovehubcity
scarletpaws,newbrunswicknj
welovehubcity,newbrunswicknj
njskateshop,hoboken
njskateshop,newbrunswicknj
njskateshop,newjersey
hoboken,newbrunswicknj
hoboken,newjersey
newbrunswicknj,newjersey
gardenstatetattoos,elizabethnj
gardenstatetattoos,girlwithtattoos
gardenstatetattoos,blackandwhite
gardenstatetattoos,flowertattoo
gardenstatetattoos,sleevetattoo
gardenstatetattoos,colortattoos
gardenstatetattoos,lindennj
gardenstatetattoos,newarknj
gardenstatetattoos,newbrunswicknj
gardenstatetattoos,patersonnj
gardenstatetattoos,perthamboy
gardenstatetattoos,amboy
gardenstatetattoos,jerseycitynj
gardenstatetattoos,jerseyshore
elizabethnj,girlwithtattoos
elizabethnj,blackandwhite
elizabethnj,flowertattoo
elizabethnj,sleevetattoo
elizabethnj,colortattoos
elizabethnj,lindennj
elizabethnj,newarknj
elizabethnj,newbrunswicknj
elizabethnj,patersonnj
elizabethnj,perthamboy
elizabethnj,amboy
elizabethnj,jerseycitynj
elizabethnj,jerseyshore
girlwithtattoos,blackandwhite
girlwithtattoos,flowertattoo
girlwithtattoos,sleevetattoo
girlwithtattoos,colortattoos
girlwithtattoos,lindennj
girlwithtattoos,newarknj
girlwithtattoos,newbrunswicknj
girlwithtattoos,patersonnj
girlwithtattoos,perthamboy
girlwithtattoos,amboy
girlwithtattoos,jerseycitynj
girlwithtattoos,jerseyshore
blackandwhite,flowertattoo
blackandwhite,sleevetattoo
blackandwhite,colortattoos
blackandwhite,lindennj
blackandwhite,newarknj
blackandwhite,newbrunswicknj
blackandwhite,patersonnj
blackandwhite,perthamboy
blackandwhite,amboy
blackandwhite,jerseycitynj
blackandwhite,jerseyshore
flowertattoo,sleevetattoo
flowertattoo,colortattoos
flowertattoo,lindennj
flowertattoo,newarknj
flowertattoo,newbrunswicknj
flowertattoo,patersonnj
flowertattoo,perthamboy
flowertattoo,amboy
flowertattoo,jerseycitynj
flowertattoo,jerseyshore
sleevetattoo,colortattoos
sleevetattoo,lindennj
sleevetattoo,newarknj
sleevetattoo,newbrunswicknj
sleevetattoo,patersonnj
sleevetattoo,perthamboy
sleevetattoo,amboy
sleevetattoo,jerseycitynj
sleevetattoo,jerseyshore
colortattoos,lindennj
colortattoos,newarknj
colortattoos,newbrunswicknj
colortattoos,patersonnj
colortattoos,perthamboy
colortattoos,amboy
colortattoos,jerseycitynj
colortattoos,jerseyshore
lindennj,newarknj
lindennj,newbrunswicknj
lindennj,patersonnj
lindennj,perthamboy
lindennj,amboy
lindennj,jerseycitynj
lindennj,jerseyshore
newarknj,newbrunswicknj
newarknj,patersonnj
newarknj,perthamboy
newarknj,amboy
newarknj,jerseycitynj
newarknj,jerseyshore
newbrunswicknj,patersonnj
newbrunswicknj,perthamboy
newbrunswicknj,amboy
newbrunswicknj,jerseycitynj
newbrunswicknj,jerseyshore
patersonnj,perthamboy
patersonnj,amboy
patersonnj,jerseycitynj
patersonnj,jerseyshore
perthamboy,amboy
perthamboy,jerseycitynj
perthamboy,jerseyshore
amboy,jerseycitynj
amboy,jerseyshore
jerseycitynj,jerseyshore
exit9,newbrunswicknj
exit9,heldrichhotel
newbrunswicknj,heldrichhotel
fromtrain,morninglight
fromtrain,newbrunswicknj
morninglight,newbrunswicknj
tag1,tag2
DestinationDogs,eeeeeats
DestinationDogs,newbrunswicknj
DestinationDogs,yummy
DestinationDogs,dogsaroundtheworld
DestinationDogs,eatingfortheinsta
DestinationDogs,nomnomnom
DestinationDogs,foodie
DestinationDogs,carivore
DestinationDogs,hotdog
DestinationDogs,veggiedogs
DestinationDogs,love
DestinationDogs,peacelovefood
eeeeeats,newbrunswicknj
eeeeeats,yummy
eeeeeats,dogsaroundtheworld
eeeeeats,eatingfortheinsta
eeeeeats,nomnomnom
eeeeeats,foodie
eeeeeats,carivore
eeeeeats,hotdog
eeeeeats,veggiedogs
eeeeeats,love
eeeeeats,peacelovefood
newbrunswicknj,yummy
newbrunswicknj,dogsaroundtheworld
newbrunswicknj,eatingfortheinsta
newbrunswicknj,nomnomnom
newbrunswicknj,foodie
newbrunswicknj,carivore
newbrunswicknj,hotdog
newbrunswicknj,veggiedogs
newbrunswicknj,love
newbrunswicknj,peacelovefood
yummy,dogsaroundtheworld
yummy,eatingfortheinsta
yummy,nomnomnom
yummy,foodie
yummy,carivore
yummy,hotdog
yummy,veggiedogs
yummy,love
yummy,peacelovefood
dogsaroundtheworld,eatingfortheinsta
dogsaroundtheworld,nomnomnom
dogsaroundtheworld,foodie
dogsaroundtheworld,carivore
dogsaroundtheworld,hotdog
dogsaroundtheworld,veggiedogs
dogsaroundtheworld,love
dogsaroundtheworld,peacelovefood
eatingfortheinsta,nomnomnom
eatingfortheinsta,foodie
eatingfortheinsta,carivore
eatingfortheinsta,hotdog
eatingfortheinsta,veggiedogs
eatingfortheinsta,love
eatingfortheinsta,peacelovefood
nomnomnom,foodie
nomnomnom,carivore
nomnomnom,hotdog
nomnomnom,veggiedogs
nomnomnom,love
nomnomnom,peacelovefood
foodie,carivore
foodie,hotdog
foodie,veggiedogs
foodie,love
foodie,peacelovefood
carivore,hotdog
carivore,veggiedogs
carivore,love
carivore,peacelovefood
hotdog,veggiedogs
hotdog,love
hotdog,peacelovefood
veggiedogs,love
veggiedogs,peacelovefood
love,peacelovefood
smallbusinesssaturday,beforeandafter
smallbusinesssaturday,highlandparknj
smallbusinesssaturday,smallbusiness
smallbusinesssaturday,gift
smallbusinesssaturday,holiday
smallbusinesssaturday,gift
smallbusinesssaturday,salonenvyhp
smallbusinesssaturday,newbrunswicknj
smallbusinesssaturday,Rutgersnj
smallbusinesssaturday,Piscatawaynj
smallbusinesssaturday,updos
smallbusinesssaturday,blowdry
smallbusinesssaturday,womensservices
smallbusinesssaturday,menscuts
smallbusinesssaturday,salon
smallbusinesssaturday,barbering
smallbusinesssaturday,middlesexcountynj
smallbusinesssaturday,Somersetcountynj
smallbusinesssaturday,winter
smallbusinesssaturday,spring
smallbusinesssaturday,summer
smallbusinesssaturday,fall
smallbusinesssaturday,redhighlights
smallbusinesssaturday,blondehighlights
smallbusinesssaturday,Trissola
smallbusinesssaturday,Keratin
smallbusinesssaturday,saloncentric
smallbusinesssaturday,behindthechair
smallbusinesssaturday,modernsalon
beforeandafter,highlandparknj
beforeandafter,smallbusiness
beforeandafter,gift
beforeandafter,holiday
beforeandafter,gift
beforeandafter,salonenvyhp
beforeandafter,newbrunswicknj
beforeandafter,Rutgersnj
beforeandafter,Piscatawaynj
beforeandafter,updos
beforeandafter,blowdry
beforeandafter,womensservices
beforeandafter,menscuts
beforeandafter,salon
beforeandafter,barbering
beforeandafter,middlesexcountynj
beforeandafter,Somersetcountynj
beforeandafter,winter
beforeandafter,spring
beforeandafter,summer
beforeandafter,fall
beforeandafter,redhighlights
beforeandafter,blondehighlights
beforeandafter,Trissola
beforeandafter,Keratin
beforeandafter,saloncentric
beforeandafter,behindthechair
beforeandafter,modernsalon
highlandparknj,smallbusiness
highlandparknj,gift
highlandparknj,holiday
highlandparknj,gift
highlandparknj,salonenvyhp
highlandparknj,newbrunswicknj
highlandparknj,Rutgersnj
highlandparknj,Piscatawaynj
highlandparknj,updos
highlandparknj,blowdry
highlandparknj,womensservices
highlandparknj,menscuts
highlandparknj,salon
highlandparknj,barbering
highlandparknj,middlesexcountynj
highlandparknj,Somersetcountynj
highlandparknj,winter
highlandparknj,spring
highlandparknj,summer
highlandparknj,fall
highlandparknj,redhighlights
highlandparknj,blondehighlights
highlandparknj,Trissola
highlandparknj,Keratin
highlandparknj,saloncentric
highlandparknj,behindthechair
highlandparknj,modernsalon
smallbusiness,gift
smallbusiness,holiday
smallbusiness,gift
smallbusiness,salonenvyhp
smallbusiness,newbrunswicknj
smallbusiness,Rutgersnj
smallbusiness,Piscatawaynj
smallbusiness,updos
smallbusiness,blowdry
smallbusiness,womensservices
smallbusiness,menscuts
smallbusiness,salon
smallbusiness,barbering
smallbusiness,middlesexcountynj
smallbusiness,Somersetcountynj
smallbusiness,winter
smallbusiness,spring
smallbusiness,summer
smallbusiness,fall
smallbusiness,redhighlights
smallbusiness,blondehighlights
smallbusiness,Trissola
smallbusiness,Keratin
smallbusiness,saloncentric
smallbusiness,behindthechair
smallbusiness,modernsalon
gift,holiday
gift,gift
gift,salonenvyhp
gift,newbrunswicknj
gift,Rutgersnj
gift,Piscatawaynj
gift,updos
gift,blowdry
gift,womensservices
gift,menscuts
gift,salon
gift,barbering
gift,middlesexcountynj
gift,Somersetcountynj
gift,winter
gift,spring
gift,summer
gift,fall
gift,redhighlights
gift,blondehighlights
gift,Trissola
gift,Keratin
gift,saloncentric
gift,behindthechair
gift,modernsalon
holiday,gift
holiday,salonenvyhp
holiday,newbrunswicknj
holiday,Rutgersnj
holiday,Piscatawaynj
holiday,updos
holiday,blowdry
holiday,womensservices
holiday,menscuts
holiday,salon
holiday,barbering
holiday,middlesexcountynj
holiday,Somersetcountynj
holiday,winter
holiday,spring
holiday,summer
holiday,fall
holiday,redhighlights
holiday,blondehighlights
holiday,Trissola
holiday,Keratin
holiday,saloncentric
holiday,behindthechair
holiday,modernsalon
gift,salonenvyhp
gift,newbrunswicknj
gift,Rutgersnj
gift,Piscatawaynj
gift,updos
gift,blowdry
gift,womensservices
gift,menscuts
gift,salon
gift,barbering
gift,middlesexcountynj
gift,Somersetcountynj
gift,winter
gift,spring
gift,summer
gift,fall
gift,redhighlights
gift,blondehighlights
gift,Trissola
gift,Keratin
gift,saloncentric
gift,behindthechair
gift,modernsalon
salonenvyhp,newbrunswicknj
salonenvyhp,Rutgersnj
salonenvyhp,Piscatawaynj
salonenvyhp,updos
salonenvyhp,blowdry
salonenvyhp,womensservices
salonenvyhp,menscuts
salonenvyhp,salon
salonenvyhp,barbering
salonenvyhp,middlesexcountynj
salonenvyhp,Somersetcountynj
salonenvyhp,winter
salonenvyhp,spring
salonenvyhp,summer
salonenvyhp,fall
salonenvyhp,redhighlights
salonenvyhp,blondehighlights
salonenvyhp,Trissola
salonenvyhp,Keratin
salonenvyhp,saloncentric
salonenvyhp,behindthechair
salonenvyhp,modernsalon
newbrunswicknj,Rutgersnj
newbrunswicknj,Piscatawaynj
newbrunswicknj,updos
newbrunswicknj,blowdry
newbrunswicknj,womensservices
newbrunswicknj,menscuts
newbrunswicknj,salon
newbrunswicknj,barbering
newbrunswicknj,middlesexcountynj
newbrunswicknj,Somersetcountynj
newbrunswicknj,winter
newbrunswicknj,spring
newbrunswicknj,summer
newbrunswicknj,fall
newbrunswicknj,redhighlights
newbrunswicknj,blondehighlights
newbrunswicknj,Trissola
newbrunswicknj,Keratin
newbrunswicknj,saloncentric
newbrunswicknj,behindthechair
newbrunswicknj,modernsalon
Rutgersnj,Piscatawaynj
Rutgersnj,updos
Rutgersnj,blowdry
Rutgersnj,womensservices
Rutgersnj,menscuts
Rutgersnj,salon
Rutgersnj,barbering
Rutgersnj,middlesexcountynj
Rutgersnj,Somersetcountynj
Rutgersnj,winter
Rutgersnj,spring
Rutgersnj,summer
Rutgersnj,fall
Rutgersnj,redhighlights
Rutgersnj,blondehighlights
Rutgersnj,Trissola
Rutgersnj,Keratin
Rutgersnj,saloncentric
Rutgersnj,behindthechair
Rutgersnj,modernsalon
Piscatawaynj,updos
Piscatawaynj,blowdry
Piscatawaynj,womensservices
Piscatawaynj,menscuts
Piscatawaynj,salon
Piscatawaynj,barbering
Piscatawaynj,middlesexcountynj
Piscatawaynj,Somersetcountynj
Piscatawaynj,winter
Piscatawaynj,spring
Piscatawaynj,summer
Piscatawaynj,fall
Piscatawaynj,redhighlights
Piscatawaynj,blondehighlights
Piscatawaynj,Trissola
Piscatawaynj,Keratin
Piscatawaynj,saloncentric
Piscatawaynj,behindthechair
Piscatawaynj,modernsalon
updos,blowdry
updos,womensservices
updos,menscuts
updos,salon
updos,barbering
updos,middlesexcountynj
updos,Somersetcountynj
updos,winter
updos,spring
updos,summer
updos,fall
updos,redhighlights
updos,blondehighlights
updos,Trissola
updos,Keratin
updos,saloncentric
updos,behindthechair
updos,modernsalon
blowdry,womensservices
blowdry,menscuts
blowdry,salon
blowdry,barbering
blowdry,middlesexcountynj
blowdry,Somersetcountynj
blowdry,winter
blowdry,spring
blowdry,summer
blowdry,fall
blowdry,redhighlights
blowdry,blondehighlights
blowdry,Trissola
blowdry,Keratin
blowdry,saloncentric
blowdry,behindthechair
blowdry,modernsalon
womensservices,menscuts
womensservices,salon
womensservices,barbering
womensservices,middlesexcountynj
womensservices,Somersetcountynj
womensservices,winter
womensservices,spring
womensservices,summer
womensservices,fall
womensservices,redhighlights
womensservices,blondehighlights
womensservices,Trissola
womensservices,Keratin
womensservices,saloncentric
womensservices,behindthechair
womensservices,modernsalon
menscuts,salon
menscuts,barbering
menscuts,middlesexcountynj
menscuts,Somersetcountynj
menscuts,winter
menscuts,spring
menscuts,summer
menscuts,fall
menscuts,redhighlights
menscuts,blondehighlights
menscuts,Trissola
menscuts,Keratin
menscuts,saloncentric
menscuts,behindthechair
menscuts,modernsalon
salon,barbering
salon,middlesexcountynj
salon,Somersetcountynj
salon,winter
salon,spring
salon,summer
salon,fall
salon,redhighlights
salon,blondehighlights
salon,Trissola
salon,Keratin
salon,saloncentric
salon,behindthechair
salon,modernsalon
barbering,middlesexcountynj
barbering,Somersetcountynj
barbering,winter
barbering,spring
barbering,summer
barbering,fall
barbering,redhighlights
barbering,blondehighlights
barbering,Trissola
barbering,Keratin
barbering,saloncentric
barbering,behindthechair
barbering,modernsalon
middlesexcountynj,Somersetcountynj
middlesexcountynj,winter
middlesexcountynj,spring
middlesexcountynj,summer
middlesexcountynj,fall
middlesexcountynj,redhighlights
middlesexcountynj,blondehighlights
middlesexcountynj,Trissola
middlesexcountynj,Keratin
middlesexcountynj,saloncentric
middlesexcountynj,behindthechair
middlesexcountynj,modernsalon
Somersetcountynj,winter
Somersetcountynj,spring
Somersetcountynj,summer
Somersetcountynj,fall
Somersetcountynj,redhighlights
Somersetcountynj,blondehighlights
Somersetcountynj,Trissola
Somersetcountynj,Keratin
Somersetcountynj,saloncentric
Somersetcountynj,behindthechair
Somersetcountynj,modernsalon
winter,spring
winter,summer
winter,fall
winter,redhighlights
winter,blondehighlights
winter,Trissola
winter,Keratin
winter,saloncentric
winter,behindthechair
winter,modernsalon
spring,summer
spring,fall
spring,redhighlights
spring,blondehighlights
spring,Trissola
spring,Keratin
spring,saloncentric
spring,behindthechair
spring,modernsalon
summer,fall
summer,redhighlights
summer,blondehighlights
summer,Trissola
summer,Keratin
summer,saloncentric
summer,behindthechair
summer,modernsalon
fall,redhighlights
fall,blondehighlights
fall,Trissola
fall,Keratin
fall,saloncentric
fall,behindthechair
fall,modernsalon
redhighlights,blondehighlights
redhighlights,Trissola
redhighlights,Keratin
redhighlights,saloncentric
redhighlights,behindthechair
redhighlights,modernsalon
blondehighlights,Trissola
blondehighlights,Keratin
blondehighlights,saloncentric
blondehighlights,behindthechair
blondehighlights,modernsalon
Trissola,Keratin
Trissola,saloncentric
Trissola,behindthechair
Trissola,modernsalon
Keratin,saloncentric
Keratin,behindthechair
Keratin,modernsalon
saloncentric,behindthechair
saloncentric,modernsalon
behindthechair,modernsalon
smallbusinesssaturday,beforeandafter
smallbusinesssaturday,highlandparknj
smallbusinesssaturday,smallbusiness
smallbusinesssaturday,gift
smallbusinesssaturday,holiday
smallbusinesssaturday,gift
smallbusinesssaturday,salonenvyhp
smallbusinesssaturday,newbrunswicknj
smallbusinesssaturday,Piscatawaynj
smallbusinesssaturday,updos
smallbusinesssaturday,blowdry
smallbusinesssaturday,womensservices
smallbusinesssaturday,menscuts
smallbusinesssaturday,salon
smallbusinesssaturday,barbering
smallbusinesssaturday,middlesexcountynj
smallbusinesssaturday,Somersetcountynj
smallbusinesssaturday,winter
smallbusinesssaturday,spring
smallbusinesssaturday,summer
smallbusinesssaturday,fall
smallbusinesssaturday,redhighlights
smallbusinesssaturday,blondehighlights
smallbusinesssaturday,Trissola
smallbusinesssaturday,Keratin
smallbusinesssaturday,saloncentric
smallbusinesssaturday,behindthechair
smallbusinesssaturday,modernsalon
smallbusinesssaturday,cosmoprof
beforeandafter,highlandparknj
beforeandafter,smallbusiness
beforeandafter,gift
beforeandafter,holiday
beforeandafter,gift
beforeandafter,salonenvyhp
beforeandafter,newbrunswicknj
beforeandafter,Piscatawaynj
beforeandafter,updos
beforeandafter,blowdry
beforeandafter,womensservices
beforeandafter,menscuts
beforeandafter,salon
beforeandafter,barbering
beforeandafter,middlesexcountynj
beforeandafter,Somersetcountynj
beforeandafter,winter
beforeandafter,spring
beforeandafter,summer
beforeandafter,fall
beforeandafter,redhighlights
beforeandafter,blondehighlights
beforeandafter,Trissola
beforeandafter,Keratin
beforeandafter,saloncentric
beforeandafter,behindthechair
beforeandafter,modernsalon
beforeandafter,cosmoprof
highlandparknj,smallbusiness
highlandparknj,gift
highlandparknj,holiday
highlandparknj,gift
highlandparknj,salonenvyhp
highlandparknj,newbrunswicknj
highlandparknj,Piscatawaynj
highlandparknj,updos
highlandparknj,blowdry
highlandparknj,womensservices
highlandparknj,menscuts
highlandparknj,salon
highlandparknj,barbering
highlandparknj,middlesexcountynj
highlandparknj,Somersetcountynj
highlandparknj,winter
highlandparknj,spring
highlandparknj,summer
highlandparknj,fall
highlandparknj,redhighlights
highlandparknj,blondehighlights
highlandparknj,Trissola
highlandparknj,Keratin
highlandparknj,saloncentric
highlandparknj,behindthechair
highlandparknj,modernsalon
highlandparknj,cosmoprof
smallbusiness,gift
smallbusiness,holiday
smallbusiness,gift
smallbusiness,salonenvyhp
smallbusiness,newbrunswicknj
smallbusiness,Piscatawaynj
smallbusiness,updos
smallbusiness,blowdry
smallbusiness,womensservices
smallbusiness,menscuts
smallbusiness,salon
smallbusiness,barbering
smallbusiness,middlesexcountynj
smallbusiness,Somersetcountynj
smallbusiness,winter
smallbusiness,spring
smallbusiness,summer
smallbusiness,fall
smallbusiness,redhighlights
smallbusiness,blondehighlights
smallbusiness,Trissola
smallbusiness,Keratin
smallbusiness,saloncentric
smallbusiness,behindthechair
smallbusiness,modernsalon
smallbusiness,cosmoprof
gift,holiday
gift,gift
gift,salonenvyhp
gift,newbrunswicknj
gift,Piscatawaynj
gift,updos
gift,blowdry
gift,womensservices
gift,menscuts
gift,salon
gift,barbering
gift,middlesexcountynj
gift,Somersetcountynj
gift,winter
gift,spring
gift,summer
gift,fall
gift,redhighlights
gift,blondehighlights
gift,Trissola
gift,Keratin
gift,saloncentric
gift,behindthechair
gift,modernsalon
gift,cosmoprof
holiday,gift
holiday,salonenvyhp
holiday,newbrunswicknj
holiday,Piscatawaynj
holiday,updos
holiday,blowdry
holiday,womensservices
holiday,menscuts
holiday,salon
holiday,barbering
holiday,middlesexcountynj
holiday,Somersetcountynj
holiday,winter
holiday,spring
holiday,summer
holiday,fall
holiday,redhighlights
holiday,blondehighlights
holiday,Trissola
holiday,Keratin
holiday,saloncentric
holiday,behindthechair
holiday,modernsalon
holiday,cosmoprof
gift,salonenvyhp
gift,newbrunswicknj
gift,Piscatawaynj
gift,updos
gift,blowdry
gift,womensservices
gift,menscuts
gift,salon
gift,barbering
gift,middlesexcountynj
gift,Somersetcountynj
gift,winter
gift,spring
gift,summer
gift,fall
gift,redhighlights
gift,blondehighlights
gift,Trissola
gift,Keratin
gift,saloncentric
gift,behindthechair
gift,modernsalon
gift,cosmoprof
salonenvyhp,newbrunswicknj
salonenvyhp,Piscatawaynj
salonenvyhp,updos
salonenvyhp,blowdry
salonenvyhp,womensservices
salonenvyhp,menscuts
salonenvyhp,salon
salonenvyhp,barbering
salonenvyhp,middlesexcountynj
salonenvyhp,Somersetcountynj
salonenvyhp,winter
salonenvyhp,spring
salonenvyhp,summer
salonenvyhp,fall
salonenvyhp,redhighlights
salonenvyhp,blondehighlights
salonenvyhp,Trissola
salonenvyhp,Keratin
salonenvyhp,saloncentric
salonenvyhp,behindthechair
salonenvyhp,modernsalon
salonenvyhp,cosmoprof
newbrunswicknj,Piscatawaynj
newbrunswicknj,updos
newbrunswicknj,blowdry
newbrunswicknj,womensservices
newbrunswicknj,menscuts
newbrunswicknj,salon
newbrunswicknj,barbering
newbrunswicknj,middlesexcountynj
newbrunswicknj,Somersetcountynj
newbrunswicknj,winter
newbrunswicknj,spring
newbrunswicknj,summer
newbrunswicknj,fall
newbrunswicknj,redhighlights
newbrunswicknj,blondehighlights
newbrunswicknj,Trissola
newbrunswicknj,Keratin
newbrunswicknj,saloncentric
newbrunswicknj,behindthechair
newbrunswicknj,modernsalon
newbrunswicknj,cosmoprof
Piscatawaynj,updos
Piscatawaynj,blowdry
Piscatawaynj,womensservices
Piscatawaynj,menscuts
Piscatawaynj,salon
Piscatawaynj,barbering
Piscatawaynj,middlesexcountynj
Piscatawaynj,Somersetcountynj
Piscatawaynj,winter
Piscatawaynj,spring
Piscatawaynj,summer
Piscatawaynj,fall
Piscatawaynj,redhighlights
Piscatawaynj,blondehighlights
Piscatawaynj,Trissola
Piscatawaynj,Keratin
Piscatawaynj,saloncentric
Piscatawaynj,behindthechair
Piscatawaynj,modernsalon
Piscatawaynj,cosmoprof
updos,blowdry
updos,womensservices
updos,menscuts
updos,salon
updos,barbering
updos,middlesexcountynj
updos,Somersetcountynj
updos,winter
updos,spring
updos,summer
updos,fall
updos,redhighlights
updos,blondehighlights
updos,Trissola
updos,Keratin
updos,saloncentric
updos,behindthechair
updos,modernsalon
updos,cosmoprof
blowdry,womensservices
blowdry,menscuts
blowdry,salon
blowdry,barbering
blowdry,middlesexcountynj
blowdry,Somersetcountynj
blowdry,winter
blowdry,spring
blowdry,summer
blowdry,fall
blowdry,redhighlights
blowdry,blondehighlights
blowdry,Trissola
blowdry,Keratin
blowdry,saloncentric
blowdry,behindthechair
blowdry,modernsalon
blowdry,cosmoprof
womensservices,menscuts
womensservices,salon
womensservices,barbering
womensservices,middlesexcountynj
womensservices,Somersetcountynj
womensservices,winter
womensservices,spring
womensservices,summer
womensservices,fall
womensservices,redhighlights
womensservices,blondehighlights
womensservices,Trissola
womensservices,Keratin
womensservices,saloncentric
womensservices,behindthechair
womensservices,modernsalon
womensservices,cosmoprof
menscuts,salon
menscuts,barbering
menscuts,middlesexcountynj
menscuts,Somersetcountynj
menscuts,winter
menscuts,spring
menscuts,summer
menscuts,fall
menscuts,redhighlights
menscuts,blondehighlights
menscuts,Trissola
menscuts,Keratin
menscuts,saloncentric
menscuts,behindthechair
menscuts,modernsalon
menscuts,cosmoprof
salon,barbering
salon,middlesexcountynj
salon,Somersetcountynj
salon,winter
salon,spring
salon,summer
salon,fall
salon,redhighlights
salon,blondehighlights
salon,Trissola
salon,Keratin
salon,saloncentric
salon,behindthechair
salon,modernsalon
salon,cosmoprof
barbering,middlesexcountynj
barbering,Somersetcountynj
barbering,winter
barbering,spring
barbering,summer
barbering,fall
barbering,redhighlights
barbering,blondehighlights
barbering,Trissola
barbering,Keratin
barbering,saloncentric
barbering,behindthechair
barbering,modernsalon
barbering,cosmoprof
middlesexcountynj,Somersetcountynj
middlesexcountynj,winter
middlesexcountynj,spring
middlesexcountynj,summer
middlesexcountynj,fall
middlesexcountynj,redhighlights
middlesexcountynj,blondehighlights
middlesexcountynj,Trissola
middlesexcountynj,Keratin
middlesexcountynj,saloncentric
middlesexcountynj,behindthechair
middlesexcountynj,modernsalon
middlesexcountynj,cosmoprof
Somersetcountynj,winter
Somersetcountynj,spring
Somersetcountynj,summer
Somersetcountynj,fall
Somersetcountynj,redhighlights
Somersetcountynj,blondehighlights
Somersetcountynj,Trissola
Somersetcountynj,Keratin
Somersetcountynj,saloncentric
Somersetcountynj,behindthechair
Somersetcountynj,modernsalon
Somersetcountynj,cosmoprof
winter,spring
winter,summer
winter,fall
winter,redhighlights
winter,blondehighlights
winter,Trissola
winter,Keratin
winter,saloncentric
winter,behindthechair
winter,modernsalon
winter,cosmoprof
spring,summer
spring,fall
spring,redhighlights
spring,blondehighlights
spring,Trissola
spring,Keratin
spring,saloncentric
spring,behindthechair
spring,modernsalon
spring,cosmoprof
summer,fall
summer,redhighlights
summer,blondehighlights
summer,Trissola
summer,Keratin
summer,saloncentric
summer,behindthechair
summer,modernsalon
summer,cosmoprof
fall,redhighlights
fall,blondehighlights
fall,Trissola
fall,Keratin
fall,saloncentric
fall,behindthechair
fall,modernsalon
fall,cosmoprof
redhighlights,blondehighlights
redhighlights,Trissola
redhighlights,Keratin
redhighlights,saloncentric
redhighlights,behindthechair
redhighlights,modernsalon
redhighlights,cosmoprof
blondehighlights,Trissola
blondehighlights,Keratin
blondehighlights,saloncentric
blondehighlights,behindthechair
blondehighlights,modernsalon
blondehighlights,cosmoprof
Trissola,Keratin
Trissola,saloncentric
Trissola,behindthechair
Trissola,modernsalon
Trissola,cosmoprof
Keratin,saloncentric
Keratin,behindthechair
Keratin,modernsalon
Keratin,cosmoprof
saloncentric,behindthechair
saloncentric,modernsalon
saloncentric,cosmoprof
behindthechair,modernsalon
behindthechair,cosmoprof
modernsalon,cosmoprof
smallbusinesssaturday,beforeandafter
smallbusinesssaturday,Thanksgiving
smallbusinesssaturday,highlandparknj
smallbusinesssaturday,smallbusiness
smallbusinesssaturday,gift
smallbusinesssaturday,holidays
smallbusinesssaturday,gift
smallbusinesssaturday,newbrunswicknj
smallbusinesssaturday,Rutgersnj
smallbusinesssaturday,saloncentric
smallbusinesssaturday,cosmoprof
smallbusinesssaturday,Depasquale
smallbusinesssaturday,americancrew
smallbusinesssaturday,piermarco
beforeandafter,Thanksgiving
beforeandafter,highlandparknj
beforeandafter,smallbusiness
beforeandafter,gift
beforeandafter,holidays
beforeandafter,gift
beforeandafter,newbrunswicknj
beforeandafter,Rutgersnj
beforeandafter,saloncentric
beforeandafter,cosmoprof
beforeandafter,Depasquale
beforeandafter,americancrew
beforeandafter,piermarco
Thanksgiving,highlandparknj
Thanksgiving,smallbusiness
Thanksgiving,gift
Thanksgiving,holidays
Thanksgiving,gift
Thanksgiving,newbrunswicknj
Thanksgiving,Rutgersnj
Thanksgiving,saloncentric
Thanksgiving,cosmoprof
Thanksgiving,Depasquale
Thanksgiving,americancrew
Thanksgiving,piermarco
highlandparknj,smallbusiness
highlandparknj,gift
highlandparknj,holidays
highlandparknj,gift
highlandparknj,newbrunswicknj
highlandparknj,Rutgersnj
highlandparknj,saloncentric
highlandparknj,cosmoprof
highlandparknj,Depasquale
highlandparknj,americancrew
highlandparknj,piermarco
smallbusiness,gift
smallbusiness,holidays
smallbusiness,gift
smallbusiness,newbrunswicknj
smallbusiness,Rutgersnj
smallbusiness,saloncentric
smallbusiness,cosmoprof
smallbusiness,Depasquale
smallbusiness,americancrew
smallbusiness,piermarco
gift,holidays
gift,gift
gift,newbrunswicknj
gift,Rutgersnj
gift,saloncentric
gift,cosmoprof
gift,Depasquale
gift,americancrew
gift,piermarco
holidays,gift
holidays,newbrunswicknj
holidays,Rutgersnj
holidays,saloncentric
holidays,cosmoprof
holidays,Depasquale
holidays,americancrew
holidays,piermarco
gift,newbrunswicknj
gift,Rutgersnj
gift,saloncentric
gift,cosmoprof
gift,Depasquale
gift,americancrew
gift,piermarco
newbrunswicknj,Rutgersnj
newbrunswicknj,saloncentric
newbrunswicknj,cosmoprof
newbrunswicknj,Depasquale
newbrunswicknj,americancrew
newbrunswicknj,piermarco
Rutgersnj,saloncentric
Rutgersnj,cosmoprof
Rutgersnj,Depasquale
Rutgersnj,americancrew
Rutgersnj,piermarco
saloncentric,cosmoprof
saloncentric,Depasquale
saloncentric,americancrew
saloncentric,piermarco
cosmoprof,Depasquale
cosmoprof,americancrew
cosmoprof,piermarco
Depasquale,americancrew
Depasquale,piermarco
americancrew,piermarco
Lategram,Polpettine
Lategram,prosciutto
Lategram,mortadella
Lategram,meatballs
Lategram,NewBrunswick
Lategram,NJ
Polpettine,prosciutto
Polpettine,mortadella
Polpettine,meatballs
Polpettine,NewBrunswick
Polpettine,NJ
prosciutto,mortadella
prosciutto,meatballs
prosciutto,NewBrunswick
prosciutto,NJ
mortadella,meatballs
mortadella,NewBrunswick
mortadella,NJ
meatballs,NewBrunswick
meatballs,NJ
NewBrunswick,NJ
beermaking,freebeerschool
beermaking,newbrunswicknj
beermaking,rutgersuniversity
beermaking,jnj
beermaking,middlesexcountycourthouse
beermaking,rwjuh
freebeerschool,newbrunswicknj
freebeerschool,rutgersuniversity
freebeerschool,jnj
freebeerschool,middlesexcountycourthouse
freebeerschool,rwjuh
newbrunswicknj,rutgersuniversity
newbrunswicknj,jnj
newbrunswicknj,middlesexcountycourthouse
newbrunswicknj,rwjuh
rutgersuniversity,jnj
rutgersuniversity,middlesexcountycourthouse
rutgersuniversity,rwjuh
jnj,middlesexcountycourthouse
jnj,rwjuh
middlesexcountycourthouse,rwjuh
lovetrumpshate,nevertrump
lovetrumpshate,notmypresident
lovetrumpshate,election
lovetrumpshate,politics
lovetrumpshate,protest
lovetrumpshate,rutgers
lovetrumpshate,rutgersuniversity
lovetrumpshate,newjersey
lovetrumpshate,newbrunswicknj
lovetrumpshate,newbrunswick
lovetrumpshate,city
lovetrumpshate,college
lovetrumpshate,collegecampus
lovetrumpshate,students
lovetrumpshate,strongertogether
lovetrumpshate,sayitloud
lovetrumpshate,2016
lovetrumpshate,america
lovetrumpshate,president
lovetrumpshate,donaldtrump
lovetrumpshate,dumptrump
lovetrumpshate,notforme
lovetrumpshate,fucktrump
lovetrumpshate,fuckhate
lovetrumpshate,photography
lovetrumpshate,canon
lovetrumpshate,canon6d
lovetrumpshate,canon_photos
nevertrump,notmypresident
nevertrump,election
nevertrump,politics
nevertrump,protest
nevertrump,rutgers
nevertrump,rutgersuniversity
nevertrump,newjersey
nevertrump,newbrunswicknj
nevertrump,newbrunswick
nevertrump,city
nevertrump,college
nevertrump,collegecampus
nevertrump,students
nevertrump,strongertogether
nevertrump,sayitloud
nevertrump,2016
nevertrump,america
nevertrump,president
nevertrump,donaldtrump
nevertrump,dumptrump
nevertrump,notforme
nevertrump,fucktrump
nevertrump,fuckhate
nevertrump,photography
nevertrump,canon
nevertrump,canon6d
nevertrump,canon_photos
notmypresident,election
notmypresident,politics
notmypresident,protest
notmypresident,rutgers
notmypresident,rutgersuniversity
notmypresident,newjersey
notmypresident,newbrunswicknj
notmypresident,newbrunswick
notmypresident,city
notmypresident,college
notmypresident,collegecampus
notmypresident,students
notmypresident,strongertogether
notmypresident,sayitloud
notmypresident,2016
notmypresident,america
notmypresident,president
notmypresident,donaldtrump
notmypresident,dumptrump
notmypresident,notforme
notmypresident,fucktrump
notmypresident,fuckhate
notmypresident,photography
notmypresident,canon
notmypresident,canon6d
notmypresident,canon_photos
election,politics
election,protest
election,rutgers
election,rutgersuniversity
election,newjersey
election,newbrunswicknj
election,newbrunswick
election,city
election,college
election,collegecampus
election,students
election,strongertogether
election,sayitloud
election,2016
election,america
election,president
election,donaldtrump
election,dumptrump
election,notforme
election,fucktrump
election,fuckhate
election,photography
election,canon
election,canon6d
election,canon_photos
politics,protest
politics,rutgers
politics,rutgersuniversity
politics,newjersey
politics,newbrunswicknj
politics,newbrunswick
politics,city
politics,college
politics,collegecampus
politics,students
politics,strongertogether
politics,sayitloud
politics,2016
politics,america
politics,president
politics,donaldtrump
politics,dumptrump
politics,notforme
politics,fucktrump
politics,fuckhate
politics,photography
politics,canon
politics,canon6d
politics,canon_photos
protest,rutgers
protest,rutgersuniversity
protest,newjersey
protest,newbrunswicknj
protest,newbrunswick
protest,city
protest,college
protest,collegecampus
protest,students
protest,strongertogether
protest,sayitloud
protest,2016
protest,america
protest,president
protest,donaldtrump
protest,dumptrump
protest,notforme
protest,fucktrump
protest,fuckhate
protest,photography
protest,canon
protest,canon6d
protest,canon_photos
rutgers,rutgersuniversity
rutgers,newjersey
rutgers,newbrunswicknj
rutgers,newbrunswick
rutgers,city
rutgers,college
rutgers,collegecampus
rutgers,students
rutgers,strongertogether
rutgers,sayitloud
rutgers,2016
rutgers,america
rutgers,president
rutgers,donaldtrump
rutgers,dumptrump
rutgers,notforme
rutgers,fucktrump
rutgers,fuckhate
rutgers,photography
rutgers,canon
rutgers,canon6d
rutgers,canon_photos
rutgersuniversity,newjersey
rutgersuniversity,newbrunswicknj
rutgersuniversity,newbrunswick
rutgersuniversity,city
rutgersuniversity,college
rutgersuniversity,collegecampus
rutgersuniversity,students
rutgersuniversity,strongertogether
rutgersuniversity,sayitloud
rutgersuniversity,2016
rutgersuniversity,america
rutgersuniversity,president
rutgersuniversity,donaldtrump
rutgersuniversity,dumptrump
rutgersuniversity,notforme
rutgersuniversity,fucktrump
rutgersuniversity,fuckhate
rutgersuniversity,photography
rutgersuniversity,canon
rutgersuniversity,canon6d
rutgersuniversity,canon_photos
newjersey,newbrunswicknj
newjersey,newbrunswick
newjersey,city
newjersey,college
newjersey,collegecampus
newjersey,students
newjersey,strongertogether
newjersey,sayitloud
newjersey,2016
newjersey,america
newjersey,president
newjersey,donaldtrump
newjersey,dumptrump
newjersey,notforme
newjersey,fucktrump
newjersey,fuckhate
newjersey,photography
newjersey,canon
newjersey,canon6d
newjersey,canon_photos
newbrunswicknj,newbrunswick
newbrunswicknj,city
newbrunswicknj,college
newbrunswicknj,collegecampus
newbrunswicknj,students
newbrunswicknj,strongertogether
newbrunswicknj,sayitloud
newbrunswicknj,2016
newbrunswicknj,america
newbrunswicknj,president
newbrunswicknj,donaldtrump
newbrunswicknj,dumptrump
newbrunswicknj,notforme
newbrunswicknj,fucktrump
newbrunswicknj,fuckhate
newbrunswicknj,photography
newbrunswicknj,canon
newbrunswicknj,canon6d
newbrunswicknj,canon_photos
newbrunswick,city
newbrunswick,college
newbrunswick,collegecampus
newbrunswick,students
newbrunswick,strongertogether
newbrunswick,sayitloud
newbrunswick,2016
newbrunswick,america
newbrunswick,president
newbrunswick,donaldtrump
newbrunswick,dumptrump
newbrunswick,notforme
newbrunswick,fucktrump
newbrunswick,fuckhate
newbrunswick,photography
newbrunswick,canon
newbrunswick,canon6d
newbrunswick,canon_photos
city,college
city,collegecampus
city,students
city,strongertogether
city,sayitloud
city,2016
city,america
city,president
city,donaldtrump
city,dumptrump
city,notforme
city,fucktrump
city,fuckhate
city,photography
city,canon
city,canon6d
city,canon_photos
college,collegecampus
college,students
college,strongertogether
college,sayitloud
college,2016
college,america
college,president
college,donaldtrump
college,dumptrump
college,notforme
college,fucktrump
college,fuckhate
college,photography
college,canon
college,canon6d
college,canon_photos
collegecampus,students
collegecampus,strongertogether
collegecampus,sayitloud
collegecampus,2016
collegecampus,america
collegecampus,president
collegecampus,donaldtrump
collegecampus,dumptrump
collegecampus,notforme
collegecampus,fucktrump
collegecampus,fuckhate
collegecampus,photography
collegecampus,canon
collegecampus,canon6d
collegecampus,canon_photos
students,strongertogether
students,sayitloud
students,2016
students,america
students,president
students,donaldtrump
students,dumptrump
students,notforme
students,fucktrump
students,fuckhate
students,photography
students,canon
students,canon6d
students,canon_photos
strongertogether,sayitloud
strongertogether,2016
strongertogether,america
strongertogether,president
strongertogether,donaldtrump
strongertogether,dumptrump
strongertogether,notforme
strongertogether,fucktrump
strongertogether,fuckhate
strongertogether,photography
strongertogether,canon
strongertogether,canon6d
strongertogether,canon_photos
sayitloud,2016
sayitloud,america
sayitloud,president
sayitloud,donaldtrump
sayitloud,dumptrump
sayitloud,notforme
sayitloud,fucktrump
sayitloud,fuckhate
sayitloud,photography
sayitloud,canon
sayitloud,canon6d
sayitloud,canon_photos
2016,america
2016,president
2016,donaldtrump
2016,dumptrump
2016,notforme
2016,fucktrump
2016,fuckhate
2016,photography
2016,canon
2016,canon6d
2016,canon_photos
america,president
america,donaldtrump
america,dumptrump
america,notforme
america,fucktrump
america,fuckhate
america,photography
america,canon
america,canon6d
america,canon_photos
president,donaldtrump
president,dumptrump
president,notforme
president,fucktrump
president,fuckhate
president,photography
president,canon
president,canon6d
president,canon_photos
donaldtrump,dumptrump
donaldtrump,notforme
donaldtrump,fucktrump
donaldtrump,fuckhate
donaldtrump,photography
donaldtrump,canon
donaldtrump,canon6d
donaldtrump,canon_photos
dumptrump,notforme
dumptrump,fucktrump
dumptrump,fuckhate
dumptrump,photography
dumptrump,canon
dumptrump,canon6d
dumptrump,canon_photos
notforme,fucktrump
notforme,fuckhate
notforme,photography
notforme,canon
notforme,canon6d
notforme,canon_photos
fucktrump,fuckhate
fucktrump,photography
fucktrump,canon
fucktrump,canon6d
fucktrump,canon_photos
fuckhate,photography
fuckhate,canon
fuckhate,canon6d
fuckhate,canon_photos
photography,canon
photography,canon6d
photography,canon_photos
canon,canon6d
canon,canon_photos
canon6d,canon_photos
horsdoeuvres,jerseyfresh
horsdoeuvres,finedining
horsdoeuvres,privatedining
horsdoeuvres,cheflife
horsdoeuvres,newbrunswickbars
horsdoeuvres,newbrunswicknj
jerseyfresh,finedining
jerseyfresh,privatedining
jerseyfresh,cheflife
jerseyfresh,newbrunswickbars
jerseyfresh,newbrunswicknj
finedining,privatedining
finedining,cheflife
finedining,newbrunswickbars
finedining,newbrunswicknj
privatedining,cheflife
privatedining,newbrunswickbars
privatedining,newbrunswicknj
cheflife,newbrunswickbars
cheflife,newbrunswicknj
newbrunswickbars,newbrunswicknj
museums,artlovers
museums,winnersandlosers
museums,newbrunswicknj
museums,rutgersartists
museums,rutgersstudents
museums,rutgersalumni
museums,jnj
museums,rwjuh
artlovers,winnersandlosers
artlovers,newbrunswicknj
artlovers,rutgersartists
artlovers,rutgersstudents
artlovers,rutgersalumni
artlovers,jnj
artlovers,rwjuh
winnersandlosers,newbrunswicknj
winnersandlosers,rutgersartists
winnersandlosers,rutgersstudents
winnersandlosers,rutgersalumni
winnersandlosers,jnj
winnersandlosers,rwjuh
newbrunswicknj,rutgersartists
newbrunswicknj,rutgersstudents
newbrunswicknj,rutgersalumni
newbrunswicknj,jnj
newbrunswicknj,rwjuh
rutgersartists,rutgersstudents
rutgersartists,rutgersalumni
rutgersartists,jnj
rutgersartists,rwjuh
rutgersstudents,rutgersalumni
rutgersstudents,jnj
rutgersstudents,rwjuh
rutgersalumni,jnj
rutgersalumni,rwjuh
jnj,rwjuh
kylekoehler,trio
kylekoehler,dinner
kylekoehler,drinks
kylekoehler,jazz
kylekoehler,whiskeyismyspiritanimal
kylekoehler,whiskeyflights
kylekoehler,njeats
kylekoehler,njfoodies
kylekoehler,jazzlovers
kylekoehler,newbrunswicknj
kylekoehler,rutgersuniversity
kylekoehler,jnj
kylekoehler,rwjuh
trio,dinner
trio,drinks
trio,jazz
trio,whiskeyismyspiritanimal
trio,whiskeyflights
trio,njeats
trio,njfoodies
trio,jazzlovers
trio,newbrunswicknj
trio,rutgersuniversity
trio,jnj
trio,rwjuh
dinner,drinks
dinner,jazz
dinner,whiskeyismyspiritanimal
dinner,whiskeyflights
dinner,njeats
dinner,njfoodies
dinner,jazzlovers
dinner,newbrunswicknj
dinner,rutgersuniversity
dinner,jnj
dinner,rwjuh
drinks,jazz
drinks,whiskeyismyspiritanimal
drinks,whiskeyflights
drinks,njeats
drinks,njfoodies
drinks,jazzlovers
drinks,newbrunswicknj
drinks,rutgersuniversity
drinks,jnj
drinks,rwjuh
jazz,whiskeyismyspiritanimal
jazz,whiskeyflights
jazz,njeats
jazz,njfoodies
jazz,jazzlovers
jazz,newbrunswicknj
jazz,rutgersuniversity
jazz,jnj
jazz,rwjuh
whiskeyismyspiritanimal,whiskeyflights
whiskeyismyspiritanimal,njeats
whiskeyismyspiritanimal,njfoodies
whiskeyismyspiritanimal,jazzlovers
whiskeyismyspiritanimal,newbrunswicknj
whiskeyismyspiritanimal,rutgersuniversity
whiskeyismyspiritanimal,jnj
whiskeyismyspiritanimal,rwjuh
whiskeyflights,njeats
whiskeyflights,njfoodies
whiskeyflights,jazzlovers
whiskeyflights,newbrunswicknj
whiskeyflights,rutgersuniversity
whiskeyflights,jnj
whiskeyflights,rwjuh
njeats,njfoodies
njeats,jazzlovers
njeats,newbrunswicknj
njeats,rutgersuniversity
njeats,jnj
njeats,rwjuh
njfoodies,jazzlovers
njfoodies,newbrunswicknj
njfoodies,rutgersuniversity
njfoodies,jnj
njfoodies,rwjuh
jazzlovers,newbrunswicknj
jazzlovers,rutgersuniversity
jazzlovers,jnj
jazzlovers,rwjuh
newbrunswicknj,rutgersuniversity
newbrunswicknj,jnj
newbrunswicknj,rwjuh
rutgersuniversity,jnj
rutgersuniversity,rwjuh
jnj,rwjuh
Latergram,softshellcrab
Latergram,ramen
Latergram,NewBrunswick
Latergram,NJ
softshellcrab,ramen
softshellcrab,NewBrunswick
softshellcrab,NJ
ramen,NewBrunswick
ramen,NJ
NewBrunswick,NJ
RU,rutgers
RU,newbrunswicknj
RU,ourfutureisnothavenIT
RU,2020
rutgers,newbrunswicknj
rutgers,ourfutureisnothavenIT
rutgers,2020
newbrunswicknj,ourfutureisnothavenIT
newbrunswicknj,2020
ourfutureisnothavenIT,2020
clasica,bachata
clasica,sentimiento
clasica,trenton
clasica,newbrunswicknj
clasica,perthamboy
clasica,philadelphia
clasica,philly
clasica,nyc
clasica,elcibao
clasica,connecticut
clasica,santiago
clasica,santodomingo
clasica,miami
clasica,florida
clasica,boston
clasica,zacariasferreira
clasica,eltriste
bachata,sentimiento
bachata,trenton
bachata,newbrunswicknj
bachata,perthamboy
bachata,philadelphia
bachata,philly
bachata,nyc
bachata,elcibao
bachata,connecticut
bachata,santiago
bachata,santodomingo
bachata,miami
bachata,florida
bachata,boston
bachata,zacariasferreira
bachata,eltriste
sentimiento,trenton
sentimiento,newbrunswicknj
sentimiento,perthamboy
sentimiento,philadelphia
sentimiento,philly
sentimiento,nyc
sentimiento,elcibao
sentimiento,connecticut
sentimiento,santiago
sentimiento,santodomingo
sentimiento,miami
sentimiento,florida
sentimiento,boston
sentimiento,zacariasferreira
sentimiento,eltriste
trenton,newbrunswicknj
trenton,perthamboy
trenton,philadelphia
trenton,philly
trenton,nyc
trenton,elcibao
trenton,connecticut
trenton,santiago
trenton,santodomingo
trenton,miami
trenton,florida
trenton,boston
trenton,zacariasferreira
trenton,eltriste
newbrunswicknj,perthamboy
newbrunswicknj,philadelphia
newbrunswicknj,philly
newbrunswicknj,nyc
newbrunswicknj,elcibao
newbrunswicknj,connecticut
newbrunswicknj,santiago
newbrunswicknj,santodomingo
newbrunswicknj,miami
newbrunswicknj,florida
newbrunswicknj,boston
newbrunswicknj,zacariasferreira
newbrunswicknj,eltriste
perthamboy,philadelphia
perthamboy,philly
perthamboy,nyc
perthamboy,elcibao
perthamboy,connecticut
perthamboy,santiago
perthamboy,santodomingo
perthamboy,miami
perthamboy,florida
perthamboy,boston
perthamboy,zacariasferreira
perthamboy,eltriste
philadelphia,philly
philadelphia,nyc
philadelphia,elcibao
philadelphia,connecticut
philadelphia,santiago
philadelphia,santodomingo
philadelphia,miami
philadelphia,florida
philadelphia,boston
philadelphia,zacariasferreira
philadelphia,eltriste
philly,nyc
philly,elcibao
philly,connecticut
philly,santiago
philly,santodomingo
philly,miami
philly,florida
philly,boston
philly,zacariasferreira
philly,eltriste
nyc,elcibao
nyc,connecticut
nyc,santiago
nyc,santodomingo
nyc,miami
nyc,florida
nyc,boston
nyc,zacariasferreira
nyc,eltriste
elcibao,connecticut
elcibao,santiago
elcibao,santodomingo
elcibao,miami
elcibao,florida
elcibao,boston
elcibao,zacariasferreira
elcibao,eltriste
connecticut,santiago
connecticut,santodomingo
connecticut,miami
connecticut,florida
connecticut,boston
connecticut,zacariasferreira
connecticut,eltriste
santiago,santodomingo
santiago,miami
santiago,florida
santiago,boston
santiago,zacariasferreira
santiago,eltriste
santodomingo,miami
santodomingo,florida
santodomingo,boston
santodomingo,zacariasferreira
santodomingo,eltriste
miami,florida
miami,boston
miami,zacariasferreira
miami,eltriste
florida,boston
florida,zacariasferreira
florida,eltriste
boston,zacariasferreira
boston,eltriste
zacariasferreira,eltriste
TGE2016,NewBrunswickNj
TGE2016,Rutgers
NewBrunswickNj,Rutgers
ScarletBrunch,NewBrunswickNj
ScarletBrunch,Rutgers
ScarletBrunch,ScarletKnight
ScarletBrunch,RutgersUniversity
ScarletBrunch,ScarletBrunch
ScarletBrunch,CollegeAve
ScarletBrunch,EastonAve
ScarletBrunch,Brunch
ScarletBrunch,DayDrinking
NewBrunswickNj,Rutgers
NewBrunswickNj,ScarletKnight
NewBrunswickNj,RutgersUniversity
NewBrunswickNj,ScarletBrunch
NewBrunswickNj,CollegeAve
NewBrunswickNj,EastonAve
NewBrunswickNj,Brunch
NewBrunswickNj,DayDrinking
Rutgers,ScarletKnight
Rutgers,RutgersUniversity
Rutgers,ScarletBrunch
Rutgers,CollegeAve
Rutgers,EastonAve
Rutgers,Brunch
Rutgers,DayDrinking
ScarletKnight,RutgersUniversity
ScarletKnight,ScarletBrunch
ScarletKnight,CollegeAve
ScarletKnight,EastonAve
ScarletKnight,Brunch
ScarletKnight,DayDrinking
RutgersUniversity,ScarletBrunch
RutgersUniversity,CollegeAve
RutgersUniversity,EastonAve
RutgersUniversity,Brunch
RutgersUniversity,DayDrinking
ScarletBrunch,CollegeAve
ScarletBrunch,EastonAve
ScarletBrunch,Brunch
ScarletBrunch,DayDrinking
CollegeAve,EastonAve
CollegeAve,Brunch
CollegeAve,DayDrinking
EastonAve,Brunch
EastonAve,DayDrinking
Brunch,DayDrinking
gettingmarried,weddingday
gettingmarried,firstlook
gettingmarried,newbrunswicknj
gettingmarried,boydpark
gettingmarried,rutgerswedding
gettingmarried,ruengaged
gettingmarried,ruwedding
gettingmarried,njwedding
gettingmarried,njphotographer
gettingmarried,engagedinnj
gettingmarried,ctwedding
gettingmarried,ctphotographer
gettingmarried,engagedinct
gettingmarried,vassneakpeek
gettingmarried,sneakpeek
gettingmarried,fallwedding
gettingmarried,fall
gettingmarried,novemberwedding
gettingmarried,lovestories
gettingmarried,itsthemoment
gettingmarried,vasphoto
gettingmarried,visualappealstudios
weddingday,firstlook
weddingday,newbrunswicknj
weddingday,boydpark
weddingday,rutgerswedding
weddingday,ruengaged
weddingday,ruwedding
weddingday,njwedding
weddingday,njphotographer
weddingday,engagedinnj
weddingday,ctwedding
weddingday,ctphotographer
weddingday,engagedinct
weddingday,vassneakpeek
weddingday,sneakpeek
weddingday,fallwedding
weddingday,fall
weddingday,novemberwedding
weddingday,lovestories
weddingday,itsthemoment
weddingday,vasphoto
weddingday,visualappealstudios
firstlook,newbrunswicknj
firstlook,boydpark
firstlook,rutgerswedding
firstlook,ruengaged
firstlook,ruwedding
firstlook,njwedding
firstlook,njphotographer
firstlook,engagedinnj
firstlook,ctwedding
firstlook,ctphotographer
firstlook,engagedinct
firstlook,vassneakpeek
firstlook,sneakpeek
firstlook,fallwedding
firstlook,fall
firstlook,novemberwedding
firstlook,lovestories
firstlook,itsthemoment
firstlook,vasphoto
firstlook,visualappealstudios
newbrunswicknj,boydpark
newbrunswicknj,rutgerswedding
newbrunswicknj,ruengaged
newbrunswicknj,ruwedding
newbrunswicknj,njwedding
newbrunswicknj,njphotographer
newbrunswicknj,engagedinnj
newbrunswicknj,ctwedding
newbrunswicknj,ctphotographer
newbrunswicknj,engagedinct
newbrunswicknj,vassneakpeek
newbrunswicknj,sneakpeek
newbrunswicknj,fallwedding
newbrunswicknj,fall
newbrunswicknj,novemberwedding
newbrunswicknj,lovestories
newbrunswicknj,itsthemoment
newbrunswicknj,vasphoto
newbrunswicknj,visualappealstudios
boydpark,rutgerswedding
boydpark,ruengaged
boydpark,ruwedding
boydpark,njwedding
boydpark,njphotographer
boydpark,engagedinnj
boydpark,ctwedding
boydpark,ctphotographer
boydpark,engagedinct
boydpark,vassneakpeek
boydpark,sneakpeek
boydpark,fallwedding
boydpark,fall
boydpark,novemberwedding
boydpark,lovestories
boydpark,itsthemoment
boydpark,vasphoto
boydpark,visualappealstudios
rutgerswedding,ruengaged
rutgerswedding,ruwedding
rutgerswedding,njwedding
rutgerswedding,njphotographer
rutgerswedding,engagedinnj
rutgerswedding,ctwedding
rutgerswedding,ctphotographer
rutgerswedding,engagedinct
rutgerswedding,vassneakpeek
rutgerswedding,sneakpeek
rutgerswedding,fallwedding
rutgerswedding,fall
rutgerswedding,novemberwedding
rutgerswedding,lovestories
rutgerswedding,itsthemoment
rutgerswedding,vasphoto
rutgerswedding,visualappealstudios
ruengaged,ruwedding
ruengaged,njwedding
ruengaged,njphotographer
ruengaged,engagedinnj
ruengaged,ctwedding
ruengaged,ctphotographer
ruengaged,engagedinct
ruengaged,vassneakpeek
ruengaged,sneakpeek
ruengaged,fallwedding
ruengaged,fall
ruengaged,novemberwedding
ruengaged,lovestories
ruengaged,itsthemoment
ruengaged,vasphoto
ruengaged,visualappealstudios
ruwedding,njwedding
ruwedding,njphotographer
ruwedding,engagedinnj
ruwedding,ctwedding
ruwedding,ctphotographer
ruwedding,engagedinct
ruwedding,vassneakpeek
ruwedding,sneakpeek
ruwedding,fallwedding
ruwedding,fall
ruwedding,novemberwedding
ruwedding,lovestories
ruwedding,itsthemoment
ruwedding,vasphoto
ruwedding,visualappealstudios
njwedding,njphotographer
njwedding,engagedinnj
njwedding,ctwedding
njwedding,ctphotographer
njwedding,engagedinct
njwedding,vassneakpeek
njwedding,sneakpeek
njwedding,fallwedding
njwedding,fall
njwedding,novemberwedding
njwedding,lovestories
njwedding,itsthemoment
njwedding,vasphoto
njwedding,visualappealstudios
njphotographer,engagedinnj
njphotographer,ctwedding
njphotographer,ctphotographer
njphotographer,engagedinct
njphotographer,vassneakpeek
njphotographer,sneakpeek
njphotographer,fallwedding
njphotographer,fall
njphotographer,novemberwedding
njphotographer,lovestories
njphotographer,itsthemoment
njphotographer,vasphoto
njphotographer,visualappealstudios
engagedinnj,ctwedding
engagedinnj,ctphotographer
engagedinnj,engagedinct
engagedinnj,vassneakpeek
engagedinnj,sneakpeek
engagedinnj,fallwedding
engagedinnj,fall
engagedinnj,novemberwedding
engagedinnj,lovestories
engagedinnj,itsthemoment
engagedinnj,vasphoto
engagedinnj,visualappealstudios
ctwedding,ctphotographer
ctwedding,engagedinct
ctwedding,vassneakpeek
ctwedding,sneakpeek
ctwedding,fallwedding
ctwedding,fall
ctwedding,novemberwedding
ctwedding,lovestories
ctwedding,itsthemoment
ctwedding,vasphoto
ctwedding,visualappealstudios
ctphotographer,engagedinct
ctphotographer,vassneakpeek
ctphotographer,sneakpeek
ctphotographer,fallwedding
ctphotographer,fall
ctphotographer,novemberwedding
ctphotographer,lovestories
ctphotographer,itsthemoment
ctphotographer,vasphoto
ctphotographer,visualappealstudios
engagedinct,vassneakpeek
engagedinct,sneakpeek
engagedinct,fallwedding
engagedinct,fall
engagedinct,novemberwedding
engagedinct,lovestories
engagedinct,itsthemoment
engagedinct,vasphoto
engagedinct,visualappealstudios
vassneakpeek,sneakpeek
vassneakpeek,fallwedding
vassneakpeek,fall
vassneakpeek,novemberwedding
vassneakpeek,lovestories
vassneakpeek,itsthemoment
vassneakpeek,vasphoto
vassneakpeek,visualappealstudios
sneakpeek,fallwedding
sneakpeek,fall
sneakpeek,novemberwedding
sneakpeek,lovestories
sneakpeek,itsthemoment
sneakpeek,vasphoto
sneakpeek,visualappealstudios
fallwedding,fall
fallwedding,novemberwedding
fallwedding,lovestories
fallwedding,itsthemoment
fallwedding,vasphoto
fallwedding,visualappealstudios
fall,novemberwedding
fall,lovestories
fall,itsthemoment
fall,vasphoto
fall,visualappealstudios
novemberwedding,lovestories
novemberwedding,itsthemoment
novemberwedding,vasphoto
novemberwedding,visualappealstudios
lovestories,itsthemoment
lovestories,vasphoto
lovestories,visualappealstudios
itsthemoment,vasphoto
itsthemoment,visualappealstudios
vasphoto,visualappealstudios
LatinThursdays,newbrunswicknj
newbrunswicknj,njskateshop
newbrunswicknj,boysofsummer
njskateshop,boysofsummer
VansProSkateTour,NewBrunswickNJ
VansProSkateTour,VansPropeller
VansProSkateTour,Boston
VansProSkateTour,JasonDill
NewBrunswickNJ,VansPropeller
NewBrunswickNJ,Boston
NewBrunswickNJ,JasonDill
VansPropeller,Boston
VansPropeller,JasonDill
Boston,JasonDill
RU,rutgers
RU,newbrunswicknj
RU,ourfutureisnothavenIT
RU,2020
rutgers,newbrunswicknj
rutgers,ourfutureisnothavenIT
rutgers,2020
newbrunswicknj,ourfutureisnothavenIT
newbrunswicknj,2020
ourfutureisnothavenIT,2020
scarletpaws,welovehubcity
scarletpaws,newbrunswicknj
welovehubcity,newbrunswicknj
Chocolate,newbrunswicknj
Chocolate,eatlocalnj
Chocolate,oldmanraffertys
Chocolate,rutgers
Chocolate,myfortheloveoffood
Chocolate,newforkcity
Chocolate,spoonfeed
Chocolate,foodblogger
Chocolate,instafood
Chocolate,foodstagram
Chocolate,cakestagram
Chocolate,chocolatecake
Chocolate,nomnom
Chocolate,cheatdayeats
Chocolate,eatingfortheinsta
Chocolate,thephoneeatsfirst
Chocolate,eastcoastfoodies
Chocolate,eastcoastfeastcoast
Chocolate,brunchboys
Chocolate,donutscookiesandcream
Chocolate,eeeeeats
Chocolate,fotd
Chocolate,yelpnj
Chocolate,eatsandthecity
Chocolate,huffposttaste
Chocolate,buzzfeedfood
Chocolate,dailyfoodfeed
Chocolate,feedfeed
newbrunswicknj,eatlocalnj
newbrunswicknj,oldmanraffertys
newbrunswicknj,rutgers
newbrunswicknj,myfortheloveoffood
newbrunswicknj,newforkcity
newbrunswicknj,spoonfeed
newbrunswicknj,foodblogger
newbrunswicknj,instafood
newbrunswicknj,foodstagram
newbrunswicknj,cakestagram
newbrunswicknj,chocolatecake
newbrunswicknj,nomnom
newbrunswicknj,cheatdayeats
newbrunswicknj,eatingfortheinsta
newbrunswicknj,thephoneeatsfirst
newbrunswicknj,eastcoastfoodies
newbrunswicknj,eastcoastfeastcoast
newbrunswicknj,brunchboys
newbrunswicknj,donutscookiesandcream
newbrunswicknj,eeeeeats
newbrunswicknj,fotd
newbrunswicknj,yelpnj
newbrunswicknj,eatsandthecity
newbrunswicknj,huffposttaste
newbrunswicknj,buzzfeedfood
newbrunswicknj,dailyfoodfeed
newbrunswicknj,feedfeed
eatlocalnj,oldmanraffertys
eatlocalnj,rutgers
eatlocalnj,myfortheloveoffood
eatlocalnj,newforkcity
eatlocalnj,spoonfeed
eatlocalnj,foodblogger
eatlocalnj,instafood
eatlocalnj,foodstagram
eatlocalnj,cakestagram
eatlocalnj,chocolatecake
eatlocalnj,nomnom
eatlocalnj,cheatdayeats
eatlocalnj,eatingfortheinsta
eatlocalnj,thephoneeatsfirst
eatlocalnj,eastcoastfoodies
eatlocalnj,eastcoastfeastcoast
eatlocalnj,brunchboys
eatlocalnj,donutscookiesandcream
eatlocalnj,eeeeeats
eatlocalnj,fotd
eatlocalnj,yelpnj
eatlocalnj,eatsandthecity
eatlocalnj,huffposttaste
eatlocalnj,buzzfeedfood
eatlocalnj,dailyfoodfeed
eatlocalnj,feedfeed
oldmanraffertys,rutgers
oldmanraffertys,myfortheloveoffood
oldmanraffertys,newforkcity
oldmanraffertys,spoonfeed
oldmanraffertys,foodblogger
oldmanraffertys,instafood
oldmanraffertys,foodstagram
oldmanraffertys,cakestagram
oldmanraffertys,chocolatecake
oldmanraffertys,nomnom
oldmanraffertys,cheatdayeats
oldmanraffertys,eatingfortheinsta
oldmanraffertys,thephoneeatsfirst
oldmanraffertys,eastcoastfoodies
oldmanraffertys,eastcoastfeastcoast
oldmanraffertys,brunchboys
oldmanraffertys,donutscookiesandcream
oldmanraffertys,eeeeeats
oldmanraffertys,fotd
oldmanraffertys,yelpnj
oldmanraffertys,eatsandthecity
oldmanraffertys,huffposttaste
oldmanraffertys,buzzfeedfood
oldmanraffertys,dailyfoodfeed
oldmanraffertys,feedfeed
rutgers,myfortheloveoffood
rutgers,newforkcity
rutgers,spoonfeed
rutgers,foodblogger
rutgers,instafood
rutgers,foodstagram
rutgers,cakestagram
rutgers,chocolatecake
rutgers,nomnom
rutgers,cheatdayeats
rutgers,eatingfortheinsta
rutgers,thephoneeatsfirst
rutgers,eastcoastfoodies
rutgers,eastcoastfeastcoast
rutgers,brunchboys
rutgers,donutscookiesandcream
rutgers,eeeeeats
rutgers,fotd
rutgers,yelpnj
rutgers,eatsandthecity
rutgers,huffposttaste
rutgers,buzzfeedfood
rutgers,dailyfoodfeed
rutgers,feedfeed
myfortheloveoffood,newforkcity
myfortheloveoffood,spoonfeed
myfortheloveoffood,foodblogger
myfortheloveoffood,instafood
myfortheloveoffood,foodstagram
myfortheloveoffood,cakestagram
myfortheloveoffood,chocolatecake
myfortheloveoffood,nomnom
myfortheloveoffood,cheatdayeats
myfortheloveoffood,eatingfortheinsta
myfortheloveoffood,thephoneeatsfirst
myfortheloveoffood,eastcoastfoodies
myfortheloveoffood,eastcoastfeastcoast
myfortheloveoffood,brunchboys
myfortheloveoffood,donutscookiesandcream
myfortheloveoffood,eeeeeats
myfortheloveoffood,fotd
myfortheloveoffood,yelpnj
myfortheloveoffood,eatsandthecity
myfortheloveoffood,huffposttaste
myfortheloveoffood,buzzfeedfood
myfortheloveoffood,dailyfoodfeed
myfortheloveoffood,feedfeed
newforkcity,spoonfeed
newforkcity,foodblogger
newforkcity,instafood
newforkcity,foodstagram
newforkcity,cakestagram
newforkcity,chocolatecake
newforkcity,nomnom
newforkcity,cheatdayeats
newforkcity,eatingfortheinsta
newforkcity,thephoneeatsfirst
newforkcity,eastcoastfoodies
newforkcity,eastcoastfeastcoast
newforkcity,brunchboys
newforkcity,donutscookiesandcream
newforkcity,eeeeeats
newforkcity,fotd
newforkcity,yelpnj
newforkcity,eatsandthecity
newforkcity,huffposttaste
newforkcity,buzzfeedfood
newforkcity,dailyfoodfeed
newforkcity,feedfeed
spoonfeed,foodblogger
spoonfeed,instafood
spoonfeed,foodstagram
spoonfeed,cakestagram
spoonfeed,chocolatecake
spoonfeed,nomnom
spoonfeed,cheatdayeats
spoonfeed,eatingfortheinsta
spoonfeed,thephoneeatsfirst
spoonfeed,eastcoastfoodies
spoonfeed,eastcoastfeastcoast
spoonfeed,brunchboys
spoonfeed,donutscookiesandcream
spoonfeed,eeeeeats
spoonfeed,fotd
spoonfeed,yelpnj
spoonfeed,eatsandthecity
spoonfeed,huffposttaste
spoonfeed,buzzfeedfood
spoonfeed,dailyfoodfeed
spoonfeed,feedfeed
foodblogger,instafood
foodblogger,foodstagram
foodblogger,cakestagram
foodblogger,chocolatecake
foodblogger,nomnom
foodblogger,cheatdayeats
foodblogger,eatingfortheinsta
foodblogger,thephoneeatsfirst
foodblogger,eastcoastfoodies
foodblogger,eastcoastfeastcoast
foodblogger,brunchboys
foodblogger,donutscookiesandcream
foodblogger,eeeeeats
foodblogger,fotd
foodblogger,yelpnj
foodblogger,eatsandthecity
foodblogger,huffposttaste
foodblogger,buzzfeedfood
foodblogger,dailyfoodfeed
foodblogger,feedfeed
instafood,foodstagram
instafood,cakestagram
instafood,chocolatecake
instafood,nomnom
instafood,cheatdayeats
instafood,eatingfortheinsta
instafood,thephoneeatsfirst
instafood,eastcoastfoodies
instafood,eastcoastfeastcoast
instafood,brunchboys
instafood,donutscookiesandcream
instafood,eeeeeats
instafood,fotd
instafood,yelpnj
instafood,eatsandthecity
instafood,huffposttaste
instafood,buzzfeedfood
instafood,dailyfoodfeed
instafood,feedfeed
foodstagram,cakestagram
foodstagram,chocolatecake
foodstagram,nomnom
foodstagram,cheatdayeats
foodstagram,eatingfortheinsta
foodstagram,thephoneeatsfirst
foodstagram,eastcoastfoodies
foodstagram,eastcoastfeastcoast
foodstagram,brunchboys
foodstagram,donutscookiesandcream
foodstagram,eeeeeats
foodstagram,fotd
foodstagram,yelpnj
foodstagram,eatsandthecity
foodstagram,huffposttaste
foodstagram,buzzfeedfood
foodstagram,dailyfoodfeed
foodstagram,feedfeed
cakestagram,chocolatecake
cakestagram,nomnom
cakestagram,cheatdayeats
cakestagram,eatingfortheinsta
cakestagram,thephoneeatsfirst
cakestagram,eastcoastfoodies
cakestagram,eastcoastfeastcoast
cakestagram,brunchboys
cakestagram,donutscookiesandcream
cakestagram,eeeeeats
cakestagram,fotd
cakestagram,yelpnj
cakestagram,eatsandthecity
cakestagram,huffposttaste
cakestagram,buzzfeedfood
cakestagram,dailyfoodfeed
cakestagram,feedfeed
chocolatecake,nomnom
chocolatecake,cheatdayeats
chocolatecake,eatingfortheinsta
chocolatecake,thephoneeatsfirst
chocolatecake,eastcoastfoodies
chocolatecake,eastcoastfeastcoast
chocolatecake,brunchboys
chocolatecake,donutscookiesandcream
chocolatecake,eeeeeats
chocolatecake,fotd
chocolatecake,yelpnj
chocolatecake,eatsandthecity
chocolatecake,huffposttaste
chocolatecake,buzzfeedfood
chocolatecake,dailyfoodfeed
chocolatecake,feedfeed
nomnom,cheatdayeats
nomnom,eatingfortheinsta
nomnom,thephoneeatsfirst
nomnom,eastcoastfoodies
nomnom,eastcoastfeastcoast
nomnom,brunchboys
nomnom,donutscookiesandcream
nomnom,eeeeeats
nomnom,fotd
nomnom,yelpnj
nomnom,eatsandthecity
nomnom,huffposttaste
nomnom,buzzfeedfood
nomnom,dailyfoodfeed
nomnom,feedfeed
cheatdayeats,eatingfortheinsta
cheatdayeats,thephoneeatsfirst
cheatdayeats,eastcoastfoodies
cheatdayeats,eastcoastfeastcoast
cheatdayeats,brunchboys
cheatdayeats,donutscookiesandcream
cheatdayeats,eeeeeats
cheatdayeats,fotd
cheatdayeats,yelpnj
cheatdayeats,eatsandthecity
cheatdayeats,huffposttaste
cheatdayeats,buzzfeedfood
cheatdayeats,dailyfoodfeed
cheatdayeats,feedfeed
eatingfortheinsta,thephoneeatsfirst
eatingfortheinsta,eastcoastfoodies
eatingfortheinsta,eastcoastfeastcoast
eatingfortheinsta,brunchboys
eatingfortheinsta,donutscookiesandcream
eatingfortheinsta,eeeeeats
eatingfortheinsta,fotd
eatingfortheinsta,yelpnj
eatingfortheinsta,eatsandthecity
eatingfortheinsta,huffposttaste
eatingfortheinsta,buzzfeedfood
eatingfortheinsta,dailyfoodfeed
eatingfortheinsta,feedfeed
thephoneeatsfirst,eastcoastfoodies
thephoneeatsfirst,eastcoastfeastcoast
thephoneeatsfirst,brunchboys
thephoneeatsfirst,donutscookiesandcream
thephoneeatsfirst,eeeeeats
thephoneeatsfirst,fotd
thephoneeatsfirst,yelpnj
thephoneeatsfirst,eatsandthecity
thephoneeatsfirst,huffposttaste
thephoneeatsfirst,buzzfeedfood
thephoneeatsfirst,dailyfoodfeed
thephoneeatsfirst,feedfeed
eastcoastfoodies,eastcoastfeastcoast
eastcoastfoodies,brunchboys
eastcoastfoodies,donutscookiesandcream
eastcoastfoodies,eeeeeats
eastcoastfoodies,fotd
eastcoastfoodies,yelpnj
eastcoastfoodies,eatsandthecity
eastcoastfoodies,huffposttaste
eastcoastfoodies,buzzfeedfood
eastcoastfoodies,dailyfoodfeed
eastcoastfoodies,feedfeed
eastcoastfeastcoast,brunchboys
eastcoastfeastcoast,donutscookiesandcream
eastcoastfeastcoast,eeeeeats
eastcoastfeastcoast,fotd
eastcoastfeastcoast,yelpnj
eastcoastfeastcoast,eatsandthecity
eastcoastfeastcoast,huffposttaste
eastcoastfeastcoast,buzzfeedfood
eastcoastfeastcoast,dailyfoodfeed
eastcoastfeastcoast,feedfeed
brunchboys,donutscookiesandcream
brunchboys,eeeeeats
brunchboys,fotd
brunchboys,yelpnj
brunchboys,eatsandthecity
brunchboys,huffposttaste
brunchboys,buzzfeedfood
brunchboys,dailyfoodfeed
brunchboys,feedfeed
donutscookiesandcream,eeeeeats
donutscookiesandcream,fotd
donutscookiesandcream,yelpnj
donutscookiesandcream,eatsandthecity
donutscookiesandcream,huffposttaste
donutscookiesandcream,buzzfeedfood
donutscookiesandcream,dailyfoodfeed
donutscookiesandcream,feedfeed
eeeeeats,fotd
eeeeeats,yelpnj
eeeeeats,eatsandthecity
eeeeeats,huffposttaste
eeeeeats,buzzfeedfood
eeeeeats,dailyfoodfeed
eeeeeats,feedfeed
fotd,yelpnj
fotd,eatsandthecity
fotd,huffposttaste
fotd,buzzfeedfood
fotd,dailyfoodfeed
fotd,feedfeed
yelpnj,eatsandthecity
yelpnj,huffposttaste
yelpnj,buzzfeedfood
yelpnj,dailyfoodfeed
yelpnj,feedfeed
eatsandthecity,huffposttaste
eatsandthecity,buzzfeedfood
eatsandthecity,dailyfoodfeed
eatsandthecity,feedfeed
huffposttaste,buzzfeedfood
huffposttaste,dailyfoodfeed
huffposttaste,feedfeed
buzzfeedfood,dailyfoodfeed
buzzfeedfood,feedfeed
dailyfoodfeed,feedfeed
LatinThursdays,NewBrunswickNj
LatinThursdays,Rutgers
LatinThursdays,letsgetlit
NewBrunswickNj,Rutgers
NewBrunswickNj,letsgetlit
Rutgers,letsgetlit
Rutgers250,Rutgers
Rutgers250,RutgersUniversity
Rutgers250,NewBrunswickNj
Rutgers,RutgersUniversity
Rutgers,NewBrunswickNj
RutgersUniversity,NewBrunswickNj
