tag1,tag2
eltorito,taqueria
eltorito,bar
eltorito,grill
eltorito,lakewoodohio
eltorito,clevelandohio
eltorito,birdtown
taqueria,bar
taqueria,grill
taqueria,lakewoodohio
taqueria,clevelandohio
taqueria,birdtown
bar,grill
bar,lakewoodohio
bar,clevelandohio
bar,birdtown
grill,lakewoodohio
grill,clevelandohio
grill,birdtown
lakewoodohio,clevelandohio
lakewoodohio,birdtown
clevelandohio,birdtown
shorthairdontcare,dowhatuloveandneverwork1day
shorthairdontcare,lakewoodohio
shorthairdontcare,stellaandshay
shorthairdontcare,clestylist
shorthairdontcare,bonniegraystylist
dowhatuloveandneverwork1day,lakewoodohio
dowhatuloveandneverwork1day,stellaandshay
dowhatuloveandneverwork1day,clestylist
dowhatuloveandneverwork1day,bonniegraystylist
lakewoodohio,stellaandshay
lakewoodohio,clestylist
lakewoodohio,bonniegraystylist
stellaandshay,clestylist
stellaandshay,bonniegraystylist
clestylist,bonniegraystylist
pulpriothair,peekaboohighlights
pulpriothair,healthyhair
pulpriothair,naturalbeauty
pulpriothair,stellaandshay
pulpriothair,lakewoodohio
pulpriothair,clestylist
peekaboohighlights,healthyhair
peekaboohighlights,naturalbeauty
peekaboohighlights,stellaandshay
peekaboohighlights,lakewoodohio
peekaboohighlights,clestylist
healthyhair,naturalbeauty
healthyhair,stellaandshay
healthyhair,lakewoodohio
healthyhair,clestylist
naturalbeauty,stellaandshay
naturalbeauty,lakewoodohio
naturalbeauty,clestylist
stellaandshay,lakewoodohio
stellaandshay,clestylist
lakewoodohio,clestylist
lakewoodohio,stellaandshay
lakewoodohio,bonniegraystylist
stellaandshay,bonniegraystylist
shopsmall,smallbusiness
shopsmall,supportlocal
smallbusiness,supportlocal
norarainetaylor,mamama
norarainetaylor,homesweethome
norarainetaylor,oneluckyguy
norarainetaylor,lakewoodohio
mamama,homesweethome
mamama,oneluckyguy
mamama,lakewoodohio
homesweethome,oneluckyguy
homesweethome,lakewoodohio
oneluckyguy,lakewoodohio
otooleslakewood,lakewoodohio
otooleslakewood,supportyourlocalmusicians
otooleslakewood,brenthopper
otooleslakewood,brittanyreilly
lakewoodohio,supportyourlocalmusicians
lakewoodohio,brenthopper
lakewoodohio,brittanyreilly
supportyourlocalmusicians,brenthopper
supportyourlocalmusicians,brittanyreilly
brenthopper,brittanyreilly
cleveland,election2016
cleveland,soup
cleveland,souperbowl
cleveland,cle
cleveland,thisiscle
cleveland,lakewood
cleveland,lakewoodoh
cleveland,lakewoodohio
cleveland,ohiocity
cleveland,gordonsquare
cleveland,popularvote
cleveland,unique
cleveland,creative
cleveland,sweaterweather
cleveland,fall
cleveland,autumn
cleveland,soupstar
cleveland,soupdiet
cleveland,soupnazi
cleveland,restaurant
cleveland,bar
cleveland,izakaya
cleveland,comfortfood
cleveland,warm
election2016,soup
election2016,souperbowl
election2016,cle
election2016,thisiscle
election2016,lakewood
election2016,lakewoodoh
election2016,lakewoodohio
election2016,ohiocity
election2016,gordonsquare
election2016,popularvote
election2016,unique
election2016,creative
election2016,sweaterweather
election2016,fall
election2016,autumn
election2016,soupstar
election2016,soupdiet
election2016,soupnazi
election2016,restaurant
election2016,bar
election2016,izakaya
election2016,comfortfood
election2016,warm
soup,souperbowl
soup,cle
soup,thisiscle
soup,lakewood
soup,lakewoodoh
soup,lakewoodohio
soup,ohiocity
soup,gordonsquare
soup,popularvote
soup,unique
soup,creative
soup,sweaterweather
soup,fall
soup,autumn
soup,soupstar
soup,soupdiet
soup,soupnazi
soup,restaurant
soup,bar
soup,izakaya
soup,comfortfood
soup,warm
souperbowl,cle
souperbowl,thisiscle
souperbowl,lakewood
souperbowl,lakewoodoh
souperbowl,lakewoodohio
souperbowl,ohiocity
souperbowl,gordonsquare
souperbowl,popularvote
souperbowl,unique
souperbowl,creative
souperbowl,sweaterweather
souperbowl,fall
souperbowl,autumn
souperbowl,soupstar
souperbowl,soupdiet
souperbowl,soupnazi
souperbowl,restaurant
souperbowl,bar
souperbowl,izakaya
souperbowl,comfortfood
souperbowl,warm
cle,thisiscle
cle,lakewood
cle,lakewoodoh
cle,lakewoodohio
cle,ohiocity
cle,gordonsquare
cle,popularvote
cle,unique
cle,creative
cle,sweaterweather
cle,fall
cle,autumn
cle,soupstar
cle,soupdiet
cle,soupnazi
cle,restaurant
cle,bar
cle,izakaya
cle,comfortfood
cle,warm
thisiscle,lakewood
thisiscle,lakewoodoh
thisiscle,lakewoodohio
thisiscle,ohiocity
thisiscle,gordonsquare
thisiscle,popularvote
thisiscle,unique
thisiscle,creative
thisiscle,sweaterweather
thisiscle,fall
thisiscle,autumn
thisiscle,soupstar
thisiscle,soupdiet
thisiscle,soupnazi
thisiscle,restaurant
thisiscle,bar
thisiscle,izakaya
thisiscle,comfortfood
thisiscle,warm
lakewood,lakewoodoh
lakewood,lakewoodohio
lakewood,ohiocity
lakewood,gordonsquare
lakewood,popularvote
lakewood,unique
lakewood,creative
lakewood,sweaterweather
lakewood,fall
lakewood,autumn
lakewood,soupstar
lakewood,soupdiet
lakewood,soupnazi
lakewood,restaurant
lakewood,bar
lakewood,izakaya
lakewood,comfortfood
lakewood,warm
lakewoodoh,lakewoodohio
lakewoodoh,ohiocity
lakewoodoh,gordonsquare
lakewoodoh,popularvote
lakewoodoh,unique
lakewoodoh,creative
lakewoodoh,sweaterweather
lakewoodoh,fall
lakewoodoh,autumn
lakewoodoh,soupstar
lakewoodoh,soupdiet
lakewoodoh,soupnazi
lakewoodoh,restaurant
lakewoodoh,bar
lakewoodoh,izakaya
lakewoodoh,comfortfood
lakewoodoh,warm
lakewoodohio,ohiocity
lakewoodohio,gordonsquare
lakewoodohio,popularvote
lakewoodohio,unique
lakewoodohio,creative
lakewoodohio,sweaterweather
lakewoodohio,fall
lakewoodohio,autumn
lakewoodohio,soupstar
lakewoodohio,soupdiet
lakewoodohio,soupnazi
lakewoodohio,restaurant
lakewoodohio,bar
lakewoodohio,izakaya
lakewoodohio,comfortfood
lakewoodohio,warm
ohiocity,gordonsquare
ohiocity,popularvote
ohiocity,unique
ohiocity,creative
ohiocity,sweaterweather
ohiocity,fall
ohiocity,autumn
ohiocity,soupstar
ohiocity,soupdiet
ohiocity,soupnazi
ohiocity,restaurant
ohiocity,bar
ohiocity,izakaya
ohiocity,comfortfood
ohiocity,warm
gordonsquare,popularvote
gordonsquare,unique
gordonsquare,creative
gordonsquare,sweaterweather
gordonsquare,fall
gordonsquare,autumn
gordonsquare,soupstar
gordonsquare,soupdiet
gordonsquare,soupnazi
gordonsquare,restaurant
gordonsquare,bar
gordonsquare,izakaya
gordonsquare,comfortfood
gordonsquare,warm
popularvote,unique
popularvote,creative
popularvote,sweaterweather
popularvote,fall
popularvote,autumn
popularvote,soupstar
popularvote,soupdiet
popularvote,soupnazi
popularvote,restaurant
popularvote,bar
popularvote,izakaya
popularvote,comfortfood
popularvote,warm
unique,creative
unique,sweaterweather
unique,fall
unique,autumn
unique,soupstar
unique,soupdiet
unique,soupnazi
unique,restaurant
unique,bar
unique,izakaya
unique,comfortfood
unique,warm
creative,sweaterweather
creative,fall
creative,autumn
creative,soupstar
creative,soupdiet
creative,soupnazi
creative,restaurant
creative,bar
creative,izakaya
creative,comfortfood
creative,warm
sweaterweather,fall
sweaterweather,autumn
sweaterweather,soupstar
sweaterweather,soupdiet
sweaterweather,soupnazi
sweaterweather,restaurant
sweaterweather,bar
sweaterweather,izakaya
sweaterweather,comfortfood
sweaterweather,warm
fall,autumn
fall,soupstar
fall,soupdiet
fall,soupnazi
fall,restaurant
fall,bar
fall,izakaya
fall,comfortfood
fall,warm
autumn,soupstar
autumn,soupdiet
autumn,soupnazi
autumn,restaurant
autumn,bar
autumn,izakaya
autumn,comfortfood
autumn,warm
soupstar,soupdiet
soupstar,soupnazi
soupstar,restaurant
soupstar,bar
soupstar,izakaya
soupstar,comfortfood
soupstar,warm
soupdiet,soupnazi
soupdiet,restaurant
soupdiet,bar
soupdiet,izakaya
soupdiet,comfortfood
soupdiet,warm
soupnazi,restaurant
soupnazi,bar
soupnazi,izakaya
soupnazi,comfortfood
soupnazi,warm
restaurant,bar
restaurant,izakaya
restaurant,comfortfood
restaurant,warm
bar,izakaya
bar,comfortfood
bar,warm
izakaya,comfortfood
izakaya,warm
comfortfood,warm
wintonplaceohio,cleveland
wintonplaceohio,cle
wintonplaceohio,216
wintonplaceohio,lakewoodohio
wintonplaceohio,lakeerie
wintonplaceohio,lakeerieliving
cleveland,cle
cleveland,216
cleveland,lakewoodohio
cleveland,lakeerie
cleveland,lakeerieliving
cle,216
cle,lakewoodohio
cle,lakeerie
cle,lakeerieliving
216,lakewoodohio
216,lakeerie
216,lakeerieliving
lakewoodohio,lakeerie
lakewoodohio,lakeerieliving
lakeerie,lakeerieliving
norarainetaylor,wheredid11point41935monthsgo
norarainetaylor,homesweethome
norarainetaylor,lakewoodohio
norarainetaylor,norabean
wheredid11point41935monthsgo,homesweethome
wheredid11point41935monthsgo,lakewoodohio
wheredid11point41935monthsgo,norabean
homesweethome,lakewoodohio
homesweethome,norabean
lakewoodohio,norabean
handmadejewelry,handmadeearrings
handmadejewelry,holidayjewelry
handmadejewelry,vintagestyle
handmadejewelry,oneofakindjewelry
handmadejewelry,vintagehandmade
handmadejewelry,artdeco
handmadejewelry,ilovebrass
handmadejewelry,holidaysparkle
handmadejewelry,madeincle
handmadejewelry,lakewoodohio
handmadejewelry,shopsmall
handmadeearrings,holidayjewelry
handmadeearrings,vintagestyle
handmadeearrings,oneofakindjewelry
handmadeearrings,vintagehandmade
handmadeearrings,artdeco
handmadeearrings,ilovebrass
handmadeearrings,holidaysparkle
handmadeearrings,madeincle
handmadeearrings,lakewoodohio
handmadeearrings,shopsmall
holidayjewelry,vintagestyle
holidayjewelry,oneofakindjewelry
holidayjewelry,vintagehandmade
holidayjewelry,artdeco
holidayjewelry,ilovebrass
holidayjewelry,holidaysparkle
holidayjewelry,madeincle
holidayjewelry,lakewoodohio
holidayjewelry,shopsmall
vintagestyle,oneofakindjewelry
vintagestyle,vintagehandmade
vintagestyle,artdeco
vintagestyle,ilovebrass
vintagestyle,holidaysparkle
vintagestyle,madeincle
vintagestyle,lakewoodohio
vintagestyle,shopsmall
oneofakindjewelry,vintagehandmade
oneofakindjewelry,artdeco
oneofakindjewelry,ilovebrass
oneofakindjewelry,holidaysparkle
oneofakindjewelry,madeincle
oneofakindjewelry,lakewoodohio
oneofakindjewelry,shopsmall
vintagehandmade,artdeco
vintagehandmade,ilovebrass
vintagehandmade,holidaysparkle
vintagehandmade,madeincle
vintagehandmade,lakewoodohio
vintagehandmade,shopsmall
artdeco,ilovebrass
artdeco,holidaysparkle
artdeco,madeincle
artdeco,lakewoodohio
artdeco,shopsmall
ilovebrass,holidaysparkle
ilovebrass,madeincle
ilovebrass,lakewoodohio
ilovebrass,shopsmall
holidaysparkle,madeincle
holidaysparkle,lakewoodohio
holidaysparkle,shopsmall
madeincle,lakewoodohio
madeincle,shopsmall
lakewoodohio,shopsmall
smallbusinesssaturday,smallbusiness
smallbusinesssaturday,lakewoodohio
smallbusinesssaturday,fun
smallbusinesssaturday,foodtrucks
smallbusinesssaturday,clothestruck
smallbusinesssaturday,sales
smallbusiness,lakewoodohio
smallbusiness,fun
smallbusiness,foodtrucks
smallbusiness,clothestruck
smallbusiness,sales
lakewoodohio,fun
lakewoodohio,foodtrucks
lakewoodohio,clothestruck
lakewoodohio,sales
fun,foodtrucks
fun,clothestruck
fun,sales
foodtrucks,clothestruck
foodtrucks,sales
clothestruck,sales
refurbished,upcycled
refurbished,endtable
refurbished,sidetable
refurbished,nightstand
refurbished,painted
refurbished,gray
refurbished,graywashed
refurbished,woodtables
refurbished,sherwinwilliamspaint
refurbished,enamel
refurbished,forsale
refurbished,shopsmall
refurbished,shopsmallbusiness
refurbished,lakewoodohio
refurbished,cleveland
refurbished,216
upcycled,endtable
upcycled,sidetable
upcycled,nightstand
upcycled,painted
upcycled,gray
upcycled,graywashed
upcycled,woodtables
upcycled,sherwinwilliamspaint
upcycled,enamel
upcycled,forsale
upcycled,shopsmall
upcycled,shopsmallbusiness
upcycled,lakewoodohio
upcycled,cleveland
upcycled,216
endtable,sidetable
endtable,nightstand
endtable,painted
endtable,gray
endtable,graywashed
endtable,woodtables
endtable,sherwinwilliamspaint
endtable,enamel
endtable,forsale
endtable,shopsmall
endtable,shopsmallbusiness
endtable,lakewoodohio
endtable,cleveland
endtable,216
sidetable,nightstand
sidetable,painted
sidetable,gray
sidetable,graywashed
sidetable,woodtables
sidetable,sherwinwilliamspaint
sidetable,enamel
sidetable,forsale
sidetable,shopsmall
sidetable,shopsmallbusiness
sidetable,lakewoodohio
sidetable,cleveland
sidetable,216
nightstand,painted
nightstand,gray
nightstand,graywashed
nightstand,woodtables
nightstand,sherwinwilliamspaint
nightstand,enamel
nightstand,forsale
nightstand,shopsmall
nightstand,shopsmallbusiness
nightstand,lakewoodohio
nightstand,cleveland
nightstand,216
painted,gray
painted,graywashed
painted,woodtables
painted,sherwinwilliamspaint
painted,enamel
painted,forsale
painted,shopsmall
painted,shopsmallbusiness
painted,lakewoodohio
painted,cleveland
painted,216
gray,graywashed
gray,woodtables
gray,sherwinwilliamspaint
gray,enamel
gray,forsale
gray,shopsmall
gray,shopsmallbusiness
gray,lakewoodohio
gray,cleveland
gray,216
graywashed,woodtables
graywashed,sherwinwilliamspaint
graywashed,enamel
graywashed,forsale
graywashed,shopsmall
graywashed,shopsmallbusiness
graywashed,lakewoodohio
graywashed,cleveland
graywashed,216
woodtables,sherwinwilliamspaint
woodtables,enamel
woodtables,forsale
woodtables,shopsmall
woodtables,shopsmallbusiness
woodtables,lakewoodohio
woodtables,cleveland
woodtables,216
sherwinwilliamspaint,enamel
sherwinwilliamspaint,forsale
sherwinwilliamspaint,shopsmall
sherwinwilliamspaint,shopsmallbusiness
sherwinwilliamspaint,lakewoodohio
sherwinwilliamspaint,cleveland
sherwinwilliamspaint,216
enamel,forsale
enamel,shopsmall
enamel,shopsmallbusiness
enamel,lakewoodohio
enamel,cleveland
enamel,216
forsale,shopsmall
forsale,shopsmallbusiness
forsale,lakewoodohio
forsale,cleveland
forsale,216
shopsmall,shopsmallbusiness
shopsmall,lakewoodohio
shopsmall,cleveland
shopsmall,216
shopsmallbusiness,lakewoodohio
shopsmallbusiness,cleveland
shopsmallbusiness,216
lakewoodohio,cleveland
lakewoodohio,216
cleveland,216
shoplocal,shopsmall
shoplocal,lakewoodohio
shoplocal,clebazaar
shoplocal,lindasotherlife
shopsmall,lakewoodohio
shopsmall,clebazaar
shopsmall,lindasotherlife
lakewoodohio,clebazaar
lakewoodohio,lindasotherlife
clebazaar,lindasotherlife
ohiosky,sunset
ohiosky,nofilter
ohiosky,nofilterneeded
ohiosky,godspaintbrush
ohiosky,lakewoodohio
ohiosky,clevelandohio
sunset,nofilter
sunset,nofilterneeded
sunset,godspaintbrush
sunset,lakewoodohio
sunset,clevelandohio
nofilter,nofilterneeded
nofilter,godspaintbrush
nofilter,lakewoodohio
nofilter,clevelandohio
nofilterneeded,godspaintbrush
nofilterneeded,lakewoodohio
nofilterneeded,clevelandohio
godspaintbrush,lakewoodohio
godspaintbrush,clevelandohio
lakewoodohio,clevelandohio
ericwareheim,tim
ericwareheim,timheidecker
ericwareheim,timanderic
ericwareheim,timandericawesomeshowgreatjob
ericwareheim,timandericbedtimestories
ericwareheim,tomgoestothemayor
ericwareheim,neilhamburger
ericwareheim,beaverboys
ericwareheim,janandwayneskylar
ericwareheim,oncinema
ericwareheim,checkitout
ericwareheim,foryourhealth
ericwareheim,decker
ericwareheim,lakewoodohio
ericwareheim,stevebrule
ericwareheim,davidliebehart
ericwareheim,drstevebrule
ericwareheim,chrimbus
ericwareheim,scottclam
ericwareheim,bobodenkirk
ericwareheim,marriednewsteam
ericwareheim,jamesquall
ericwareheim,johncreilly
ericwareheim,marijuana
ericwareheim,richarddunn
ericwareheim,greggturkington
ericwareheim,julesdidlio
ericwareheim,pierre
tim,timheidecker
tim,timanderic
tim,timandericawesomeshowgreatjob
tim,timandericbedtimestories
tim,tomgoestothemayor
tim,neilhamburger
tim,beaverboys
tim,janandwayneskylar
tim,oncinema
tim,checkitout
tim,foryourhealth
tim,decker
tim,lakewoodohio
tim,stevebrule
tim,davidliebehart
tim,drstevebrule
tim,chrimbus
tim,scottclam
tim,bobodenkirk
tim,marriednewsteam
tim,jamesquall
tim,johncreilly
tim,marijuana
tim,richarddunn
tim,greggturkington
tim,julesdidlio
tim,pierre
timheidecker,timanderic
timheidecker,timandericawesomeshowgreatjob
timheidecker,timandericbedtimestories
timheidecker,tomgoestothemayor
timheidecker,neilhamburger
timheidecker,beaverboys
timheidecker,janandwayneskylar
timheidecker,oncinema
timheidecker,checkitout
timheidecker,foryourhealth
timheidecker,decker
timheidecker,lakewoodohio
timheidecker,stevebrule
timheidecker,davidliebehart
timheidecker,drstevebrule
timheidecker,chrimbus
timheidecker,scottclam
timheidecker,bobodenkirk
timheidecker,marriednewsteam
timheidecker,jamesquall
timheidecker,johncreilly
timheidecker,marijuana
timheidecker,richarddunn
timheidecker,greggturkington
timheidecker,julesdidlio
timheidecker,pierre
timanderic,timandericawesomeshowgreatjob
timanderic,timandericbedtimestories
timanderic,tomgoestothemayor
timanderic,neilhamburger
timanderic,beaverboys
timanderic,janandwayneskylar
timanderic,oncinema
timanderic,checkitout
timanderic,foryourhealth
timanderic,decker
timanderic,lakewoodohio
timanderic,stevebrule
timanderic,davidliebehart
timanderic,drstevebrule
timanderic,chrimbus
timanderic,scottclam
timanderic,bobodenkirk
timanderic,marriednewsteam
timanderic,jamesquall
timanderic,johncreilly
timanderic,marijuana
timanderic,richarddunn
timanderic,greggturkington
timanderic,julesdidlio
timanderic,pierre
timandericawesomeshowgreatjob,timandericbedtimestories
timandericawesomeshowgreatjob,tomgoestothemayor
timandericawesomeshowgreatjob,neilhamburger
timandericawesomeshowgreatjob,beaverboys
timandericawesomeshowgreatjob,janandwayneskylar
timandericawesomeshowgreatjob,oncinema
timandericawesomeshowgreatjob,checkitout
timandericawesomeshowgreatjob,foryourhealth
timandericawesomeshowgreatjob,decker
timandericawesomeshowgreatjob,lakewoodohio
timandericawesomeshowgreatjob,stevebrule
timandericawesomeshowgreatjob,davidliebehart
timandericawesomeshowgreatjob,drstevebrule
timandericawesomeshowgreatjob,chrimbus
timandericawesomeshowgreatjob,scottclam
timandericawesomeshowgreatjob,bobodenkirk
timandericawesomeshowgreatjob,marriednewsteam
timandericawesomeshowgreatjob,jamesquall
timandericawesomeshowgreatjob,johncreilly
timandericawesomeshowgreatjob,marijuana
timandericawesomeshowgreatjob,richarddunn
timandericawesomeshowgreatjob,greggturkington
timandericawesomeshowgreatjob,julesdidlio
timandericawesomeshowgreatjob,pierre
timandericbedtimestories,tomgoestothemayor
timandericbedtimestories,neilhamburger
timandericbedtimestories,beaverboys
timandericbedtimestories,janandwayneskylar
timandericbedtimestories,oncinema
timandericbedtimestories,checkitout
timandericbedtimestories,foryourhealth
timandericbedtimestories,decker
timandericbedtimestories,lakewoodohio
timandericbedtimestories,stevebrule
timandericbedtimestories,davidliebehart
timandericbedtimestories,drstevebrule
timandericbedtimestories,chrimbus
timandericbedtimestories,scottclam
timandericbedtimestories,bobodenkirk
timandericbedtimestories,marriednewsteam
timandericbedtimestories,jamesquall
timandericbedtimestories,johncreilly
timandericbedtimestories,marijuana
timandericbedtimestories,richarddunn
timandericbedtimestories,greggturkington
timandericbedtimestories,julesdidlio
timandericbedtimestories,pierre
tomgoestothemayor,neilhamburger
tomgoestothemayor,beaverboys
tomgoestothemayor,janandwayneskylar
tomgoestothemayor,oncinema
tomgoestothemayor,checkitout
tomgoestothemayor,foryourhealth
tomgoestothemayor,decker
tomgoestothemayor,lakewoodohio
tomgoestothemayor,stevebrule
tomgoestothemayor,davidliebehart
tomgoestothemayor,drstevebrule
tomgoestothemayor,chrimbus
tomgoestothemayor,scottclam
tomgoestothemayor,bobodenkirk
tomgoestothemayor,marriednewsteam
tomgoestothemayor,jamesquall
tomgoestothemayor,johncreilly
tomgoestothemayor,marijuana
tomgoestothemayor,richarddunn
tomgoestothemayor,greggturkington
tomgoestothemayor,julesdidlio
tomgoestothemayor,pierre
neilhamburger,beaverboys
neilhamburger,janandwayneskylar
neilhamburger,oncinema
neilhamburger,checkitout
neilhamburger,foryourhealth
neilhamburger,decker
neilhamburger,lakewoodohio
neilhamburger,stevebrule
neilhamburger,davidliebehart
neilhamburger,drstevebrule
neilhamburger,chrimbus
neilhamburger,scottclam
neilhamburger,bobodenkirk
neilhamburger,marriednewsteam
neilhamburger,jamesquall
neilhamburger,johncreilly
neilhamburger,marijuana
neilhamburger,richarddunn
neilhamburger,greggturkington
neilhamburger,julesdidlio
neilhamburger,pierre
beaverboys,janandwayneskylar
beaverboys,oncinema
beaverboys,checkitout
beaverboys,foryourhealth
beaverboys,decker
beaverboys,lakewoodohio
beaverboys,stevebrule
beaverboys,davidliebehart
beaverboys,drstevebrule
beaverboys,chrimbus
beaverboys,scottclam
beaverboys,bobodenkirk
beaverboys,marriednewsteam
beaverboys,jamesquall
beaverboys,johncreilly
beaverboys,marijuana
beaverboys,richarddunn
beaverboys,greggturkington
beaverboys,julesdidlio
beaverboys,pierre
janandwayneskylar,oncinema
janandwayneskylar,checkitout
janandwayneskylar,foryourhealth
janandwayneskylar,decker
janandwayneskylar,lakewoodohio
janandwayneskylar,stevebrule
janandwayneskylar,davidliebehart
janandwayneskylar,drstevebrule
janandwayneskylar,chrimbus
janandwayneskylar,scottclam
janandwayneskylar,bobodenkirk
janandwayneskylar,marriednewsteam
janandwayneskylar,jamesquall
janandwayneskylar,johncreilly
janandwayneskylar,marijuana
janandwayneskylar,richarddunn
janandwayneskylar,greggturkington
janandwayneskylar,julesdidlio
janandwayneskylar,pierre
oncinema,checkitout
oncinema,foryourhealth
oncinema,decker
oncinema,lakewoodohio
oncinema,stevebrule
oncinema,davidliebehart
oncinema,drstevebrule
oncinema,chrimbus
oncinema,scottclam
oncinema,bobodenkirk
oncinema,marriednewsteam
oncinema,jamesquall
oncinema,johncreilly
oncinema,marijuana
oncinema,richarddunn
oncinema,greggturkington
oncinema,julesdidlio
oncinema,pierre
checkitout,foryourhealth
checkitout,decker
checkitout,lakewoodohio
checkitout,stevebrule
checkitout,davidliebehart
checkitout,drstevebrule
checkitout,chrimbus
checkitout,scottclam
checkitout,bobodenkirk
checkitout,marriednewsteam
checkitout,jamesquall
checkitout,johncreilly
checkitout,marijuana
checkitout,richarddunn
checkitout,greggturkington
checkitout,julesdidlio
checkitout,pierre
foryourhealth,decker
foryourhealth,lakewoodohio
foryourhealth,stevebrule
foryourhealth,davidliebehart
foryourhealth,drstevebrule
foryourhealth,chrimbus
foryourhealth,scottclam
foryourhealth,bobodenkirk
foryourhealth,marriednewsteam
foryourhealth,jamesquall
foryourhealth,johncreilly
foryourhealth,marijuana
foryourhealth,richarddunn
foryourhealth,greggturkington
foryourhealth,julesdidlio
foryourhealth,pierre
decker,lakewoodohio
decker,stevebrule
decker,davidliebehart
decker,drstevebrule
decker,chrimbus
decker,scottclam
decker,bobodenkirk
decker,marriednewsteam
decker,jamesquall
decker,johncreilly
decker,marijuana
decker,richarddunn
decker,greggturkington
decker,julesdidlio
decker,pierre
lakewoodohio,stevebrule
lakewoodohio,davidliebehart
lakewoodohio,drstevebrule
lakewoodohio,chrimbus
lakewoodohio,scottclam
lakewoodohio,bobodenkirk
lakewoodohio,marriednewsteam
lakewoodohio,jamesquall
lakewoodohio,johncreilly
lakewoodohio,marijuana
lakewoodohio,richarddunn
lakewoodohio,greggturkington
lakewoodohio,julesdidlio
lakewoodohio,pierre
stevebrule,davidliebehart
stevebrule,drstevebrule
stevebrule,chrimbus
stevebrule,scottclam
stevebrule,bobodenkirk
stevebrule,marriednewsteam
stevebrule,jamesquall
stevebrule,johncreilly
stevebrule,marijuana
stevebrule,richarddunn
stevebrule,greggturkington
stevebrule,julesdidlio
stevebrule,pierre
davidliebehart,drstevebrule
davidliebehart,chrimbus
davidliebehart,scottclam
davidliebehart,bobodenkirk
davidliebehart,marriednewsteam
davidliebehart,jamesquall
davidliebehart,johncreilly
davidliebehart,marijuana
davidliebehart,richarddunn
davidliebehart,greggturkington
davidliebehart,julesdidlio
davidliebehart,pierre
drstevebrule,chrimbus
drstevebrule,scottclam
drstevebrule,bobodenkirk
drstevebrule,marriednewsteam
drstevebrule,jamesquall
drstevebrule,johncreilly
drstevebrule,marijuana
drstevebrule,richarddunn
drstevebrule,greggturkington
drstevebrule,julesdidlio
drstevebrule,pierre
chrimbus,scottclam
chrimbus,bobodenkirk
chrimbus,marriednewsteam
chrimbus,jamesquall
chrimbus,johncreilly
chrimbus,marijuana
chrimbus,richarddunn
chrimbus,greggturkington
chrimbus,julesdidlio
chrimbus,pierre
scottclam,bobodenkirk
scottclam,marriednewsteam
scottclam,jamesquall
scottclam,johncreilly
scottclam,marijuana
scottclam,richarddunn
scottclam,greggturkington
scottclam,julesdidlio
scottclam,pierre
bobodenkirk,marriednewsteam
bobodenkirk,jamesquall
bobodenkirk,johncreilly
bobodenkirk,marijuana
bobodenkirk,richarddunn
bobodenkirk,greggturkington
bobodenkirk,julesdidlio
bobodenkirk,pierre
marriednewsteam,jamesquall
marriednewsteam,johncreilly
marriednewsteam,marijuana
marriednewsteam,richarddunn
marriednewsteam,greggturkington
marriednewsteam,julesdidlio
marriednewsteam,pierre
jamesquall,johncreilly
jamesquall,marijuana
jamesquall,richarddunn
jamesquall,greggturkington
jamesquall,julesdidlio
jamesquall,pierre
johncreilly,marijuana
johncreilly,richarddunn
johncreilly,greggturkington
johncreilly,julesdidlio
johncreilly,pierre
marijuana,richarddunn
marijuana,greggturkington
marijuana,julesdidlio
marijuana,pierre
richarddunn,greggturkington
richarddunn,julesdidlio
richarddunn,pierre
greggturkington,julesdidlio
greggturkington,pierre
julesdidlio,pierre
norarainetaylor,mamama
norarainetaylor,homesweethome
norarainetaylor,oneluckyguy
norarainetaylor,lakewoodohio
mamama,homesweethome
mamama,oneluckyguy
mamama,lakewoodohio
homesweethome,oneluckyguy
homesweethome,lakewoodohio
oneluckyguy,lakewoodohio
Eric,ericwareheim
Eric,tim
Eric,timheidecker
Eric,timanderic
Eric,timandericawesomeshowgreatjob
Eric,timandericbedtimestories
Eric,tomgoestothemayor
Eric,neilhamburger
Eric,beaverboys
Eric,janandwayneskylar
Eric,oncinema
Eric,checkitout
Eric,foryourhealth
Eric,decker
Eric,lakewoodohio
Eric,stevebrule
Eric,davidliebehart
Eric,drstevebrule
Eric,chrimbus
Eric,scottclam
Eric,bobodenkirk
Eric,marriednewsteam
Eric,jamesquall
Eric,johncreilly
Eric,marijuana
Eric,richarddunn
Eric,greggturkington
Eric,julesdidlio
Eric,pierre
ericwareheim,tim
ericwareheim,timheidecker
ericwareheim,timanderic
ericwareheim,timandericawesomeshowgreatjob
ericwareheim,timandericbedtimestories
ericwareheim,tomgoestothemayor
ericwareheim,neilhamburger
ericwareheim,beaverboys
ericwareheim,janandwayneskylar
ericwareheim,oncinema
ericwareheim,checkitout
ericwareheim,foryourhealth
ericwareheim,decker
ericwareheim,lakewoodohio
ericwareheim,stevebrule
ericwareheim,davidliebehart
ericwareheim,drstevebrule
ericwareheim,chrimbus
ericwareheim,scottclam
ericwareheim,bobodenkirk
ericwareheim,marriednewsteam
ericwareheim,jamesquall
ericwareheim,johncreilly
ericwareheim,marijuana
ericwareheim,richarddunn
ericwareheim,greggturkington
ericwareheim,julesdidlio
ericwareheim,pierre
tim,timheidecker
tim,timanderic
tim,timandericawesomeshowgreatjob
tim,timandericbedtimestories
tim,tomgoestothemayor
tim,neilhamburger
tim,beaverboys
tim,janandwayneskylar
tim,oncinema
tim,checkitout
tim,foryourhealth
tim,decker
tim,lakewoodohio
tim,stevebrule
tim,davidliebehart
tim,drstevebrule
tim,chrimbus
tim,scottclam
tim,bobodenkirk
tim,marriednewsteam
tim,jamesquall
tim,johncreilly
tim,marijuana
tim,richarddunn
tim,greggturkington
tim,julesdidlio
tim,pierre
timheidecker,timanderic
timheidecker,timandericawesomeshowgreatjob
timheidecker,timandericbedtimestories
timheidecker,tomgoestothemayor
timheidecker,neilhamburger
timheidecker,beaverboys
timheidecker,janandwayneskylar
timheidecker,oncinema
timheidecker,checkitout
timheidecker,foryourhealth
timheidecker,decker
timheidecker,lakewoodohio
timheidecker,stevebrule
timheidecker,davidliebehart
timheidecker,drstevebrule
timheidecker,chrimbus
timheidecker,scottclam
timheidecker,bobodenkirk
timheidecker,marriednewsteam
timheidecker,jamesquall
timheidecker,johncreilly
timheidecker,marijuana
timheidecker,richarddunn
timheidecker,greggturkington
timheidecker,julesdidlio
timheidecker,pierre
timanderic,timandericawesomeshowgreatjob
timanderic,timandericbedtimestories
timanderic,tomgoestothemayor
timanderic,neilhamburger
timanderic,beaverboys
timanderic,janandwayneskylar
timanderic,oncinema
timanderic,checkitout
timanderic,foryourhealth
timanderic,decker
timanderic,lakewoodohio
timanderic,stevebrule
timanderic,davidliebehart
timanderic,drstevebrule
timanderic,chrimbus
timanderic,scottclam
timanderic,bobodenkirk
timanderic,marriednewsteam
timanderic,jamesquall
timanderic,johncreilly
timanderic,marijuana
timanderic,richarddunn
timanderic,greggturkington
timanderic,julesdidlio
timanderic,pierre
timandericawesomeshowgreatjob,timandericbedtimestories
timandericawesomeshowgreatjob,tomgoestothemayor
timandericawesomeshowgreatjob,neilhamburger
timandericawesomeshowgreatjob,beaverboys
timandericawesomeshowgreatjob,janandwayneskylar
timandericawesomeshowgreatjob,oncinema
timandericawesomeshowgreatjob,checkitout
timandericawesomeshowgreatjob,foryourhealth
timandericawesomeshowgreatjob,decker
timandericawesomeshowgreatjob,lakewoodohio
timandericawesomeshowgreatjob,stevebrule
timandericawesomeshowgreatjob,davidliebehart
timandericawesomeshowgreatjob,drstevebrule
timandericawesomeshowgreatjob,chrimbus
timandericawesomeshowgreatjob,scottclam
timandericawesomeshowgreatjob,bobodenkirk
timandericawesomeshowgreatjob,marriednewsteam
timandericawesomeshowgreatjob,jamesquall
timandericawesomeshowgreatjob,johncreilly
timandericawesomeshowgreatjob,marijuana
timandericawesomeshowgreatjob,richarddunn
timandericawesomeshowgreatjob,greggturkington
timandericawesomeshowgreatjob,julesdidlio
timandericawesomeshowgreatjob,pierre
timandericbedtimestories,tomgoestothemayor
timandericbedtimestories,neilhamburger
timandericbedtimestories,beaverboys
timandericbedtimestories,janandwayneskylar
timandericbedtimestories,oncinema
timandericbedtimestories,checkitout
timandericbedtimestories,foryourhealth
timandericbedtimestories,decker
timandericbedtimestories,lakewoodohio
timandericbedtimestories,stevebrule
timandericbedtimestories,davidliebehart
timandericbedtimestories,drstevebrule
timandericbedtimestories,chrimbus
timandericbedtimestories,scottclam
timandericbedtimestories,bobodenkirk
timandericbedtimestories,marriednewsteam
timandericbedtimestories,jamesquall
timandericbedtimestories,johncreilly
timandericbedtimestories,marijuana
timandericbedtimestories,richarddunn
timandericbedtimestories,greggturkington
timandericbedtimestories,julesdidlio
timandericbedtimestories,pierre
tomgoestothemayor,neilhamburger
tomgoestothemayor,beaverboys
tomgoestothemayor,janandwayneskylar
tomgoestothemayor,oncinema
tomgoestothemayor,checkitout
tomgoestothemayor,foryourhealth
tomgoestothemayor,decker
tomgoestothemayor,lakewoodohio
tomgoestothemayor,stevebrule
tomgoestothemayor,davidliebehart
tomgoestothemayor,drstevebrule
tomgoestothemayor,chrimbus
tomgoestothemayor,scottclam
tomgoestothemayor,bobodenkirk
tomgoestothemayor,marriednewsteam
tomgoestothemayor,jamesquall
tomgoestothemayor,johncreilly
tomgoestothemayor,marijuana
tomgoestothemayor,richarddunn
tomgoestothemayor,greggturkington
tomgoestothemayor,julesdidlio
tomgoestothemayor,pierre
neilhamburger,beaverboys
neilhamburger,janandwayneskylar
neilhamburger,oncinema
neilhamburger,checkitout
neilhamburger,foryourhealth
neilhamburger,decker
neilhamburger,lakewoodohio
neilhamburger,stevebrule
neilhamburger,davidliebehart
neilhamburger,drstevebrule
neilhamburger,chrimbus
neilhamburger,scottclam
neilhamburger,bobodenkirk
neilhamburger,marriednewsteam
neilhamburger,jamesquall
neilhamburger,johncreilly
neilhamburger,marijuana
neilhamburger,richarddunn
neilhamburger,greggturkington
neilhamburger,julesdidlio
neilhamburger,pierre
beaverboys,janandwayneskylar
beaverboys,oncinema
beaverboys,checkitout
beaverboys,foryourhealth
beaverboys,decker
beaverboys,lakewoodohio
beaverboys,stevebrule
beaverboys,davidliebehart
beaverboys,drstevebrule
beaverboys,chrimbus
beaverboys,scottclam
beaverboys,bobodenkirk
beaverboys,marriednewsteam
beaverboys,jamesquall
beaverboys,johncreilly
beaverboys,marijuana
beaverboys,richarddunn
beaverboys,greggturkington
beaverboys,julesdidlio
beaverboys,pierre
janandwayneskylar,oncinema
janandwayneskylar,checkitout
janandwayneskylar,foryourhealth
janandwayneskylar,decker
janandwayneskylar,lakewoodohio
janandwayneskylar,stevebrule
janandwayneskylar,davidliebehart
janandwayneskylar,drstevebrule
janandwayneskylar,chrimbus
janandwayneskylar,scottclam
janandwayneskylar,bobodenkirk
janandwayneskylar,marriednewsteam
janandwayneskylar,jamesquall
janandwayneskylar,johncreilly
janandwayneskylar,marijuana
janandwayneskylar,richarddunn
janandwayneskylar,greggturkington
janandwayneskylar,julesdidlio
janandwayneskylar,pierre
oncinema,checkitout
oncinema,foryourhealth
oncinema,decker
oncinema,lakewoodohio
oncinema,stevebrule
oncinema,davidliebehart
oncinema,drstevebrule
oncinema,chrimbus
oncinema,scottclam
oncinema,bobodenkirk
oncinema,marriednewsteam
oncinema,jamesquall
oncinema,johncreilly
oncinema,marijuana
oncinema,richarddunn
oncinema,greggturkington
oncinema,julesdidlio
oncinema,pierre
checkitout,foryourhealth
checkitout,decker
checkitout,lakewoodohio
checkitout,stevebrule
checkitout,davidliebehart
checkitout,drstevebrule
checkitout,chrimbus
checkitout,scottclam
checkitout,bobodenkirk
checkitout,marriednewsteam
checkitout,jamesquall
checkitout,johncreilly
checkitout,marijuana
checkitout,richarddunn
checkitout,greggturkington
checkitout,julesdidlio
checkitout,pierre
foryourhealth,decker
foryourhealth,lakewoodohio
foryourhealth,stevebrule
foryourhealth,davidliebehart
foryourhealth,drstevebrule
foryourhealth,chrimbus
foryourhealth,scottclam
foryourhealth,bobodenkirk
foryourhealth,marriednewsteam
foryourhealth,jamesquall
foryourhealth,johncreilly
foryourhealth,marijuana
foryourhealth,richarddunn
foryourhealth,greggturkington
foryourhealth,julesdidlio
foryourhealth,pierre
decker,lakewoodohio
decker,stevebrule
decker,davidliebehart
decker,drstevebrule
decker,chrimbus
decker,scottclam
decker,bobodenkirk
decker,marriednewsteam
decker,jamesquall
decker,johncreilly
decker,marijuana
decker,richarddunn
decker,greggturkington
decker,julesdidlio
decker,pierre
lakewoodohio,stevebrule
lakewoodohio,davidliebehart
lakewoodohio,drstevebrule
lakewoodohio,chrimbus
lakewoodohio,scottclam
lakewoodohio,bobodenkirk
lakewoodohio,marriednewsteam
lakewoodohio,jamesquall
lakewoodohio,johncreilly
lakewoodohio,marijuana
lakewoodohio,richarddunn
lakewoodohio,greggturkington
lakewoodohio,julesdidlio
lakewoodohio,pierre
stevebrule,davidliebehart
stevebrule,drstevebrule
stevebrule,chrimbus
stevebrule,scottclam
stevebrule,bobodenkirk
stevebrule,marriednewsteam
stevebrule,jamesquall
stevebrule,johncreilly
stevebrule,marijuana
stevebrule,richarddunn
stevebrule,greggturkington
stevebrule,julesdidlio
stevebrule,pierre
davidliebehart,drstevebrule
davidliebehart,chrimbus
davidliebehart,scottclam
davidliebehart,bobodenkirk
davidliebehart,marriednewsteam
davidliebehart,jamesquall
davidliebehart,johncreilly
davidliebehart,marijuana
davidliebehart,richarddunn
davidliebehart,greggturkington
davidliebehart,julesdidlio
davidliebehart,pierre
drstevebrule,chrimbus
drstevebrule,scottclam
drstevebrule,bobodenkirk
drstevebrule,marriednewsteam
drstevebrule,jamesquall
drstevebrule,johncreilly
drstevebrule,marijuana
drstevebrule,richarddunn
drstevebrule,greggturkington
drstevebrule,julesdidlio
drstevebrule,pierre
chrimbus,scottclam
chrimbus,bobodenkirk
chrimbus,marriednewsteam
chrimbus,jamesquall
chrimbus,johncreilly
chrimbus,marijuana
chrimbus,richarddunn
chrimbus,greggturkington
chrimbus,julesdidlio
chrimbus,pierre
scottclam,bobodenkirk
scottclam,marriednewsteam
scottclam,jamesquall
scottclam,johncreilly
scottclam,marijuana
scottclam,richarddunn
scottclam,greggturkington
scottclam,julesdidlio
scottclam,pierre
bobodenkirk,marriednewsteam
bobodenkirk,jamesquall
bobodenkirk,johncreilly
bobodenkirk,marijuana
bobodenkirk,richarddunn
bobodenkirk,greggturkington
bobodenkirk,julesdidlio
bobodenkirk,pierre
marriednewsteam,jamesquall
marriednewsteam,johncreilly
marriednewsteam,marijuana
marriednewsteam,richarddunn
marriednewsteam,greggturkington
marriednewsteam,julesdidlio
marriednewsteam,pierre
jamesquall,johncreilly
jamesquall,marijuana
jamesquall,richarddunn
jamesquall,greggturkington
jamesquall,julesdidlio
jamesquall,pierre
johncreilly,marijuana
johncreilly,richarddunn
johncreilly,greggturkington
johncreilly,julesdidlio
johncreilly,pierre
marijuana,richarddunn
marijuana,greggturkington
marijuana,julesdidlio
marijuana,pierre
richarddunn,greggturkington
richarddunn,julesdidlio
richarddunn,pierre
greggturkington,julesdidlio
greggturkington,pierre
julesdidlio,pierre
shoplocal,shopsmall
shoplocal,lakewoodohio
shoplocal,clebazaar
shoplocal,lindasotherlife
shopsmall,lakewoodohio
shopsmall,clebazaar
shopsmall,lindasotherlife
lakewoodohio,clebazaar
lakewoodohio,lindasotherlife
clebazaar,lindasotherlife
flowers,fallinohio
flowers,clevelandrocks
flowers,lakewoodohio
fallinohio,clevelandrocks
fallinohio,lakewoodohio
clevelandrocks,lakewoodohio
iphone,snapseed
iphone,lakewoodohio
iphone,clevelandgram
snapseed,lakewoodohio
snapseed,clevelandgram
lakewoodohio,clevelandgram
lakewoodohio,lakewood
lakewoodohio,irishwolfhound
lakewoodohio,dogsofinstagram
lakewoodohio,halloween
lakewood,irishwolfhound
lakewood,dogsofinstagram
lakewood,halloween
irishwolfhound,dogsofinstagram
irishwolfhound,halloween
dogsofinstagram,halloween
liquor,lakewoodohio
liquor,craftbeer
liquor,simonesbeverage
lakewoodohio,craftbeer
lakewoodohio,simonesbeverage
craftbeer,simonesbeverage
lakewoodhome,centuryhome
lakewoodhome,112yearoldhome
lakewoodhome,lakewoodohio
centuryhome,112yearoldhome
centuryhome,lakewoodohio
112yearoldhome,lakewoodohio
tag1,tag2
coupleboudoirphotography,coupleboudoir
coupleboudoirphotography,couple
coupleboudoirphotography,couplesofinstagram
coupleboudoirphotography,couplephotography
coupleboudoirphotography,photography
coupleboudoirphotography,boudoir
coupleboudoirphotography,boudoirphotography
coupleboudoirphotography,boudoirphotographer
coupleboudoirphotography,boudoirmodels
coupleboudoirphotography,boudoirshoot
coupleboudoirphotography,photosession
coupleboudoirphotography,clevelandphotographer
coupleboudoirphotography,cleveland
coupleboudoirphotography,lakewoodohio
coupleboudoirphotography,clevelandboudoirphotography
coupleboudoirphotography,tattoos
coupleboudoirphotography,blackandwhite
coupleboudoirphotography,sexy
coupleboudoirphotography,hot
coupleboudoirphotography,kiss
coupleboudoirphotography,offcameraflash
coupleboudoirphotography,speedlight
coupleboudoirphotography,canon6d
coupleboudoirphotography,distraction
coupleboudoirphotography,distractionphoto
coupleboudoirphotography,implied
coupleboudoirphotography,perfectchristmasgift
coupleboudoir,couple
coupleboudoir,couplesofinstagram
coupleboudoir,couplephotography
coupleboudoir,photography
coupleboudoir,boudoir
coupleboudoir,boudoirphotography
coupleboudoir,boudoirphotographer
coupleboudoir,boudoirmodels
coupleboudoir,boudoirshoot
coupleboudoir,photosession
coupleboudoir,clevelandphotographer
coupleboudoir,cleveland
coupleboudoir,lakewoodohio
coupleboudoir,clevelandboudoirphotography
coupleboudoir,tattoos
coupleboudoir,blackandwhite
coupleboudoir,sexy
coupleboudoir,hot
coupleboudoir,kiss
coupleboudoir,offcameraflash
coupleboudoir,speedlight
coupleboudoir,canon6d
coupleboudoir,distraction
coupleboudoir,distractionphoto
coupleboudoir,implied
coupleboudoir,perfectchristmasgift
couple,couplesofinstagram
couple,couplephotography
couple,photography
couple,boudoir
couple,boudoirphotography
couple,boudoirphotographer
couple,boudoirmodels
couple,boudoirshoot
couple,photosession
couple,clevelandphotographer
couple,cleveland
couple,lakewoodohio
couple,clevelandboudoirphotography
couple,tattoos
couple,blackandwhite
couple,sexy
couple,hot
couple,kiss
couple,offcameraflash
couple,speedlight
couple,canon6d
couple,distraction
couple,distractionphoto
couple,implied
couple,perfectchristmasgift
couplesofinstagram,couplephotography
couplesofinstagram,photography
couplesofinstagram,boudoir
couplesofinstagram,boudoirphotography
couplesofinstagram,boudoirphotographer
couplesofinstagram,boudoirmodels
couplesofinstagram,boudoirshoot
couplesofinstagram,photosession
couplesofinstagram,clevelandphotographer
couplesofinstagram,cleveland
couplesofinstagram,lakewoodohio
couplesofinstagram,clevelandboudoirphotography
couplesofinstagram,tattoos
couplesofinstagram,blackandwhite
couplesofinstagram,sexy
couplesofinstagram,hot
couplesofinstagram,kiss
couplesofinstagram,offcameraflash
couplesofinstagram,speedlight
couplesofinstagram,canon6d
couplesofinstagram,distraction
couplesofinstagram,distractionphoto
couplesofinstagram,implied
couplesofinstagram,perfectchristmasgift
couplephotography,photography
couplephotography,boudoir
couplephotography,boudoirphotography
couplephotography,boudoirphotographer
couplephotography,boudoirmodels
couplephotography,boudoirshoot
couplephotography,photosession
couplephotography,clevelandphotographer
couplephotography,cleveland
couplephotography,lakewoodohio
couplephotography,clevelandboudoirphotography
couplephotography,tattoos
couplephotography,blackandwhite
couplephotography,sexy
couplephotography,hot
couplephotography,kiss
couplephotography,offcameraflash
couplephotography,speedlight
couplephotography,canon6d
couplephotography,distraction
couplephotography,distractionphoto
couplephotography,implied
couplephotography,perfectchristmasgift
photography,boudoir
photography,boudoirphotography
photography,boudoirphotographer
photography,boudoirmodels
photography,boudoirshoot
photography,photosession
photography,clevelandphotographer
photography,cleveland
photography,lakewoodohio
photography,clevelandboudoirphotography
photography,tattoos
photography,blackandwhite
photography,sexy
photography,hot
photography,kiss
photography,offcameraflash
photography,speedlight
photography,canon6d
photography,distraction
photography,distractionphoto
photography,implied
photography,perfectchristmasgift
boudoir,boudoirphotography
boudoir,boudoirphotographer
boudoir,boudoirmodels
boudoir,boudoirshoot
boudoir,photosession
boudoir,clevelandphotographer
boudoir,cleveland
boudoir,lakewoodohio
boudoir,clevelandboudoirphotography
boudoir,tattoos
boudoir,blackandwhite
boudoir,sexy
boudoir,hot
boudoir,kiss
boudoir,offcameraflash
boudoir,speedlight
boudoir,canon6d
boudoir,distraction
boudoir,distractionphoto
boudoir,implied
boudoir,perfectchristmasgift
boudoirphotography,boudoirphotographer
boudoirphotography,boudoirmodels
boudoirphotography,boudoirshoot
boudoirphotography,photosession
boudoirphotography,clevelandphotographer
boudoirphotography,cleveland
boudoirphotography,lakewoodohio
boudoirphotography,clevelandboudoirphotography
boudoirphotography,tattoos
boudoirphotography,blackandwhite
boudoirphotography,sexy
boudoirphotography,hot
boudoirphotography,kiss
boudoirphotography,offcameraflash
boudoirphotography,speedlight
boudoirphotography,canon6d
boudoirphotography,distraction
boudoirphotography,distractionphoto
boudoirphotography,implied
boudoirphotography,perfectchristmasgift
boudoirphotographer,boudoirmodels
boudoirphotographer,boudoirshoot
boudoirphotographer,photosession
boudoirphotographer,clevelandphotographer
boudoirphotographer,cleveland
boudoirphotographer,lakewoodohio
boudoirphotographer,clevelandboudoirphotography
boudoirphotographer,tattoos
boudoirphotographer,blackandwhite
boudoirphotographer,sexy
boudoirphotographer,hot
boudoirphotographer,kiss
boudoirphotographer,offcameraflash
boudoirphotographer,speedlight
boudoirphotographer,canon6d
boudoirphotographer,distraction
boudoirphotographer,distractionphoto
boudoirphotographer,implied
boudoirphotographer,perfectchristmasgift
boudoirmodels,boudoirshoot
boudoirmodels,photosession
boudoirmodels,clevelandphotographer
boudoirmodels,cleveland
boudoirmodels,lakewoodohio
boudoirmodels,clevelandboudoirphotography
boudoirmodels,tattoos
boudoirmodels,blackandwhite
boudoirmodels,sexy
boudoirmodels,hot
boudoirmodels,kiss
boudoirmodels,offcameraflash
boudoirmodels,speedlight
boudoirmodels,canon6d
boudoirmodels,distraction
boudoirmodels,distractionphoto
boudoirmodels,implied
boudoirmodels,perfectchristmasgift
boudoirshoot,photosession
boudoirshoot,clevelandphotographer
boudoirshoot,cleveland
boudoirshoot,lakewoodohio
boudoirshoot,clevelandboudoirphotography
boudoirshoot,tattoos
boudoirshoot,blackandwhite
boudoirshoot,sexy
boudoirshoot,hot
boudoirshoot,kiss
boudoirshoot,offcameraflash
boudoirshoot,speedlight
boudoirshoot,canon6d
boudoirshoot,distraction
boudoirshoot,distractionphoto
boudoirshoot,implied
boudoirshoot,perfectchristmasgift
photosession,clevelandphotographer
photosession,cleveland
photosession,lakewoodohio
photosession,clevelandboudoirphotography
photosession,tattoos
photosession,blackandwhite
photosession,sexy
photosession,hot
photosession,kiss
photosession,offcameraflash
photosession,speedlight
photosession,canon6d
photosession,distraction
photosession,distractionphoto
photosession,implied
photosession,perfectchristmasgift
clevelandphotographer,cleveland
clevelandphotographer,lakewoodohio
clevelandphotographer,clevelandboudoirphotography
clevelandphotographer,tattoos
clevelandphotographer,blackandwhite
clevelandphotographer,sexy
clevelandphotographer,hot
clevelandphotographer,kiss
clevelandphotographer,offcameraflash
clevelandphotographer,speedlight
clevelandphotographer,canon6d
clevelandphotographer,distraction
clevelandphotographer,distractionphoto
clevelandphotographer,implied
clevelandphotographer,perfectchristmasgift
cleveland,lakewoodohio
cleveland,clevelandboudoirphotography
cleveland,tattoos
cleveland,blackandwhite
cleveland,sexy
cleveland,hot
cleveland,kiss
cleveland,offcameraflash
cleveland,speedlight
cleveland,canon6d
cleveland,distraction
cleveland,distractionphoto
cleveland,implied
cleveland,perfectchristmasgift
lakewoodohio,clevelandboudoirphotography
lakewoodohio,tattoos
lakewoodohio,blackandwhite
lakewoodohio,sexy
lakewoodohio,hot
lakewoodohio,kiss
lakewoodohio,offcameraflash
lakewoodohio,speedlight
lakewoodohio,canon6d
lakewoodohio,distraction
lakewoodohio,distractionphoto
lakewoodohio,implied
lakewoodohio,perfectchristmasgift
clevelandboudoirphotography,tattoos
clevelandboudoirphotography,blackandwhite
clevelandboudoirphotography,sexy
clevelandboudoirphotography,hot
clevelandboudoirphotography,kiss
clevelandboudoirphotography,offcameraflash
clevelandboudoirphotography,speedlight
clevelandboudoirphotography,canon6d
clevelandboudoirphotography,distraction
clevelandboudoirphotography,distractionphoto
clevelandboudoirphotography,implied
clevelandboudoirphotography,perfectchristmasgift
tattoos,blackandwhite
tattoos,sexy
tattoos,hot
tattoos,kiss
tattoos,offcameraflash
tattoos,speedlight
tattoos,canon6d
tattoos,distraction
tattoos,distractionphoto
tattoos,implied
tattoos,perfectchristmasgift
blackandwhite,sexy
blackandwhite,hot
blackandwhite,kiss
blackandwhite,offcameraflash
blackandwhite,speedlight
blackandwhite,canon6d
blackandwhite,distraction
blackandwhite,distractionphoto
blackandwhite,implied
blackandwhite,perfectchristmasgift
sexy,hot
sexy,kiss
sexy,offcameraflash
sexy,speedlight
sexy,canon6d
sexy,distraction
sexy,distractionphoto
sexy,implied
sexy,perfectchristmasgift
hot,kiss
hot,offcameraflash
hot,speedlight
hot,canon6d
hot,distraction
hot,distractionphoto
hot,implied
hot,perfectchristmasgift
kiss,offcameraflash
kiss,speedlight
kiss,canon6d
kiss,distraction
kiss,distractionphoto
kiss,implied
kiss,perfectchristmasgift
offcameraflash,speedlight
offcameraflash,canon6d
offcameraflash,distraction
offcameraflash,distractionphoto
offcameraflash,implied
offcameraflash,perfectchristmasgift
speedlight,canon6d
speedlight,distraction
speedlight,distractionphoto
speedlight,implied
speedlight,perfectchristmasgift
canon6d,distraction
canon6d,distractionphoto
canon6d,implied
canon6d,perfectchristmasgift
distraction,distractionphoto
distraction,implied
distraction,perfectchristmasgift
distractionphoto,implied
distractionphoto,perfectchristmasgift
implied,perfectchristmasgift
shorthairdontcare,dowhatuloveandneverwork1day
shorthairdontcare,lakewoodohio
shorthairdontcare,stellaandshay
shorthairdontcare,clestylist
shorthairdontcare,bonniegraystylist
shorthairdontcare,shorthair
shorthairdontcare,hairlife
shorthairdontcare,hairinspo
shorthairdontcare,hair
dowhatuloveandneverwork1day,lakewoodohio
dowhatuloveandneverwork1day,stellaandshay
dowhatuloveandneverwork1day,clestylist
dowhatuloveandneverwork1day,bonniegraystylist
dowhatuloveandneverwork1day,shorthair
dowhatuloveandneverwork1day,hairlife
dowhatuloveandneverwork1day,hairinspo
dowhatuloveandneverwork1day,hair
lakewoodohio,stellaandshay
lakewoodohio,clestylist
lakewoodohio,bonniegraystylist
lakewoodohio,shorthair
lakewoodohio,hairlife
lakewoodohio,hairinspo
lakewoodohio,hair
stellaandshay,clestylist
stellaandshay,bonniegraystylist
stellaandshay,shorthair
stellaandshay,hairlife
stellaandshay,hairinspo
stellaandshay,hair
clestylist,bonniegraystylist
clestylist,shorthair
clestylist,hairlife
clestylist,hairinspo
clestylist,hair
bonniegraystylist,shorthair
bonniegraystylist,hairlife
bonniegraystylist,hairinspo
bonniegraystylist,hair
shorthair,hairlife
shorthair,hairinspo
shorthair,hair
hairlife,hairinspo
hairlife,hair
hairinspo,hair
stopdropyoga,pinchamayurasana
stopdropyoga,hollowback
stopdropyoga,waynedyer
stopdropyoga,sourceyoga
stopdropyoga,sourceenergy
stopdropyoga,fitgirls
stopdropyoga,fitnessmotivation
stopdropyoga,fitness
stopdropyoga,yoga
stopdropyoga,yogaeverydamnday
stopdropyoga,yogainspiration
stopdropyoga,beyourself
stopdropyoga,love
stopdropyoga,nojudgezone
stopdropyoga,spiritual
stopdropyoga,zen
stopdropyoga,buddhist
stopdropyoga,soulmate
stopdropyoga,chakras
stopdropyoga,strongwomen
stopdropyoga,inversions
stopdropyoga,lakewoodohio
pinchamayurasana,hollowback
pinchamayurasana,waynedyer
pinchamayurasana,sourceyoga
pinchamayurasana,sourceenergy
pinchamayurasana,fitgirls
pinchamayurasana,fitnessmotivation
pinchamayurasana,fitness
pinchamayurasana,yoga
pinchamayurasana,yogaeverydamnday
pinchamayurasana,yogainspiration
pinchamayurasana,beyourself
pinchamayurasana,love
pinchamayurasana,nojudgezone
pinchamayurasana,spiritual
pinchamayurasana,zen
pinchamayurasana,buddhist
pinchamayurasana,soulmate
pinchamayurasana,chakras
pinchamayurasana,strongwomen
pinchamayurasana,inversions
pinchamayurasana,lakewoodohio
hollowback,waynedyer
hollowback,sourceyoga
hollowback,sourceenergy
hollowback,fitgirls
hollowback,fitnessmotivation
hollowback,fitness
hollowback,yoga
hollowback,yogaeverydamnday
hollowback,yogainspiration
hollowback,beyourself
hollowback,love
hollowback,nojudgezone
hollowback,spiritual
hollowback,zen
hollowback,buddhist
hollowback,soulmate
hollowback,chakras
hollowback,strongwomen
hollowback,inversions
hollowback,lakewoodohio
waynedyer,sourceyoga
waynedyer,sourceenergy
waynedyer,fitgirls
waynedyer,fitnessmotivation
waynedyer,fitness
waynedyer,yoga
waynedyer,yogaeverydamnday
waynedyer,yogainspiration
waynedyer,beyourself
waynedyer,love
waynedyer,nojudgezone
waynedyer,spiritual
waynedyer,zen
waynedyer,buddhist
waynedyer,soulmate
waynedyer,chakras
waynedyer,strongwomen
waynedyer,inversions
waynedyer,lakewoodohio
sourceyoga,sourceenergy
sourceyoga,fitgirls
sourceyoga,fitnessmotivation
sourceyoga,fitness
sourceyoga,yoga
sourceyoga,yogaeverydamnday
sourceyoga,yogainspiration
sourceyoga,beyourself
sourceyoga,love
sourceyoga,nojudgezone
sourceyoga,spiritual
sourceyoga,zen
sourceyoga,buddhist
sourceyoga,soulmate
sourceyoga,chakras
sourceyoga,strongwomen
sourceyoga,inversions
sourceyoga,lakewoodohio
sourceenergy,fitgirls
sourceenergy,fitnessmotivation
sourceenergy,fitness
sourceenergy,yoga
sourceenergy,yogaeverydamnday
sourceenergy,yogainspiration
sourceenergy,beyourself
sourceenergy,love
sourceenergy,nojudgezone
sourceenergy,spiritual
sourceenergy,zen
sourceenergy,buddhist
sourceenergy,soulmate
sourceenergy,chakras
sourceenergy,strongwomen
sourceenergy,inversions
sourceenergy,lakewoodohio
fitgirls,fitnessmotivation
fitgirls,fitness
fitgirls,yoga
fitgirls,yogaeverydamnday
fitgirls,yogainspiration
fitgirls,beyourself
fitgirls,love
fitgirls,nojudgezone
fitgirls,spiritual
fitgirls,zen
fitgirls,buddhist
fitgirls,soulmate
fitgirls,chakras
fitgirls,strongwomen
fitgirls,inversions
fitgirls,lakewoodohio
fitnessmotivation,fitness
fitnessmotivation,yoga
fitnessmotivation,yogaeverydamnday
fitnessmotivation,yogainspiration
fitnessmotivation,beyourself
fitnessmotivation,love
fitnessmotivation,nojudgezone
fitnessmotivation,spiritual
fitnessmotivation,zen
fitnessmotivation,buddhist
fitnessmotivation,soulmate
fitnessmotivation,chakras
fitnessmotivation,strongwomen
fitnessmotivation,inversions
fitnessmotivation,lakewoodohio
fitness,yoga
fitness,yogaeverydamnday
fitness,yogainspiration
fitness,beyourself
fitness,love
fitness,nojudgezone
fitness,spiritual
fitness,zen
fitness,buddhist
fitness,soulmate
fitness,chakras
fitness,strongwomen
fitness,inversions
fitness,lakewoodohio
yoga,yogaeverydamnday
yoga,yogainspiration
yoga,beyourself
yoga,love
yoga,nojudgezone
yoga,spiritual
yoga,zen
yoga,buddhist
yoga,soulmate
yoga,chakras
yoga,strongwomen
yoga,inversions
yoga,lakewoodohio
yogaeverydamnday,yogainspiration
yogaeverydamnday,beyourself
yogaeverydamnday,love
yogaeverydamnday,nojudgezone
yogaeverydamnday,spiritual
yogaeverydamnday,zen
yogaeverydamnday,buddhist
yogaeverydamnday,soulmate
yogaeverydamnday,chakras
yogaeverydamnday,strongwomen
yogaeverydamnday,inversions
yogaeverydamnday,lakewoodohio
yogainspiration,beyourself
yogainspiration,love
yogainspiration,nojudgezone
yogainspiration,spiritual
yogainspiration,zen
yogainspiration,buddhist
yogainspiration,soulmate
yogainspiration,chakras
yogainspiration,strongwomen
yogainspiration,inversions
yogainspiration,lakewoodohio
beyourself,love
beyourself,nojudgezone
beyourself,spiritual
beyourself,zen
beyourself,buddhist
beyourself,soulmate
beyourself,chakras
beyourself,strongwomen
beyourself,inversions
beyourself,lakewoodohio
love,nojudgezone
love,spiritual
love,zen
love,buddhist
love,soulmate
love,chakras
love,strongwomen
love,inversions
love,lakewoodohio
nojudgezone,spiritual
nojudgezone,zen
nojudgezone,buddhist
nojudgezone,soulmate
nojudgezone,chakras
nojudgezone,strongwomen
nojudgezone,inversions
nojudgezone,lakewoodohio
spiritual,zen
spiritual,buddhist
spiritual,soulmate
spiritual,chakras
spiritual,strongwomen
spiritual,inversions
spiritual,lakewoodohio
zen,buddhist
zen,soulmate
zen,chakras
zen,strongwomen
zen,inversions
zen,lakewoodohio
buddhist,soulmate
buddhist,chakras
buddhist,strongwomen
buddhist,inversions
buddhist,lakewoodohio
soulmate,chakras
soulmate,strongwomen
soulmate,inversions
soulmate,lakewoodohio
chakras,strongwomen
chakras,inversions
chakras,lakewoodohio
strongwomen,inversions
strongwomen,lakewoodohio
inversions,lakewoodohio
persianrugs,rugs
persianrugs,ruglife
persianrugs,vintagerug
persianrugs,antiquerug
persianrugs,persianrug
persianrugs,interiordesign
persianrugs,downtowncanton
persianrugs,radcanton
persianrugs,cantonoh
persianrugs,ohio
persianrugs,forsale
persianrugs,clevelandohio
persianrugs,akronohio
persianrugs,hudsonoh
persianrugs,lakewoodohio
persianrugs,rugtastic
rugs,ruglife
rugs,vintagerug
rugs,antiquerug
rugs,persianrug
rugs,interiordesign
rugs,downtowncanton
rugs,radcanton
rugs,cantonoh
rugs,ohio
rugs,forsale
rugs,clevelandohio
rugs,akronohio
rugs,hudsonoh
rugs,lakewoodohio
rugs,rugtastic
ruglife,vintagerug
ruglife,antiquerug
ruglife,persianrug
ruglife,interiordesign
ruglife,downtowncanton
ruglife,radcanton
ruglife,cantonoh
ruglife,ohio
ruglife,forsale
ruglife,clevelandohio
ruglife,akronohio
ruglife,hudsonoh
ruglife,lakewoodohio
ruglife,rugtastic
vintagerug,antiquerug
vintagerug,persianrug
vintagerug,interiordesign
vintagerug,downtowncanton
vintagerug,radcanton
vintagerug,cantonoh
vintagerug,ohio
vintagerug,forsale
vintagerug,clevelandohio
vintagerug,akronohio
vintagerug,hudsonoh
vintagerug,lakewoodohio
vintagerug,rugtastic
antiquerug,persianrug
antiquerug,interiordesign
antiquerug,downtowncanton
antiquerug,radcanton
antiquerug,cantonoh
antiquerug,ohio
antiquerug,forsale
antiquerug,clevelandohio
antiquerug,akronohio
antiquerug,hudsonoh
antiquerug,lakewoodohio
antiquerug,rugtastic
persianrug,interiordesign
persianrug,downtowncanton
persianrug,radcanton
persianrug,cantonoh
persianrug,ohio
persianrug,forsale
persianrug,clevelandohio
persianrug,akronohio
persianrug,hudsonoh
persianrug,lakewoodohio
persianrug,rugtastic
interiordesign,downtowncanton
interiordesign,radcanton
interiordesign,cantonoh
interiordesign,ohio
interiordesign,forsale
interiordesign,clevelandohio
interiordesign,akronohio
interiordesign,hudsonoh
interiordesign,lakewoodohio
interiordesign,rugtastic
downtowncanton,radcanton
downtowncanton,cantonoh
downtowncanton,ohio
downtowncanton,forsale
downtowncanton,clevelandohio
downtowncanton,akronohio
downtowncanton,hudsonoh
downtowncanton,lakewoodohio
downtowncanton,rugtastic
radcanton,cantonoh
radcanton,ohio
radcanton,forsale
radcanton,clevelandohio
radcanton,akronohio
radcanton,hudsonoh
radcanton,lakewoodohio
radcanton,rugtastic
cantonoh,ohio
cantonoh,forsale
cantonoh,clevelandohio
cantonoh,akronohio
cantonoh,hudsonoh
cantonoh,lakewoodohio
cantonoh,rugtastic
ohio,forsale
ohio,clevelandohio
ohio,akronohio
ohio,hudsonoh
ohio,lakewoodohio
ohio,rugtastic
forsale,clevelandohio
forsale,akronohio
forsale,hudsonoh
forsale,lakewoodohio
forsale,rugtastic
clevelandohio,akronohio
clevelandohio,hudsonoh
clevelandohio,lakewoodohio
clevelandohio,rugtastic
akronohio,hudsonoh
akronohio,lakewoodohio
akronohio,rugtastic
hudsonoh,lakewoodohio
hudsonoh,rugtastic
lakewoodohio,rugtastic
lakewoodohio,lakewoodbars
lakewoodohio,thisiscle
lakewoodohio,datenight
lakewoodohio,hardcider
lakewoodohio,clevelandrocks
lakewoodbars,thisiscle
lakewoodbars,datenight
lakewoodbars,hardcider
lakewoodbars,clevelandrocks
thisiscle,datenight
thisiscle,hardcider
thisiscle,clevelandrocks
datenight,hardcider
datenight,clevelandrocks
hardcider,clevelandrocks
YuzuLakewood,goooooood
YuzuLakewood,whiskey
YuzuLakewood,whiskeywednesday
YuzuLakewood,halfpricewhiskey
YuzuLakewood,lakewood
YuzuLakewood,lakewoodoh
YuzuLakewood,lakewoodohio
YuzuLakewood,cle
YuzuLakewood,cleveland
YuzuLakewood,kermit
YuzuLakewood,darkside
YuzuLakewood,dankmemes
YuzuLakewood,fellowkids
YuzuLakewood,thisiscle
YuzuLakewood,dinner
YuzuLakewood,lunch
YuzuLakewood,latenight
goooooood,whiskey
goooooood,whiskeywednesday
goooooood,halfpricewhiskey
goooooood,lakewood
goooooood,lakewoodoh
goooooood,lakewoodohio
goooooood,cle
goooooood,cleveland
goooooood,kermit
goooooood,darkside
goooooood,dankmemes
goooooood,fellowkids
goooooood,thisiscle
goooooood,dinner
goooooood,lunch
goooooood,latenight
whiskey,whiskeywednesday
whiskey,halfpricewhiskey
whiskey,lakewood
whiskey,lakewoodoh
whiskey,lakewoodohio
whiskey,cle
whiskey,cleveland
whiskey,kermit
whiskey,darkside
whiskey,dankmemes
whiskey,fellowkids
whiskey,thisiscle
whiskey,dinner
whiskey,lunch
whiskey,latenight
whiskeywednesday,halfpricewhiskey
whiskeywednesday,lakewood
whiskeywednesday,lakewoodoh
whiskeywednesday,lakewoodohio
whiskeywednesday,cle
whiskeywednesday,cleveland
whiskeywednesday,kermit
whiskeywednesday,darkside
whiskeywednesday,dankmemes
whiskeywednesday,fellowkids
whiskeywednesday,thisiscle
whiskeywednesday,dinner
whiskeywednesday,lunch
whiskeywednesday,latenight
halfpricewhiskey,lakewood
halfpricewhiskey,lakewoodoh
halfpricewhiskey,lakewoodohio
halfpricewhiskey,cle
halfpricewhiskey,cleveland
halfpricewhiskey,kermit
halfpricewhiskey,darkside
halfpricewhiskey,dankmemes
halfpricewhiskey,fellowkids
halfpricewhiskey,thisiscle
halfpricewhiskey,dinner
halfpricewhiskey,lunch
halfpricewhiskey,latenight
lakewood,lakewoodoh
lakewood,lakewoodohio
lakewood,cle
lakewood,cleveland
lakewood,kermit
lakewood,darkside
lakewood,dankmemes
lakewood,fellowkids
lakewood,thisiscle
lakewood,dinner
lakewood,lunch
lakewood,latenight
lakewoodoh,lakewoodohio
lakewoodoh,cle
lakewoodoh,cleveland
lakewoodoh,kermit
lakewoodoh,darkside
lakewoodoh,dankmemes
lakewoodoh,fellowkids
lakewoodoh,thisiscle
lakewoodoh,dinner
lakewoodoh,lunch
lakewoodoh,latenight
lakewoodohio,cle
lakewoodohio,cleveland
lakewoodohio,kermit
lakewoodohio,darkside
lakewoodohio,dankmemes
lakewoodohio,fellowkids
lakewoodohio,thisiscle
lakewoodohio,dinner
lakewoodohio,lunch
lakewoodohio,latenight
cle,cleveland
cle,kermit
cle,darkside
cle,dankmemes
cle,fellowkids
cle,thisiscle
cle,dinner
cle,lunch
cle,latenight
cleveland,kermit
cleveland,darkside
cleveland,dankmemes
cleveland,fellowkids
cleveland,thisiscle
cleveland,dinner
cleveland,lunch
cleveland,latenight
kermit,darkside
kermit,dankmemes
kermit,fellowkids
kermit,thisiscle
kermit,dinner
kermit,lunch
kermit,latenight
darkside,dankmemes
darkside,fellowkids
darkside,thisiscle
darkside,dinner
darkside,lunch
darkside,latenight
dankmemes,fellowkids
dankmemes,thisiscle
dankmemes,dinner
dankmemes,lunch
dankmemes,latenight
fellowkids,thisiscle
fellowkids,dinner
fellowkids,lunch
fellowkids,latenight
thisiscle,dinner
thisiscle,lunch
thisiscle,latenight
dinner,lunch
dinner,latenight
lunch,latenight
vintage,wickertable
vintage,whitewicker
vintage,endtable
vintage,sidetable
vintage,accenttable
vintage,forsale
vintage,lakewoodohio
vintage,cleveland
vintage,216
wickertable,whitewicker
wickertable,endtable
wickertable,sidetable
wickertable,accenttable
wickertable,forsale
wickertable,lakewoodohio
wickertable,cleveland
wickertable,216
whitewicker,endtable
whitewicker,sidetable
whitewicker,accenttable
whitewicker,forsale
whitewicker,lakewoodohio
whitewicker,cleveland
whitewicker,216
endtable,sidetable
endtable,accenttable
endtable,forsale
endtable,lakewoodohio
endtable,cleveland
endtable,216
sidetable,accenttable
sidetable,forsale
sidetable,lakewoodohio
sidetable,cleveland
sidetable,216
accenttable,forsale
accenttable,lakewoodohio
accenttable,cleveland
accenttable,216
forsale,lakewoodohio
forsale,cleveland
forsale,216
lakewoodohio,cleveland
lakewoodohio,216
cleveland,216
sanantonioshoes,sasshoes
sanantonioshoes,allamericansale
sasshoes,allamericansale
antique,vintage
antique,mirror
antique,woodframedmirror
antique,squaremirror
antique,walldecor
antique,homedecor
antique,shopsmall
antique,christmasgifts
antique,giftideas
antique,gifts
antique,lakewoodohio
antique,cleveland
antique,216
antique,rusticdecor
antique,farmhousestyle
vintage,mirror
vintage,woodframedmirror
vintage,squaremirror
vintage,walldecor
vintage,homedecor
vintage,shopsmall
vintage,christmasgifts
vintage,giftideas
vintage,gifts
vintage,lakewoodohio
vintage,cleveland
vintage,216
vintage,rusticdecor
vintage,farmhousestyle
mirror,woodframedmirror
mirror,squaremirror
mirror,walldecor
mirror,homedecor
mirror,shopsmall
mirror,christmasgifts
mirror,giftideas
mirror,gifts
mirror,lakewoodohio
mirror,cleveland
mirror,216
mirror,rusticdecor
mirror,farmhousestyle
woodframedmirror,squaremirror
woodframedmirror,walldecor
woodframedmirror,homedecor
woodframedmirror,shopsmall
woodframedmirror,christmasgifts
woodframedmirror,giftideas
woodframedmirror,gifts
woodframedmirror,lakewoodohio
woodframedmirror,cleveland
woodframedmirror,216
woodframedmirror,rusticdecor
woodframedmirror,farmhousestyle
squaremirror,walldecor
squaremirror,homedecor
squaremirror,shopsmall
squaremirror,christmasgifts
squaremirror,giftideas
squaremirror,gifts
squaremirror,lakewoodohio
squaremirror,cleveland
squaremirror,216
squaremirror,rusticdecor
squaremirror,farmhousestyle
walldecor,homedecor
walldecor,shopsmall
walldecor,christmasgifts
walldecor,giftideas
walldecor,gifts
walldecor,lakewoodohio
walldecor,cleveland
walldecor,216
walldecor,rusticdecor
walldecor,farmhousestyle
homedecor,shopsmall
homedecor,christmasgifts
homedecor,giftideas
homedecor,gifts
homedecor,lakewoodohio
homedecor,cleveland
homedecor,216
homedecor,rusticdecor
homedecor,farmhousestyle
shopsmall,christmasgifts
shopsmall,giftideas
shopsmall,gifts
shopsmall,lakewoodohio
shopsmall,cleveland
shopsmall,216
shopsmall,rusticdecor
shopsmall,farmhousestyle
christmasgifts,giftideas
christmasgifts,gifts
christmasgifts,lakewoodohio
christmasgifts,cleveland
christmasgifts,216
christmasgifts,rusticdecor
christmasgifts,farmhousestyle
giftideas,gifts
giftideas,lakewoodohio
giftideas,cleveland
giftideas,216
giftideas,rusticdecor
giftideas,farmhousestyle
gifts,lakewoodohio
gifts,cleveland
gifts,216
gifts,rusticdecor
gifts,farmhousestyle
lakewoodohio,cleveland
lakewoodohio,216
lakewoodohio,rusticdecor
lakewoodohio,farmhousestyle
cleveland,216
cleveland,rusticdecor
cleveland,farmhousestyle
216,rusticdecor
216,farmhousestyle
rusticdecor,farmhousestyle
yogi,natureheals
yogi,lakewoodohio
yogi,lakemetroparks
yogi,boundextendedsideangle
yogi,waterfall
yogi,yogaheals
yogi,autumn
yogi,spiritual
yogi,introspection
natureheals,lakewoodohio
natureheals,lakemetroparks
natureheals,boundextendedsideangle
natureheals,waterfall
natureheals,yogaheals
natureheals,autumn
natureheals,spiritual
natureheals,introspection
lakewoodohio,lakemetroparks
lakewoodohio,boundextendedsideangle
lakewoodohio,waterfall
lakewoodohio,yogaheals
lakewoodohio,autumn
lakewoodohio,spiritual
lakewoodohio,introspection
lakemetroparks,boundextendedsideangle
lakemetroparks,waterfall
lakemetroparks,yogaheals
lakemetroparks,autumn
lakemetroparks,spiritual
lakemetroparks,introspection
boundextendedsideangle,waterfall
boundextendedsideangle,yogaheals
boundextendedsideangle,autumn
boundextendedsideangle,spiritual
boundextendedsideangle,introspection
waterfall,yogaheals
waterfall,autumn
waterfall,spiritual
waterfall,introspection
yogaheals,autumn
yogaheals,spiritual
yogaheals,introspection
autumn,spiritual
autumn,introspection
spiritual,introspection
Repost,tasteoflakewood
Repost,eltorito
Repost,taqueria
Repost,bar
Repost,grill
Repost,lakewoodohio
Repost,clevelandohio
Repost,birdtown
tasteoflakewood,eltorito
tasteoflakewood,taqueria
tasteoflakewood,bar
tasteoflakewood,grill
tasteoflakewood,lakewoodohio
tasteoflakewood,clevelandohio
tasteoflakewood,birdtown
eltorito,taqueria
eltorito,bar
eltorito,grill
eltorito,lakewoodohio
eltorito,clevelandohio
eltorito,birdtown
taqueria,bar
taqueria,grill
taqueria,lakewoodohio
taqueria,clevelandohio
taqueria,birdtown
bar,grill
bar,lakewoodohio
bar,clevelandohio
bar,birdtown
grill,lakewoodohio
grill,clevelandohio
grill,birdtown
lakewoodohio,clevelandohio
lakewoodohio,birdtown
clevelandohio,birdtown
affordable,cheap
affordable,yuzulakewood
affordable,cheapeats
affordable,2am
affordable,datenight
affordable,cheapdate
affordable,lakewood
affordable,lakewoodoh
affordable,lakewoodohio
affordable,cle
affordable,cleveland
affordable,clevelandeats
affordable,rockyriver
affordable,westpark
affordable,ohiocity
affordable,food
affordable,latedate
affordable,latenightgrub
affordable,latenighteats
affordable,biden
affordable,eatlocal
affordable,happytuesday
cheap,yuzulakewood
cheap,cheapeats
cheap,2am
cheap,datenight
cheap,cheapdate
cheap,lakewood
cheap,lakewoodoh
cheap,lakewoodohio
cheap,cle
cheap,cleveland
cheap,clevelandeats
cheap,rockyriver
cheap,westpark
cheap,ohiocity
cheap,food
cheap,latedate
cheap,latenightgrub
cheap,latenighteats
cheap,biden
cheap,eatlocal
cheap,happytuesday
yuzulakewood,cheapeats
yuzulakewood,2am
yuzulakewood,datenight
yuzulakewood,cheapdate
yuzulakewood,lakewood
yuzulakewood,lakewoodoh
yuzulakewood,lakewoodohio
yuzulakewood,cle
yuzulakewood,cleveland
yuzulakewood,clevelandeats
yuzulakewood,rockyriver
yuzulakewood,westpark
yuzulakewood,ohiocity
yuzulakewood,food
yuzulakewood,latedate
yuzulakewood,latenightgrub
yuzulakewood,latenighteats
yuzulakewood,biden
yuzulakewood,eatlocal
yuzulakewood,happytuesday
cheapeats,2am
cheapeats,datenight
cheapeats,cheapdate
cheapeats,lakewood
cheapeats,lakewoodoh
cheapeats,lakewoodohio
cheapeats,cle
cheapeats,cleveland
cheapeats,clevelandeats
cheapeats,rockyriver
cheapeats,westpark
cheapeats,ohiocity
cheapeats,food
cheapeats,latedate
cheapeats,latenightgrub
cheapeats,latenighteats
cheapeats,biden
cheapeats,eatlocal
cheapeats,happytuesday
2am,datenight
2am,cheapdate
2am,lakewood
2am,lakewoodoh
2am,lakewoodohio
2am,cle
2am,cleveland
2am,clevelandeats
2am,rockyriver
2am,westpark
2am,ohiocity
2am,food
2am,latedate
2am,latenightgrub
2am,latenighteats
2am,biden
2am,eatlocal
2am,happytuesday
datenight,cheapdate
datenight,lakewood
datenight,lakewoodoh
datenight,lakewoodohio
datenight,cle
datenight,cleveland
datenight,clevelandeats
datenight,rockyriver
datenight,westpark
datenight,ohiocity
datenight,food
datenight,latedate
datenight,latenightgrub
datenight,latenighteats
datenight,biden
datenight,eatlocal
datenight,happytuesday
cheapdate,lakewood
cheapdate,lakewoodoh
cheapdate,lakewoodohio
cheapdate,cle
cheapdate,cleveland
cheapdate,clevelandeats
cheapdate,rockyriver
cheapdate,westpark
cheapdate,ohiocity
cheapdate,food
cheapdate,latedate
cheapdate,latenightgrub
cheapdate,latenighteats
cheapdate,biden
cheapdate,eatlocal
cheapdate,happytuesday
lakewood,lakewoodoh
lakewood,lakewoodohio
lakewood,cle
lakewood,cleveland
lakewood,clevelandeats
lakewood,rockyriver
lakewood,westpark
lakewood,ohiocity
lakewood,food
lakewood,latedate
lakewood,latenightgrub
lakewood,latenighteats
lakewood,biden
lakewood,eatlocal
lakewood,happytuesday
lakewoodoh,lakewoodohio
lakewoodoh,cle
lakewoodoh,cleveland
lakewoodoh,clevelandeats
lakewoodoh,rockyriver
lakewoodoh,westpark
lakewoodoh,ohiocity
lakewoodoh,food
lakewoodoh,latedate
lakewoodoh,latenightgrub
lakewoodoh,latenighteats
lakewoodoh,biden
lakewoodoh,eatlocal
lakewoodoh,happytuesday
lakewoodohio,cle
lakewoodohio,cleveland
lakewoodohio,clevelandeats
lakewoodohio,rockyriver
lakewoodohio,westpark
lakewoodohio,ohiocity
lakewoodohio,food
lakewoodohio,latedate
lakewoodohio,latenightgrub
lakewoodohio,latenighteats
lakewoodohio,biden
lakewoodohio,eatlocal
lakewoodohio,happytuesday
cle,cleveland
cle,clevelandeats
cle,rockyriver
cle,westpark
cle,ohiocity
cle,food
cle,latedate
cle,latenightgrub
cle,latenighteats
cle,biden
cle,eatlocal
cle,happytuesday
cleveland,clevelandeats
cleveland,rockyriver
cleveland,westpark
cleveland,ohiocity
cleveland,food
cleveland,latedate
cleveland,latenightgrub
cleveland,latenighteats
cleveland,biden
cleveland,eatlocal
cleveland,happytuesday
clevelandeats,rockyriver
clevelandeats,westpark
clevelandeats,ohiocity
clevelandeats,food
clevelandeats,latedate
clevelandeats,latenightgrub
clevelandeats,latenighteats
clevelandeats,biden
clevelandeats,eatlocal
clevelandeats,happytuesday
rockyriver,westpark
rockyriver,ohiocity
rockyriver,food
rockyriver,latedate
rockyriver,latenightgrub
rockyriver,latenighteats
rockyriver,biden
rockyriver,eatlocal
rockyriver,happytuesday
westpark,ohiocity
westpark,food
westpark,latedate
westpark,latenightgrub
westpark,latenighteats
westpark,biden
westpark,eatlocal
westpark,happytuesday
ohiocity,food
ohiocity,latedate
ohiocity,latenightgrub
ohiocity,latenighteats
ohiocity,biden
ohiocity,eatlocal
ohiocity,happytuesday
food,latedate
food,latenightgrub
food,latenighteats
food,biden
food,eatlocal
food,happytuesday
latedate,latenightgrub
latedate,latenighteats
latedate,biden
latedate,eatlocal
latedate,happytuesday
latenightgrub,latenighteats
latenightgrub,biden
latenightgrub,eatlocal
latenightgrub,happytuesday
latenighteats,biden
latenighteats,eatlocal
latenighteats,happytuesday
biden,eatlocal
biden,happytuesday
eatlocal,happytuesday
repost,LPChome
WelcomeHome,LakewoodOhio
WelcomeHome,FolicleASalon
WelcomeHome,HairStylists
WelcomeHome,ClevelandHairStylist
WelcomeHome,Repost
WelcomeHome,transformationtuesday
WelcomeHome,colorcorrection
WelcomeHome,balayage
WelcomeHome,shadeseq
WelcomeHome,hairdressersmagic
WelcomeHome,modernsalon
WelcomeHome,cosmoprofbeauty
WelcomeHome,licensedtocreate
WelcomeHome,btcpics
WelcomeHome,behindthechair
WelcomeHome,americansalon
WelcomeHome,balayageandpainted
WelcomeHome,bumbleandbumble
LakewoodOhio,FolicleASalon
LakewoodOhio,HairStylists
LakewoodOhio,ClevelandHairStylist
LakewoodOhio,Repost
LakewoodOhio,transformationtuesday
LakewoodOhio,colorcorrection
LakewoodOhio,balayage
LakewoodOhio,shadeseq
LakewoodOhio,hairdressersmagic
LakewoodOhio,modernsalon
LakewoodOhio,cosmoprofbeauty
LakewoodOhio,licensedtocreate
LakewoodOhio,btcpics
LakewoodOhio,behindthechair
LakewoodOhio,americansalon
LakewoodOhio,balayageandpainted
LakewoodOhio,bumbleandbumble
FolicleASalon,HairStylists
FolicleASalon,ClevelandHairStylist
FolicleASalon,Repost
FolicleASalon,transformationtuesday
FolicleASalon,colorcorrection
FolicleASalon,balayage
FolicleASalon,shadeseq
FolicleASalon,hairdressersmagic
FolicleASalon,modernsalon
FolicleASalon,cosmoprofbeauty
FolicleASalon,licensedtocreate
FolicleASalon,btcpics
FolicleASalon,behindthechair
FolicleASalon,americansalon
FolicleASalon,balayageandpainted
FolicleASalon,bumbleandbumble
HairStylists,ClevelandHairStylist
HairStylists,Repost
HairStylists,transformationtuesday
HairStylists,colorcorrection
HairStylists,balayage
HairStylists,shadeseq
HairStylists,hairdressersmagic
HairStylists,modernsalon
HairStylists,cosmoprofbeauty
HairStylists,licensedtocreate
HairStylists,btcpics
HairStylists,behindthechair
HairStylists,americansalon
HairStylists,balayageandpainted
HairStylists,bumbleandbumble
ClevelandHairStylist,Repost
ClevelandHairStylist,transformationtuesday
ClevelandHairStylist,colorcorrection
ClevelandHairStylist,balayage
ClevelandHairStylist,shadeseq
ClevelandHairStylist,hairdressersmagic
ClevelandHairStylist,modernsalon
ClevelandHairStylist,cosmoprofbeauty
ClevelandHairStylist,licensedtocreate
ClevelandHairStylist,btcpics
ClevelandHairStylist,behindthechair
ClevelandHairStylist,americansalon
ClevelandHairStylist,balayageandpainted
ClevelandHairStylist,bumbleandbumble
Repost,transformationtuesday
Repost,colorcorrection
Repost,balayage
Repost,shadeseq
Repost,hairdressersmagic
Repost,modernsalon
Repost,cosmoprofbeauty
Repost,licensedtocreate
Repost,btcpics
Repost,behindthechair
Repost,americansalon
Repost,balayageandpainted
Repost,bumbleandbumble
transformationtuesday,colorcorrection
transformationtuesday,balayage
transformationtuesday,shadeseq
transformationtuesday,hairdressersmagic
transformationtuesday,modernsalon
transformationtuesday,cosmoprofbeauty
transformationtuesday,licensedtocreate
transformationtuesday,btcpics
transformationtuesday,behindthechair
transformationtuesday,americansalon
transformationtuesday,balayageandpainted
transformationtuesday,bumbleandbumble
colorcorrection,balayage
colorcorrection,shadeseq
colorcorrection,hairdressersmagic
colorcorrection,modernsalon
colorcorrection,cosmoprofbeauty
colorcorrection,licensedtocreate
colorcorrection,btcpics
colorcorrection,behindthechair
colorcorrection,americansalon
colorcorrection,balayageandpainted
colorcorrection,bumbleandbumble
balayage,shadeseq
balayage,hairdressersmagic
balayage,modernsalon
balayage,cosmoprofbeauty
balayage,licensedtocreate
balayage,btcpics
balayage,behindthechair
balayage,americansalon
balayage,balayageandpainted
balayage,bumbleandbumble
shadeseq,hairdressersmagic
shadeseq,modernsalon
shadeseq,cosmoprofbeauty
shadeseq,licensedtocreate
shadeseq,btcpics
shadeseq,behindthechair
shadeseq,americansalon
shadeseq,balayageandpainted
shadeseq,bumbleandbumble
hairdressersmagic,modernsalon
hairdressersmagic,cosmoprofbeauty
hairdressersmagic,licensedtocreate
hairdressersmagic,btcpics
hairdressersmagic,behindthechair
hairdressersmagic,americansalon
hairdressersmagic,balayageandpainted
hairdressersmagic,bumbleandbumble
modernsalon,cosmoprofbeauty
modernsalon,licensedtocreate
modernsalon,btcpics
modernsalon,behindthechair
modernsalon,americansalon
modernsalon,balayageandpainted
modernsalon,bumbleandbumble
cosmoprofbeauty,licensedtocreate
cosmoprofbeauty,btcpics
cosmoprofbeauty,behindthechair
cosmoprofbeauty,americansalon
cosmoprofbeauty,balayageandpainted
cosmoprofbeauty,bumbleandbumble
licensedtocreate,btcpics
licensedtocreate,behindthechair
licensedtocreate,americansalon
licensedtocreate,balayageandpainted
licensedtocreate,bumbleandbumble
btcpics,behindthechair
btcpics,americansalon
btcpics,balayageandpainted
btcpics,bumbleandbumble
behindthechair,americansalon
behindthechair,balayageandpainted
behindthechair,bumbleandbumble
americansalon,balayageandpainted
americansalon,bumbleandbumble
balayageandpainted,bumbleandbumble
lakewoodohio,lkwd
lakewoodohio,cleveland
lakewoodohio,cle
lakewoodohio,handmadeholiday
lakewoodohio,clevelandgram
lakewoodohio,handmadehustle
lakewoodohio,madeincleveland
lakewoodohio,madeincle
lkwd,cleveland
lkwd,cle
lkwd,handmadeholiday
lkwd,clevelandgram
lkwd,handmadehustle
lkwd,madeincleveland
lkwd,madeincle
cleveland,cle
cleveland,handmadeholiday
cleveland,clevelandgram
cleveland,handmadehustle
cleveland,madeincleveland
cleveland,madeincle
cle,handmadeholiday
cle,clevelandgram
cle,handmadehustle
cle,madeincleveland
cle,madeincle
handmadeholiday,clevelandgram
handmadeholiday,handmadehustle
handmadeholiday,madeincleveland
handmadeholiday,madeincle
clevelandgram,handmadehustle
clevelandgram,madeincleveland
clevelandgram,madeincle
handmadehustle,madeincleveland
handmadehustle,madeincle
madeincleveland,madeincle
bestsocksever,smartwool
bestsocksever,comfort
bestsocksever,socks
smartwool,comfort
smartwool,socks
comfort,socks
blessed,friendsgiving2016
blessed,foodcoma2016
blessed,holidaysincle
blessed,happyincle
blessed,lakewoodohio
blessed,realhousewivesofthanksgiving
blessed,wecanreallycook
friendsgiving2016,foodcoma2016
friendsgiving2016,holidaysincle
friendsgiving2016,happyincle
friendsgiving2016,lakewoodohio
friendsgiving2016,realhousewivesofthanksgiving
friendsgiving2016,wecanreallycook
foodcoma2016,holidaysincle
foodcoma2016,happyincle
foodcoma2016,lakewoodohio
foodcoma2016,realhousewivesofthanksgiving
foodcoma2016,wecanreallycook
holidaysincle,happyincle
holidaysincle,lakewoodohio
holidaysincle,realhousewivesofthanksgiving
holidaysincle,wecanreallycook
happyincle,lakewoodohio
happyincle,realhousewivesofthanksgiving
happyincle,wecanreallycook
lakewoodohio,realhousewivesofthanksgiving
lakewoodohio,wecanreallycook
realhousewivesofthanksgiving,wecanreallycook
naturalbeauty,bonniegraystylist
naturalbeauty,luvwhatudoanddowhatuluv
naturalbeauty,lakewoodohio
naturalbeauty,stellaandshay
naturalbeauty,clestylist
bonniegraystylist,luvwhatudoanddowhatuluv
bonniegraystylist,lakewoodohio
bonniegraystylist,stellaandshay
bonniegraystylist,clestylist
luvwhatudoanddowhatuluv,lakewoodohio
luvwhatudoanddowhatuluv,stellaandshay
luvwhatudoanddowhatuluv,clestylist
lakewoodohio,stellaandshay
lakewoodohio,clestylist
stellaandshay,clestylist
Eric,ericwareheim
Eric,tim
Eric,timheidecker
Eric,timanderic
Eric,timandericawesomeshowgreatjob
Eric,timandericbedtimestories
Eric,tomgoestothemayor
Eric,neilhamburger
Eric,beaverboys
Eric,janandwayneskylar
Eric,oncinema
Eric,checkitout
Eric,foryourhealth
Eric,decker
Eric,lakewoodohio
Eric,stevebrule
Eric,davidliebehart
Eric,drstevebrule
Eric,chrimbus
Eric,scottclam
Eric,bobodenkirk
Eric,marriednewsteam
Eric,jamesquall
Eric,johncreilly
Eric,marijuana
Eric,richarddunn
Eric,greggturkington
Eric,julesdidlio
Eric,tommywiseau
ericwareheim,tim
ericwareheim,timheidecker
ericwareheim,timanderic
ericwareheim,timandericawesomeshowgreatjob
ericwareheim,timandericbedtimestories
ericwareheim,tomgoestothemayor
ericwareheim,neilhamburger
ericwareheim,beaverboys
ericwareheim,janandwayneskylar
ericwareheim,oncinema
ericwareheim,checkitout
ericwareheim,foryourhealth
ericwareheim,decker
ericwareheim,lakewoodohio
ericwareheim,stevebrule
ericwareheim,davidliebehart
ericwareheim,drstevebrule
ericwareheim,chrimbus
ericwareheim,scottclam
ericwareheim,bobodenkirk
ericwareheim,marriednewsteam
ericwareheim,jamesquall
ericwareheim,johncreilly
ericwareheim,marijuana
ericwareheim,richarddunn
ericwareheim,greggturkington
ericwareheim,julesdidlio
ericwareheim,tommywiseau
tim,timheidecker
tim,timanderic
tim,timandericawesomeshowgreatjob
tim,timandericbedtimestories
tim,tomgoestothemayor
tim,neilhamburger
tim,beaverboys
tim,janandwayneskylar
tim,oncinema
tim,checkitout
tim,foryourhealth
tim,decker
tim,lakewoodohio
tim,stevebrule
tim,davidliebehart
tim,drstevebrule
tim,chrimbus
tim,scottclam
tim,bobodenkirk
tim,marriednewsteam
tim,jamesquall
tim,johncreilly
tim,marijuana
tim,richarddunn
tim,greggturkington
tim,julesdidlio
tim,tommywiseau
timheidecker,timanderic
timheidecker,timandericawesomeshowgreatjob
timheidecker,timandericbedtimestories
timheidecker,tomgoestothemayor
timheidecker,neilhamburger
timheidecker,beaverboys
timheidecker,janandwayneskylar
timheidecker,oncinema
timheidecker,checkitout
timheidecker,foryourhealth
timheidecker,decker
timheidecker,lakewoodohio
timheidecker,stevebrule
timheidecker,davidliebehart
timheidecker,drstevebrule
timheidecker,chrimbus
timheidecker,scottclam
timheidecker,bobodenkirk
timheidecker,marriednewsteam
timheidecker,jamesquall
timheidecker,johncreilly
timheidecker,marijuana
timheidecker,richarddunn
timheidecker,greggturkington
timheidecker,julesdidlio
timheidecker,tommywiseau
timanderic,timandericawesomeshowgreatjob
timanderic,timandericbedtimestories
timanderic,tomgoestothemayor
timanderic,neilhamburger
timanderic,beaverboys
timanderic,janandwayneskylar
timanderic,oncinema
timanderic,checkitout
timanderic,foryourhealth
timanderic,decker
timanderic,lakewoodohio
timanderic,stevebrule
timanderic,davidliebehart
timanderic,drstevebrule
timanderic,chrimbus
timanderic,scottclam
timanderic,bobodenkirk
timanderic,marriednewsteam
timanderic,jamesquall
timanderic,johncreilly
timanderic,marijuana
timanderic,richarddunn
timanderic,greggturkington
timanderic,julesdidlio
timanderic,tommywiseau
timandericawesomeshowgreatjob,timandericbedtimestories
timandericawesomeshowgreatjob,tomgoestothemayor
timandericawesomeshowgreatjob,neilhamburger
timandericawesomeshowgreatjob,beaverboys
timandericawesomeshowgreatjob,janandwayneskylar
timandericawesomeshowgreatjob,oncinema
timandericawesomeshowgreatjob,checkitout
timandericawesomeshowgreatjob,foryourhealth
timandericawesomeshowgreatjob,decker
timandericawesomeshowgreatjob,lakewoodohio
timandericawesomeshowgreatjob,stevebrule
timandericawesomeshowgreatjob,davidliebehart
timandericawesomeshowgreatjob,drstevebrule
timandericawesomeshowgreatjob,chrimbus
timandericawesomeshowgreatjob,scottclam
timandericawesomeshowgreatjob,bobodenkirk
timandericawesomeshowgreatjob,marriednewsteam
timandericawesomeshowgreatjob,jamesquall
timandericawesomeshowgreatjob,johncreilly
timandericawesomeshowgreatjob,marijuana
timandericawesomeshowgreatjob,richarddunn
timandericawesomeshowgreatjob,greggturkington
timandericawesomeshowgreatjob,julesdidlio
timandericawesomeshowgreatjob,tommywiseau
timandericbedtimestories,tomgoestothemayor
timandericbedtimestories,neilhamburger
timandericbedtimestories,beaverboys
timandericbedtimestories,janandwayneskylar
timandericbedtimestories,oncinema
timandericbedtimestories,checkitout
timandericbedtimestories,foryourhealth
timandericbedtimestories,decker
timandericbedtimestories,lakewoodohio
timandericbedtimestories,stevebrule
timandericbedtimestories,davidliebehart
timandericbedtimestories,drstevebrule
timandericbedtimestories,chrimbus
timandericbedtimestories,scottclam
timandericbedtimestories,bobodenkirk
timandericbedtimestories,marriednewsteam
timandericbedtimestories,jamesquall
timandericbedtimestories,johncreilly
timandericbedtimestories,marijuana
timandericbedtimestories,richarddunn
timandericbedtimestories,greggturkington
timandericbedtimestories,julesdidlio
timandericbedtimestories,tommywiseau
tomgoestothemayor,neilhamburger
tomgoestothemayor,beaverboys
tomgoestothemayor,janandwayneskylar
tomgoestothemayor,oncinema
tomgoestothemayor,checkitout
tomgoestothemayor,foryourhealth
tomgoestothemayor,decker
tomgoestothemayor,lakewoodohio
tomgoestothemayor,stevebrule
tomgoestothemayor,davidliebehart
tomgoestothemayor,drstevebrule
tomgoestothemayor,chrimbus
tomgoestothemayor,scottclam
tomgoestothemayor,bobodenkirk
tomgoestothemayor,marriednewsteam
tomgoestothemayor,jamesquall
tomgoestothemayor,johncreilly
tomgoestothemayor,marijuana
tomgoestothemayor,richarddunn
tomgoestothemayor,greggturkington
tomgoestothemayor,julesdidlio
tomgoestothemayor,tommywiseau
neilhamburger,beaverboys
neilhamburger,janandwayneskylar
neilhamburger,oncinema
neilhamburger,checkitout
neilhamburger,foryourhealth
neilhamburger,decker
neilhamburger,lakewoodohio
neilhamburger,stevebrule
neilhamburger,davidliebehart
neilhamburger,drstevebrule
neilhamburger,chrimbus
neilhamburger,scottclam
neilhamburger,bobodenkirk
neilhamburger,marriednewsteam
neilhamburger,jamesquall
neilhamburger,johncreilly
neilhamburger,marijuana
neilhamburger,richarddunn
neilhamburger,greggturkington
neilhamburger,julesdidlio
neilhamburger,tommywiseau
beaverboys,janandwayneskylar
beaverboys,oncinema
beaverboys,checkitout
beaverboys,foryourhealth
beaverboys,decker
beaverboys,lakewoodohio
beaverboys,stevebrule
beaverboys,davidliebehart
beaverboys,drstevebrule
beaverboys,chrimbus
beaverboys,scottclam
beaverboys,bobodenkirk
beaverboys,marriednewsteam
beaverboys,jamesquall
beaverboys,johncreilly
beaverboys,marijuana
beaverboys,richarddunn
beaverboys,greggturkington
beaverboys,julesdidlio
beaverboys,tommywiseau
janandwayneskylar,oncinema
janandwayneskylar,checkitout
janandwayneskylar,foryourhealth
janandwayneskylar,decker
janandwayneskylar,lakewoodohio
janandwayneskylar,stevebrule
janandwayneskylar,davidliebehart
janandwayneskylar,drstevebrule
janandwayneskylar,chrimbus
janandwayneskylar,scottclam
janandwayneskylar,bobodenkirk
janandwayneskylar,marriednewsteam
janandwayneskylar,jamesquall
janandwayneskylar,johncreilly
janandwayneskylar,marijuana
janandwayneskylar,richarddunn
janandwayneskylar,greggturkington
janandwayneskylar,julesdidlio
janandwayneskylar,tommywiseau
oncinema,checkitout
oncinema,foryourhealth
oncinema,decker
oncinema,lakewoodohio
oncinema,stevebrule
oncinema,davidliebehart
oncinema,drstevebrule
oncinema,chrimbus
oncinema,scottclam
oncinema,bobodenkirk
oncinema,marriednewsteam
oncinema,jamesquall
oncinema,johncreilly
oncinema,marijuana
oncinema,richarddunn
oncinema,greggturkington
oncinema,julesdidlio
oncinema,tommywiseau
checkitout,foryourhealth
checkitout,decker
checkitout,lakewoodohio
checkitout,stevebrule
checkitout,davidliebehart
checkitout,drstevebrule
checkitout,chrimbus
checkitout,scottclam
checkitout,bobodenkirk
checkitout,marriednewsteam
checkitout,jamesquall
checkitout,johncreilly
checkitout,marijuana
checkitout,richarddunn
checkitout,greggturkington
checkitout,julesdidlio
checkitout,tommywiseau
foryourhealth,decker
foryourhealth,lakewoodohio
foryourhealth,stevebrule
foryourhealth,davidliebehart
foryourhealth,drstevebrule
foryourhealth,chrimbus
foryourhealth,scottclam
foryourhealth,bobodenkirk
foryourhealth,marriednewsteam
foryourhealth,jamesquall
foryourhealth,johncreilly
foryourhealth,marijuana
foryourhealth,richarddunn
foryourhealth,greggturkington
foryourhealth,julesdidlio
foryourhealth,tommywiseau
decker,lakewoodohio
decker,stevebrule
decker,davidliebehart
decker,drstevebrule
decker,chrimbus
decker,scottclam
decker,bobodenkirk
decker,marriednewsteam
decker,jamesquall
decker,johncreilly
decker,marijuana
decker,richarddunn
decker,greggturkington
decker,julesdidlio
decker,tommywiseau
lakewoodohio,stevebrule
lakewoodohio,davidliebehart
lakewoodohio,drstevebrule
lakewoodohio,chrimbus
lakewoodohio,scottclam
lakewoodohio,bobodenkirk
lakewoodohio,marriednewsteam
lakewoodohio,jamesquall
lakewoodohio,johncreilly
lakewoodohio,marijuana
lakewoodohio,richarddunn
lakewoodohio,greggturkington
lakewoodohio,julesdidlio
lakewoodohio,tommywiseau
stevebrule,davidliebehart
stevebrule,drstevebrule
stevebrule,chrimbus
stevebrule,scottclam
stevebrule,bobodenkirk
stevebrule,marriednewsteam
stevebrule,jamesquall
stevebrule,johncreilly
stevebrule,marijuana
stevebrule,richarddunn
stevebrule,greggturkington
stevebrule,julesdidlio
stevebrule,tommywiseau
davidliebehart,drstevebrule
davidliebehart,chrimbus
davidliebehart,scottclam
davidliebehart,bobodenkirk
davidliebehart,marriednewsteam
davidliebehart,jamesquall
davidliebehart,johncreilly
davidliebehart,marijuana
davidliebehart,richarddunn
davidliebehart,greggturkington
davidliebehart,julesdidlio
davidliebehart,tommywiseau
drstevebrule,chrimbus
drstevebrule,scottclam
drstevebrule,bobodenkirk
drstevebrule,marriednewsteam
drstevebrule,jamesquall
drstevebrule,johncreilly
drstevebrule,marijuana
drstevebrule,richarddunn
drstevebrule,greggturkington
drstevebrule,julesdidlio
drstevebrule,tommywiseau
chrimbus,scottclam
chrimbus,bobodenkirk
chrimbus,marriednewsteam
chrimbus,jamesquall
chrimbus,johncreilly
chrimbus,marijuana
chrimbus,richarddunn
chrimbus,greggturkington
chrimbus,julesdidlio
chrimbus,tommywiseau
scottclam,bobodenkirk
scottclam,marriednewsteam
scottclam,jamesquall
scottclam,johncreilly
scottclam,marijuana
scottclam,richarddunn
scottclam,greggturkington
scottclam,julesdidlio
scottclam,tommywiseau
bobodenkirk,marriednewsteam
bobodenkirk,jamesquall
bobodenkirk,johncreilly
bobodenkirk,marijuana
bobodenkirk,richarddunn
bobodenkirk,greggturkington
bobodenkirk,julesdidlio
bobodenkirk,tommywiseau
marriednewsteam,jamesquall
marriednewsteam,johncreilly
marriednewsteam,marijuana
marriednewsteam,richarddunn
marriednewsteam,greggturkington
marriednewsteam,julesdidlio
marriednewsteam,tommywiseau
jamesquall,johncreilly
jamesquall,marijuana
jamesquall,richarddunn
jamesquall,greggturkington
jamesquall,julesdidlio
jamesquall,tommywiseau
johncreilly,marijuana
johncreilly,richarddunn
johncreilly,greggturkington
johncreilly,julesdidlio
johncreilly,tommywiseau
marijuana,richarddunn
marijuana,greggturkington
marijuana,julesdidlio
marijuana,tommywiseau
richarddunn,greggturkington
richarddunn,julesdidlio
richarddunn,tommywiseau
greggturkington,julesdidlio
greggturkington,tommywiseau
julesdidlio,tommywiseau
persianrugs,rugs
persianrugs,ruglife
persianrugs,vintagerug
persianrugs,antiquerug
persianrugs,persianrug
persianrugs,interiordesign
persianrugs,downtowncanton
persianrugs,radcanton
persianrugs,cantonoh
persianrugs,ohio
persianrugs,forsale
persianrugs,clevelandohio
persianrugs,akronohio
persianrugs,hudsonoh
persianrugs,lakewoodohio
persianrugs,rugtastic
rugs,ruglife
rugs,vintagerug
rugs,antiquerug
rugs,persianrug
rugs,interiordesign
rugs,downtowncanton
rugs,radcanton
rugs,cantonoh
rugs,ohio
rugs,forsale
rugs,clevelandohio
rugs,akronohio
rugs,hudsonoh
rugs,lakewoodohio
rugs,rugtastic
ruglife,vintagerug
ruglife,antiquerug
ruglife,persianrug
ruglife,interiordesign
ruglife,downtowncanton
ruglife,radcanton
ruglife,cantonoh
ruglife,ohio
ruglife,forsale
ruglife,clevelandohio
ruglife,akronohio
ruglife,hudsonoh
ruglife,lakewoodohio
ruglife,rugtastic
vintagerug,antiquerug
vintagerug,persianrug
vintagerug,interiordesign
vintagerug,downtowncanton
vintagerug,radcanton
vintagerug,cantonoh
vintagerug,ohio
vintagerug,forsale
vintagerug,clevelandohio
vintagerug,akronohio
vintagerug,hudsonoh
vintagerug,lakewoodohio
vintagerug,rugtastic
antiquerug,persianrug
antiquerug,interiordesign
antiquerug,downtowncanton
antiquerug,radcanton
antiquerug,cantonoh
antiquerug,ohio
antiquerug,forsale
antiquerug,clevelandohio
antiquerug,akronohio
antiquerug,hudsonoh
antiquerug,lakewoodohio
antiquerug,rugtastic
persianrug,interiordesign
persianrug,downtowncanton
persianrug,radcanton
persianrug,cantonoh
persianrug,ohio
persianrug,forsale
persianrug,clevelandohio
persianrug,akronohio
persianrug,hudsonoh
persianrug,lakewoodohio
persianrug,rugtastic
interiordesign,downtowncanton
interiordesign,radcanton
interiordesign,cantonoh
interiordesign,ohio
interiordesign,forsale
interiordesign,clevelandohio
interiordesign,akronohio
interiordesign,hudsonoh
interiordesign,lakewoodohio
interiordesign,rugtastic
downtowncanton,radcanton
downtowncanton,cantonoh
downtowncanton,ohio
downtowncanton,forsale
downtowncanton,clevelandohio
downtowncanton,akronohio
downtowncanton,hudsonoh
downtowncanton,lakewoodohio
downtowncanton,rugtastic
radcanton,cantonoh
radcanton,ohio
radcanton,forsale
radcanton,clevelandohio
radcanton,akronohio
radcanton,hudsonoh
radcanton,lakewoodohio
radcanton,rugtastic
cantonoh,ohio
cantonoh,forsale
cantonoh,clevelandohio
cantonoh,akronohio
cantonoh,hudsonoh
cantonoh,lakewoodohio
cantonoh,rugtastic
ohio,forsale
ohio,clevelandohio
ohio,akronohio
ohio,hudsonoh
ohio,lakewoodohio
ohio,rugtastic
forsale,clevelandohio
forsale,akronohio
forsale,hudsonoh
forsale,lakewoodohio
forsale,rugtastic
clevelandohio,akronohio
clevelandohio,hudsonoh
clevelandohio,lakewoodohio
clevelandohio,rugtastic
akronohio,hudsonoh
akronohio,lakewoodohio
akronohio,rugtastic
hudsonoh,lakewoodohio
hudsonoh,rugtastic
lakewoodohio,rugtastic
stopdropyoga,pinchamayurasana
stopdropyoga,hollowback
stopdropyoga,waynedyer
stopdropyoga,sourceyoga
stopdropyoga,sourceenergy
stopdropyoga,fitgirls
stopdropyoga,fitnessmotivation
stopdropyoga,fitness
stopdropyoga,yoga
stopdropyoga,yogaeverydamnday
stopdropyoga,yogainspiration
stopdropyoga,beyourself
stopdropyoga,love
stopdropyoga,nojudgezone
stopdropyoga,spiritual
stopdropyoga,zen
stopdropyoga,buddhist
stopdropyoga,soulmate
stopdropyoga,chakras
stopdropyoga,strongwomen
stopdropyoga,inversions
stopdropyoga,lakewoodohio
pinchamayurasana,hollowback
pinchamayurasana,waynedyer
pinchamayurasana,sourceyoga
pinchamayurasana,sourceenergy
pinchamayurasana,fitgirls
pinchamayurasana,fitnessmotivation
pinchamayurasana,fitness
pinchamayurasana,yoga
pinchamayurasana,yogaeverydamnday
pinchamayurasana,yogainspiration
pinchamayurasana,beyourself
pinchamayurasana,love
pinchamayurasana,nojudgezone
pinchamayurasana,spiritual
pinchamayurasana,zen
pinchamayurasana,buddhist
pinchamayurasana,soulmate
pinchamayurasana,chakras
pinchamayurasana,strongwomen
pinchamayurasana,inversions
pinchamayurasana,lakewoodohio
hollowback,waynedyer
hollowback,sourceyoga
hollowback,sourceenergy
hollowback,fitgirls
hollowback,fitnessmotivation
hollowback,fitness
hollowback,yoga
hollowback,yogaeverydamnday
hollowback,yogainspiration
hollowback,beyourself
hollowback,love
hollowback,nojudgezone
hollowback,spiritual
hollowback,zen
hollowback,buddhist
hollowback,soulmate
hollowback,chakras
hollowback,strongwomen
hollowback,inversions
hollowback,lakewoodohio
waynedyer,sourceyoga
waynedyer,sourceenergy
waynedyer,fitgirls
waynedyer,fitnessmotivation
waynedyer,fitness
waynedyer,yoga
waynedyer,yogaeverydamnday
waynedyer,yogainspiration
waynedyer,beyourself
waynedyer,love
waynedyer,nojudgezone
waynedyer,spiritual
waynedyer,zen
waynedyer,buddhist
waynedyer,soulmate
waynedyer,chakras
waynedyer,strongwomen
waynedyer,inversions
waynedyer,lakewoodohio
sourceyoga,sourceenergy
sourceyoga,fitgirls
sourceyoga,fitnessmotivation
sourceyoga,fitness
sourceyoga,yoga
sourceyoga,yogaeverydamnday
sourceyoga,yogainspiration
sourceyoga,beyourself
sourceyoga,love
sourceyoga,nojudgezone
sourceyoga,spiritual
sourceyoga,zen
sourceyoga,buddhist
sourceyoga,soulmate
sourceyoga,chakras
sourceyoga,strongwomen
sourceyoga,inversions
sourceyoga,lakewoodohio
sourceenergy,fitgirls
sourceenergy,fitnessmotivation
sourceenergy,fitness
sourceenergy,yoga
sourceenergy,yogaeverydamnday
sourceenergy,yogainspiration
sourceenergy,beyourself
sourceenergy,love
sourceenergy,nojudgezone
sourceenergy,spiritual
sourceenergy,zen
sourceenergy,buddhist
sourceenergy,soulmate
sourceenergy,chakras
sourceenergy,strongwomen
sourceenergy,inversions
sourceenergy,lakewoodohio
fitgirls,fitnessmotivation
fitgirls,fitness
fitgirls,yoga
fitgirls,yogaeverydamnday
fitgirls,yogainspiration
fitgirls,beyourself
fitgirls,love
fitgirls,nojudgezone
fitgirls,spiritual
fitgirls,zen
fitgirls,buddhist
fitgirls,soulmate
fitgirls,chakras
fitgirls,strongwomen
fitgirls,inversions
fitgirls,lakewoodohio
fitnessmotivation,fitness
fitnessmotivation,yoga
fitnessmotivation,yogaeverydamnday
fitnessmotivation,yogainspiration
fitnessmotivation,beyourself
fitnessmotivation,love
fitnessmotivation,nojudgezone
fitnessmotivation,spiritual
fitnessmotivation,zen
fitnessmotivation,buddhist
fitnessmotivation,soulmate
fitnessmotivation,chakras
fitnessmotivation,strongwomen
fitnessmotivation,inversions
fitnessmotivation,lakewoodohio
fitness,yoga
fitness,yogaeverydamnday
fitness,yogainspiration
fitness,beyourself
fitness,love
fitness,nojudgezone
fitness,spiritual
fitness,zen
fitness,buddhist
fitness,soulmate
fitness,chakras
fitness,strongwomen
fitness,inversions
fitness,lakewoodohio
yoga,yogaeverydamnday
yoga,yogainspiration
yoga,beyourself
yoga,love
yoga,nojudgezone
yoga,spiritual
yoga,zen
yoga,buddhist
yoga,soulmate
yoga,chakras
yoga,strongwomen
yoga,inversions
yoga,lakewoodohio
yogaeverydamnday,yogainspiration
yogaeverydamnday,beyourself
yogaeverydamnday,love
yogaeverydamnday,nojudgezone
yogaeverydamnday,spiritual
yogaeverydamnday,zen
yogaeverydamnday,buddhist
yogaeverydamnday,soulmate
yogaeverydamnday,chakras
yogaeverydamnday,strongwomen
yogaeverydamnday,inversions
yogaeverydamnday,lakewoodohio
yogainspiration,beyourself
yogainspiration,love
yogainspiration,nojudgezone
yogainspiration,spiritual
yogainspiration,zen
yogainspiration,buddhist
yogainspiration,soulmate
yogainspiration,chakras
yogainspiration,strongwomen
yogainspiration,inversions
yogainspiration,lakewoodohio
beyourself,love
beyourself,nojudgezone
beyourself,spiritual
beyourself,zen
beyourself,buddhist
beyourself,soulmate
beyourself,chakras
beyourself,strongwomen
beyourself,inversions
beyourself,lakewoodohio
love,nojudgezone
love,spiritual
love,zen
love,buddhist
love,soulmate
love,chakras
love,strongwomen
love,inversions
love,lakewoodohio
nojudgezone,spiritual
nojudgezone,zen
nojudgezone,buddhist
nojudgezone,soulmate
nojudgezone,chakras
nojudgezone,strongwomen
nojudgezone,inversions
nojudgezone,lakewoodohio
spiritual,zen
spiritual,buddhist
spiritual,soulmate
spiritual,chakras
spiritual,strongwomen
spiritual,inversions
spiritual,lakewoodohio
zen,buddhist
zen,soulmate
zen,chakras
zen,strongwomen
zen,inversions
zen,lakewoodohio
buddhist,soulmate
buddhist,chakras
buddhist,strongwomen
buddhist,inversions
buddhist,lakewoodohio
soulmate,chakras
soulmate,strongwomen
soulmate,inversions
soulmate,lakewoodohio
chakras,strongwomen
chakras,inversions
chakras,lakewoodohio
strongwomen,inversions
strongwomen,lakewoodohio
inversions,lakewoodohio
repost,LPChome
liquor,lakewoodohio
liquor,craftbeer
liquor,simonesbeverage
lakewoodohio,craftbeer
lakewoodohio,simonesbeverage
craftbeer,simonesbeverage
iphone,snapseed
iphone,lakewoodohio
iphone,clevelandgram
snapseed,lakewoodohio
snapseed,clevelandgram
lakewoodohio,clevelandgram
lakewoodohio,cleveland
lakewoodohio,Ohio
lakewoodohio,clevelandohio
lakewoodohio,home
cleveland,Ohio
cleveland,clevelandohio
cleveland,home
Ohio,clevelandohio
Ohio,home
clevelandohio,home
norarainetaylor,mamama
norarainetaylor,homesweethome
norarainetaylor,oneluckyguy
norarainetaylor,lakewoodohio
mamama,homesweethome
mamama,oneluckyguy
mamama,lakewoodohio
homesweethome,oneluckyguy
homesweethome,lakewoodohio
oneluckyguy,lakewoodohio
missyou,edsup
missyou,lakewoodohio
edsup,lakewoodohio
